"qb","school","bin","epa","cpoe","passes"
"1","AJ Hill","Arkansas","BC",-0.62464427947998,-83.571183681488,1
"2","AJ Hill","Arkansas","BL",-0.693706750869751,-88.9585018157959,1
"3","AJ Hill","Arkansas","BR",-1.01330578327179,17.9651409387589,2
"4","AJ Hill","Arkansas","DC",-0.834638357162476,-56.9442093372345,1
"5","AJ Hill","Arkansas","DL",3.59972321987152,16.6220292448997,2
"6","AJ Hill","Arkansas","DR",-1.62759268283844,-27.5244176387787,1
"7","AJ Hill","Arkansas","MC",4.00275230407715,36.637407541275,1
"8","AJ Hill","Arkansas","ML",1.48833841085434,-32.3065578937531,4
"9","AJ Hill","Arkansas","MR",1.74095416069031,40.3710186481476,1
"10","AJ Hill","Arkansas","SC",-0.187293171882629,8.64153703053792,6
"11","AJ Hill","Arkansas","SL",-0.510280430316925,-64.2198145389557,1
"12","AJ Hill","Arkansas","SR",5.79462385177612,3.65954041481018,7
"13","AJ Surace","Rutgers","BC",0.795161604881287,-24.4609981775284,2
"14","AJ Surace","Rutgers","BR",0.198738813400269,13.6133909225464,1
"15","AJ Surace","Rutgers","DL",5.63710784912109,67.7492499351501,1
"16","AJ Surace","Rutgers","DR",1.70190691947937,12.601999938488,2
"17","AJ Surace","Rutgers","MC",4.08849692344666,8.64877551794052,4
"18","AJ Surace","Rutgers","ML",-1.13933676481247,15.5875407159328,2
"19","AJ Surace","Rutgers","MR",0.339611172676086,-13.8460695743561,2
"20","AJ Surace","Rutgers","SC",7.68624146282673,1.00386023521423,10
"21","AJ Surace","Rutgers","SL",9.88567161560059,10.6416542083025,8
"22","AJ Surace","Rutgers","SR",0.891121029853821,4.84812089375087,7
"23","Aaron Philo","Florida","BC",2.22739887237549,11.2194836139679,1
"24","Aaron Philo","Florida","BL",1.06480199098587,3.81656850377719,15
"25","Aaron Philo","Florida","BR",7.89531606435776,4.19096029721774,13
"26","Aaron Philo","Florida","DC",11.7824666500092,23.4016947448254,6
"27","Aaron Philo","Florida","DL",2.5206133723259,16.4067316800356,4
"28","Aaron Philo","Florida","DR",9.02736502885818,14.9303240435464,7
"29","Aaron Philo","Florida","MC",6.36908650398254,14.9256721138954,4
"30","Aaron Philo","Florida","ML",1.9838547706604,-8.82286578416824,4
"31","Aaron Philo","Florida","MR",-0.116389989852905,-21.4755783478419,3
"32","Aaron Philo","Florida","SC",1.87249195575714,5.26309013366699,5
"33","Aaron Philo","Florida","SL",7.07060062885284,-9.02764101823171,12
"34","Aaron Philo","Florida","SR",5.73015934228897,13.1913338872519,11
"35","Aidan Armenta","Louisiana Monroe","BC",-0.817769050598145,26.3725459575653,1
"36","Aidan Armenta","Louisiana Monroe","BL",-5.04017406702042,4.41473637308393,7
"37","Aidan Armenta","Louisiana Monroe","BR",3.19085893034935,15.5804932117462,5
"38","Aidan Armenta","Louisiana Monroe","DC",11.1688778400421,25.0451495250066,3
"39","Aidan Armenta","Louisiana Monroe","DL",7.60601735115051,67.1556815505028,2
"40","Aidan Armenta","Louisiana Monroe","DR",-0.512762784957886,-0.899867216746012,3
"41","Aidan Armenta","Louisiana Monroe","MC",0.746471881866455,-15.241664648056,2
"42","Aidan Armenta","Louisiana Monroe","ML",-1.76552999019623,-28.9163205772638,2
"43","Aidan Armenta","Louisiana Monroe","MR",2.01130330562592,11.7274847626686,5
"44","Aidan Armenta","Louisiana Monroe","SC",2.77387531846762,3.85163426399231,9
"45","Aidan Armenta","Louisiana Monroe","SL",-3.20424485206604,5.84065496921539,10
"46","Aidan Armenta","Louisiana Monroe","SR",0.0843838453292847,-13.763419787089,9
"47","Aidan Armenta","Louisiana Monroe",NA,0.570798397064209,27.2705078125,1
"48","Aidan Chiles","Northwestern","BC",0.821675419807434,22.3916590213776,1
"49","Aidan Chiles","Northwestern","BL",-4.79998415708542,-0.153889879584312,6
"50","Aidan Chiles","Northwestern","BR",1.85167741775513,10.5715215206146,2
"51","Aidan Chiles","Northwestern","DC",7.61930751800537,59.7091197967529,2
"52","Aidan Chiles","Northwestern","DL",3.92871224880219,29.5318735142549,3
"53","Aidan Chiles","Northwestern","DR",3.22980833053589,8.15659016370773,4
"54","Aidan Chiles","Northwestern","MC",10.9676005840302,7.04219102859497,10
"55","Aidan Chiles","Northwestern","ML",3.07853180170059,9.12572015076876,8
"56","Aidan Chiles","Northwestern","MR",3.90888214111328,14.430387531008,7
"57","Aidan Chiles","Northwestern","SC",4.99086833000183,33.2425057888031,4
"58","Aidan Chiles","Northwestern","SL",1.74921941757202,6.95045557287004,9
"59","Aidan Chiles","Northwestern","SR",2.93733288347721,0.575082264840603,20
"60","Ajani Sheppard","Temple","BL",1.72528457641602,9.53576564788818,1
"61","Ajani Sheppard","Temple","BR",-0.0732108652591705,-6.57407879829407,5
"62","Ajani Sheppard","Temple","DC",7.56071865558624,-2.74689197540283,4
"63","Ajani Sheppard","Temple","DL",5.07618808746338,6.37054324150085,5
"64","Ajani Sheppard","Temple","DR",7.8779331445694,14.2279416322708,4
"65","Ajani Sheppard","Temple","MC",-1.13451147079468,-42.0367568731308,1
"66","Ajani Sheppard","Temple","ML",2.11705112457275,3.06732594966888,5
"67","Ajani Sheppard","Temple","SC",1.42180323600769,-11.1595640579859,9
"68","Ajani Sheppard","Temple","SL",7.5418359041214,-15.2087055146694,7
"69","Ajani Sheppard","Temple","SR",2.57114705443382,-9.03665326973971,17
"70","Alberto Mendoza","Georgia Tech","BC",1.43412733078003,12.812864780426,2
"71","Alberto Mendoza","Georgia Tech","BL",3.6589150428772,17.088494139413,12
"72","Alberto Mendoza","Georgia Tech","BR",-4.75227290391922,-19.5193931460381,10
"73","Alberto Mendoza","Georgia Tech","DC",7.75873851776123,21.4626275002956,4
"74","Alberto Mendoza","Georgia Tech","DL",-1.46326863765717,-45.2824160456657,2
"75","Alberto Mendoza","Georgia Tech","DR",7.41233396530151,10.1541861891747,4
"76","Alberto Mendoza","Georgia Tech","MC",5.70967012643814,-0.756090608510104,11
"77","Alberto Mendoza","Georgia Tech","ML",3.07059597969055,-8.37128261725108,6
"78","Alberto Mendoza","Georgia Tech","MR",8.03377449512482,6.92303617085729,14
"79","Alberto Mendoza","Georgia Tech","SC",8.04326021671295,-0.173447132110596,20
"80","Alberto Mendoza","Georgia Tech","SL",11.9935773313046,19.9860135217508,15
"81","Alberto Mendoza","Georgia Tech","SR",-6.40103965997696,3.2796113114608,19
"82","Alessio Milivojevic","Michigan State","BC",-1.88130843639374,6.52932822704315,2
"83","Alessio Milivojevic","Michigan State","BL",-2.97020488977432,12.3094439506531,6
"84","Alessio Milivojevic","Michigan State","BR",-1.15322458744049,3.06690409779549,2
"85","Alessio Milivojevic","Michigan State","DL",6.23820185661316,11.8438832461834,4
"86","Alessio Milivojevic","Michigan State","DR",-3.72419679164886,-44.6835339069366,3
"87","Alessio Milivojevic","Michigan State","MC",3.21231579780579,-5.30929207801819,5
"88","Alessio Milivojevic","Michigan State","ML",1.48167556524277,9.83425378799438,9
"89","Alessio Milivojevic","Michigan State","MR",14.0102233886719,17.6592760361158,13
"90","Alessio Milivojevic","Michigan State","SC",2.25302529335022,-3.9964077824896,11
"91","Alessio Milivojevic","Michigan State","SL",2.9660456776619,1.55612111091614,15
"92","Alessio Milivojevic","Michigan State","SR",17.7935045361519,13.1240932440216,22
"93","Alonza Barnett","UCF","BC",-1.52130520343781,-83.212798833847,2
"94","Alonza Barnett","UCF","BL",-1.54096913337708,10.708874464035,3
"95","Alonza Barnett","UCF","BR",-2.16839021444321,-54.0620903174082,3
"96","Alonza Barnett","UCF","DC",-0.506089687347412,-50.4360973834991,1
"97","Alonza Barnett","UCF","DL",-2.5324432849884,-24.2716509848833,2
"98","Alonza Barnett","UCF","DR",6.03941535949707,49.7179061174393,2
"99","Alonza Barnett","UCF","MC",5.39390301704407,12.2467279434204,4
"100","Alonza Barnett","UCF","MR",-1.24470889568329,-26.1124392350515,3
"101","Alonza Barnett","UCF","SC",1.6255030632019,30.5130630731583,2
"102","Alonza Barnett","UCF","SL",-0.550472885370255,-4.875648021698,13
"103","Alonza Barnett","UCF","SR",-1.73091608285904,14.9266457806031,12
"104","Angel Flores","Central Michigan","BL",-0.872069954872131,12.2624069452286,2
"105","Angel Flores","Central Michigan","BR",-0.259433448314667,0.796569718254937,9
"106","Angel Flores","Central Michigan","DC",-0.713835477828979,-50.843071937561,1
"107","Angel Flores","Central Michigan","DL",-1.41744875907898,-33.6987763643265,1
"108","Angel Flores","Central Michigan","MC",0.358495473861694,-16.1718726158142,2
"109","Angel Flores","Central Michigan","MR",-1.99336922168732,-7.38505423069,2
"110","Angel Flores","Central Michigan","SC",4.19473719596863,56.9826807826757,2
"111","Angel Flores","Central Michigan","SL",0.0714067220687866,-24.7640391190847,6
"112","Angel Flores","Central Michigan","SR",0.54243016242981,2.76435514291128,6
"113","Anthony Colandrea","Nebraska","BC",2.85805559158325,11.4782929420471,3
"114","Anthony Colandrea","Nebraska","BL",-0.0933912992477417,-0.765285558170743,9
"115","Anthony Colandrea","Nebraska","BR",2.15660783648491,-17.0076036559684,14
"116","Anthony Colandrea","Nebraska","DC",5.57686614990234,14.348703622818,4
"117","Anthony Colandrea","Nebraska","DL",8.11443734169006,44.7831194847822,4
"118","Anthony Colandrea","Nebraska","DR",7.91966617107391,23.8007371624311,6
"119","Anthony Colandrea","Nebraska","MC",-0.889614343643188,-65.2974009513855,2
"120","Anthony Colandrea","Nebraska","ML",4.00040698051453,39.4509881734848,2
"121","Anthony Colandrea","Nebraska","MR",1.70381969213486,0.315617431293834,11
"122","Anthony Colandrea","Nebraska","SC",10.6483543515205,-15.4897191307761,11
"123","Anthony Colandrea","Nebraska","SL",5.53874391317368,-0.230806231498718,25
"124","Anthony Colandrea","Nebraska","SR",0.0902301669120789,-4.03809199730555,12
"125","Anthony Colandrea","Nebraska",NA,3.0657012462616,11.189192533493,1
"126","Arch Manning","Texas","BC",1.08573174476624,10.8522772789001,1
"127","Arch Manning","Texas","BL",-7.26894795894623,-15.7025796826929,16
"128","Arch Manning","Texas","BR",-3.86162656545639,-3.27608627932412,14
"129","Arch Manning","Texas","DC",4.15102553367615,5.20464554429054,4
"130","Arch Manning","Texas","DL",13.2553961873055,39.9070113897324,5
"131","Arch Manning","Texas","DR",0.550626397132874,-3.26382915178935,3
"132","Arch Manning","Texas","MC",15.1380069255829,17.7413910627365,10
"133","Arch Manning","Texas","ML",-2.80628353357315,-24.666072262658,9
"134","Arch Manning","Texas","MR",-3.03778898715973,-20.3760361032827,7
"135","Arch Manning","Texas","SC",2.495236992836,-7.55925281689717,13
"136","Arch Manning","Texas","SL",12.8052068352699,14.0444293618202,15
"137","Arch Manning","Texas","SR",6.76722872257233,-0.943164428075155,15
"138","Ashton Daniels","Florida State","BC",0.42823314666748,10.4815259575844,4
"139","Ashton Daniels","Florida State","BL",-3.05812638998032,7.80576293667157,6
"140","Ashton Daniels","Florida State","BR",11.6759967803955,6.17318861186504,8
"141","Ashton Daniels","Florida State","DC",7.89222025871277,50.8465886116028,2
"142","Ashton Daniels","Florida State","DL",7.62808525562286,36.5829832851887,4
"143","Ashton Daniels","Florida State","DR",6.37763088941574,15.2338547011216,6
"144","Ashton Daniels","Florida State","MC",15.6413960456848,23.5742568969727,10
"145","Ashton Daniels","Florida State","ML",-1.49345874786377,-6.2287325039506,2
"146","Ashton Daniels","Florida State","MR",2.89767044782639,-0.0229047877447946,7
"147","Ashton Daniels","Florida State","SC",6.12461560964584,26.3946584292821,7
"148","Ashton Daniels","Florida State","SL",-4.0767068862915,-49.3110696474711,3
"149","Ashton Daniels","Florida State","SR",-0.0766602158546448,-5.27738355100155,10
"150","Austin Carlisle","Louisiana Monroe","BC",0.23291540145874,11.440896987915,1
"151","Austin Carlisle","Louisiana Monroe","BL",-1.02425074577332,12.1631279587746,4
"152","Austin Carlisle","Louisiana Monroe","BR",9.01547986268997,2.84276869561937,9
"153","Austin Carlisle","Louisiana Monroe","DC",1.1792938709259,23.4295405447483,2
"154","Austin Carlisle","Louisiana Monroe","MC",4.77059721946716,10.18921037515,3
"155","Austin Carlisle","Louisiana Monroe","MR",0.233010858297348,-25.8942147095998,3
"156","Austin Carlisle","Louisiana Monroe","SC",-0.0760835409164429,-20.7310646772385,4
"157","Austin Carlisle","Louisiana Monroe","SL",6.02314653992653,18.9668387174606,10
"158","Austin Carlisle","Louisiana Monroe","SR",-1.22902205586433,-17.1729339794679,11
"159","Austin Carlisle","Louisiana Monroe",NA,-1.29676365852356,-70.5556333065033,1
"160","Austin Simmons","Missouri","BC",2.66287183761597,11.3626390695572,4
"161","Austin Simmons","Missouri","BL",-6.17535054683685,8.45358769098918,6
"162","Austin Simmons","Missouri","BR",-3.26626759767532,-4.87401088078817,6
"163","Austin Simmons","Missouri","DC",-0.111408531665802,-19.1036384966638,9
"164","Austin Simmons","Missouri","DL",3.59149181842804,16.605236530304,5
"165","Austin Simmons","Missouri","DR",1.94860851764679,-13.2852412760258,4
"166","Austin Simmons","Missouri","MC",17.1665399074554,6.85120622316996,12
"167","Austin Simmons","Missouri","ML",8.86378407478333,6.49716716546279,13
"168","Austin Simmons","Missouri","MR",-1.07489657402039,0.907631431307111,7
"169","Austin Simmons","Missouri","SC",3.69577884674072,7.08503524462382,3
"170","Austin Simmons","Missouri","SL",1.96278382092714,-7.02212989330292,20
"171","Austin Simmons","Missouri","SR",13.5880362614989,13.5474039241672,16
"172","Avery Johnson","Kansas State","BC",0.249384999275208,12.1617361903191,4
"173","Avery Johnson","Kansas State","BL",7.25120308995247,14.0477673573927,11
"174","Avery Johnson","Kansas State","BR",-1.14134895801544,10.7812144539573,11
"175","Avery Johnson","Kansas State","DC",1.11360955238342,-4.42250370979309,2
"176","Avery Johnson","Kansas State","DL",0.756474375724792,-14.5320728421211,4
"177","Avery Johnson","Kansas State","DR",-3.61500607430935,-26.92243270576,10
"178","Avery Johnson","Kansas State","MC",-2.84471747279167,10.8963871002197,5
"179","Avery Johnson","Kansas State","ML",8.88570708036423,-10.2841700498874,13
"180","Avery Johnson","Kansas State","MR",3.12398859113455,-15.9140073827335,14
"181","Avery Johnson","Kansas State","SC",14.8415749073029,7.28218890726566,16
"182","Avery Johnson","Kansas State","SL",1.1436727643013,-7.62375733431648,17
"183","Avery Johnson","Kansas State","SR",7.08155936002731,17.9492369971492,22
"184","Baylor Hayes","Tulsa","BC",-1.65909767150879,10.4514241218567,1
"185","Baylor Hayes","Tulsa","BL",1.53980189561844,14.7870610157649,6
"186","Baylor Hayes","Tulsa","BR",0.621496915817261,11.7592453956604,4
"187","Baylor Hayes","Tulsa","DC",2.11394953727722,30.3940787911415,2
"188","Baylor Hayes","Tulsa","DL",-1.65354818105698,-41.9427355130514,3
"189","Baylor Hayes","Tulsa","DR",3.91243624687195,67.8346514701843,1
"190","Baylor Hayes","Tulsa","MC",2.23156452178955,-4.983289539814,4
"191","Baylor Hayes","Tulsa","ML",-0.516859531402588,-56.5070986747742,1
"192","Baylor Hayes","Tulsa","SC",0.578118145465851,5.1980747282505,5
"193","Baylor Hayes","Tulsa","SL",-2.14222860336304,-0.158090591430664,10
"194","Baylor Hayes","Tulsa","SR",-3.00064277648926,4.23346360524495,9
"195","Baylor Hayes","Tulsa",NA,-2.81402158737183,-45.0063958764076,6
"196","Bear Bachmeier","BYU","BC",3.19956994056702,24.2564558982849,1
"197","Bear Bachmeier","BYU","BL",4.0170955657959,9.69472279151281,6
"198","Bear Bachmeier","BYU","BR",0.688251495361328,30.2301062270999,4
"199","Bear Bachmeier","BYU","DC",3.01077771186829,38.2706165313721,1
"200","Bear Bachmeier","BYU","DL",3.16788446903229,-13.3560188114643,4
"201","Bear Bachmeier","BYU","DR",2.62667071819305,29.18671220541,2
"202","Bear Bachmeier","BYU","MC",0.449208736419678,-17.1440064907074,4
"203","Bear Bachmeier","BYU","ML",6.35596823692322,6.98312044143677,5
"204","Bear Bachmeier","BYU","MR",1.0239155292511,35.7117354869843,1
"205","Bear Bachmeier","BYU","SC",-0.927488267421722,-18.8607352120536,7
"206","Bear Bachmeier","BYU","SL",-0.753961205482483,-6.83149099349976,11
"207","Bear Bachmeier","BYU","SR",6.34908699989319,24.0926889272837,13
"208","Bear Bachmeier","BYU",NA,1.58514213562012,22.7937281131744,1
"209","Beau Pribula","Virginia","BC",-3.70300877094269,5.61735555529594,4
"210","Beau Pribula","Virginia","BL",5.93122106790543,-5.73999616834852,9
"211","Beau Pribula","Virginia","BR",-1.13150107860565,12.7335608005524,6
"212","Beau Pribula","Virginia","DC",3.30074167251587,17.1192273497581,4
"213","Beau Pribula","Virginia","DL",0.274193048477173,13.8651426881552,2
"214","Beau Pribula","Virginia","DR",5.07771742343903,-5.4940660794576,6
"215","Beau Pribula","Virginia","MC",3.81842768192291,37.3211314280828,3
"216","Beau Pribula","Virginia","ML",0.303032517433167,-16.7456656694412,3
"217","Beau Pribula","Virginia","MR",8.39695024490356,24.7232381999493,5
"218","Beau Pribula","Virginia","SC",3.48919868469238,29.1174983978271,5
"219","Beau Pribula","Virginia","SL",13.8954344391823,12.2167913073843,22
"220","Beau Pribula","Virginia","SR",-1.48489952087402,8.87796928485235,12
"221","Billy Edwards Jr.","North Carolina","BC",1.17128849029541,-1.85196995735168,2
"222","Billy Edwards Jr.","North Carolina","BL",-1.01277148723602,-41.6520476341248,4
"223","Billy Edwards Jr.","North Carolina","BR",5.65431806445122,-5.50656380752722,12
"224","Billy Edwards Jr.","North Carolina","DC",2.33971017599106,6.39976942911744,4
"225","Billy Edwards Jr.","North Carolina","DL",0.506120204925537,11.4852428436279,2
"226","Billy Edwards Jr.","North Carolina","DR",-1.16089260578156,-22.4787648767233,2
"227","Billy Edwards Jr.","North Carolina","MC",5.90928786993027,-12.4898165464401,6
"228","Billy Edwards Jr.","North Carolina","ML",0.0705199837684631,1.2958524748683,8
"229","Billy Edwards Jr.","North Carolina","MR",-1.43162477016449,-23.5973301861021,9
"230","Billy Edwards Jr.","North Carolina","SC",-3.77590078115463,-15.7169925048947,12
"231","Billy Edwards Jr.","North Carolina","SL",8.78358888626099,15.2871019310421,9
"232","Billy Edwards Jr.","North Carolina","SR",2.6875387430191,4.6424001455307,8
"233","Bishop Davenport","South Alabama","BC",1.10150718688965,10.8103394508362,1
"234","Bishop Davenport","South Alabama","BL",-1.83807337284088,11.9899553912027,7
"235","Bishop Davenport","South Alabama","BR",-2.43545880913734,13.4490713477135,4
"236","Bishop Davenport","South Alabama","DC",-0.124528169631958,-36.7895066738129,1
"237","Bishop Davenport","South Alabama","DL",4.09299755096436,65.5344247817993,1
"238","Bishop Davenport","South Alabama","DR",-2.6134192943573,-39.9499580264091,2
"239","Bishop Davenport","South Alabama","MC",1.39918041229248,-20.743992626667,10
"240","Bishop Davenport","South Alabama","ML",2.40834701061249,-4.40802127122879,4
"241","Bishop Davenport","South Alabama","MR",8.72409754991531,10.7677059041129,9
"242","Bishop Davenport","South Alabama","SC",-0.580593943595886,-23.5779851675034,4
"243","Bishop Davenport","South Alabama","SL",2.50349283218384,-33.6113293965658,3
"244","Bishop Davenport","South Alabama","SR",10.1062971949577,18.6189715678875,13
"245","Blake Baker","Louisiana Tech","BC",-1.77471494674683,8.49153598149618,3
"246","Blake Baker","Louisiana Tech","BL",-0.543340086936951,16.9302582740784,2
"247","Blake Baker","Louisiana Tech","BR",-1.84654366970062,-12.3901069164276,2
"248","Blake Baker","Louisiana Tech","DC",7.15612107515335,-5.91532289981842,2
"249","Blake Baker","Louisiana Tech","DL",0.492581844329834,12.0387583971024,2
"250","Blake Baker","Louisiana Tech","DR",1.5663743019104,49.872624874115,1
"251","Blake Baker","Louisiana Tech","MC",0.522758901119232,-17.1578332781792,4
"252","Blake Baker","Louisiana Tech","ML",-0.778154611587524,-66.9302940368652,1
"253","Blake Baker","Louisiana Tech","MR",0.912948966026306,20.2218558639288,2
"254","Blake Baker","Louisiana Tech","SC",-1.56768246740103,-12.2345751151443,4
"255","Blake Baker","Louisiana Tech","SL",-0.431138604879379,24.492022395134,2
"256","Blake Baker","Louisiana Tech","SR",0.979027092456818,7.14481025934219,7
"257","Blaze Berlowitz","Vanderbilt","BC",1.70903658866882,10.9700441360474,2
"258","Blaze Berlowitz","Vanderbilt","BR",1.28745341300964,15.9507125616074,2
"259","Blaze Berlowitz","Vanderbilt","DL",-0.654933646321297,-35.456857085228,2
"260","Blaze Berlowitz","Vanderbilt","DR",1.97372823953629,4.08626049757004,2
"261","Blaze Berlowitz","Vanderbilt","MC",-0.109918713569641,-17.3518717288971,2
"262","Blaze Berlowitz","Vanderbilt","ML",1.49294519424438,36.7822170257568,1
"263","Blaze Berlowitz","Vanderbilt","MR",-3.60481029748917,-20.8844757638872,4
"264","Blaze Berlowitz","Vanderbilt","SC",1.56231701374054,29.8815727233887,1
"265","Blaze Berlowitz","Vanderbilt","SL",2.90168452262878,25.2238601446152,4
"266","Blaze Berlowitz","Vanderbilt","SR",-2.55705527961254,-30.4137670993805,5
"267","Brad Jackson","Texas State","BC",-1.67106032371521,-74.0171134471893,1
"268","Brad Jackson","Texas State","BL",-0.739203959703445,-13.0608128649848,14
"269","Brad Jackson","Texas State","BR",0.768104434013367,4.9394927918911,8
"270","Brad Jackson","Texas State","DC",-0.527699112892151,-17.2573359310627,5
"271","Brad Jackson","Texas State","DL",8.78273797035217,34.8433941602707,3
"272","Brad Jackson","Texas State","DR",2.86437141895294,-0.802637139956156,3
"273","Brad Jackson","Texas State","MC",11.0969841480255,17.3528969287872,6
"274","Brad Jackson","Texas State","ML",7.65079021453857,25.1927173137665,5
"275","Brad Jackson","Texas State","MR",13.9982751607895,19.2549178997676,9
"276","Brad Jackson","Texas State","SC",-2.1406432390213,-7.84091312024328,9
"277","Brad Jackson","Texas State","SL",8.39489837735891,21.4601660316641,11
"278","Brad Jackson","Texas State","SR",4.81476978957653,8.67850697215866,17
"279","Braden Atkinson","Oregon State","BC",-3.96430945396423,12.0112586021423,5
"280","Braden Atkinson","Oregon State","BL",-2.87423104047775,-1.74369854586465,14
"281","Braden Atkinson","Oregon State","BR",-4.2680267393589,6.68124854564667,14
"282","Braden Atkinson","Oregon State","DC",5.63433723896742,-8.81216675043106,9
"283","Braden Atkinson","Oregon State","DL",2.82649898529053,-14.4021511077881,8
"284","Braden Atkinson","Oregon State","DR",9.98604252934456,4.35008319715659,18
"285","Braden Atkinson","Oregon State","MC",21.1595863699913,15.9776546738364,11
"286","Braden Atkinson","Oregon State","ML",-0.381925582885742,-22.0567896962166,6
"287","Braden Atkinson","Oregon State","MR",9.6864216029644,11.1881462029285,18
"288","Braden Atkinson","Oregon State","SC",15.5953488647938,7.86637848331815,21
"289","Braden Atkinson","Oregon State","SL",3.313521489501,13.9476691098774,17
"290","Braden Atkinson","Oregon State","SR",3.63127905130386,5.10631736956145,19
"291","Braden Streeter","Delaware","BL",-1.4958484172821,-10.1225800812244,1
"292","Braden Streeter","Delaware","BR",0.858069181442261,24.9992787837982,1
"293","Braden Streeter","Delaware","DL",-3.89683598279953,-34.4375485181808,5
"294","Braden Streeter","Delaware","DR",2.13030457496643,-0.630795955657959,3
"295","Braden Streeter","Delaware","MC",0.717359900474548,89.6355547010899,1
"296","Braden Streeter","Delaware","MR",-1.50950527191162,-33.4018882364035,2
"297","Braden Streeter","Delaware","SC",-1.86122715473175,-37.4824285507202,3
"298","Braden Streeter","Delaware","SL",-2.51272106170654,-33.8047909736633,5
"299","Braden Streeter","Delaware","SR",-2.54456782341003,-22.306897242864,6
"300","Brayden Roggow","Akron","BC",-5.92140781879425,-54.0419518947601,3
"301","Brayden Roggow","Akron","BL",3.34863865375519,13.4107261896133,6
"302","Brayden Roggow","Akron","BR",-0.5466068983078,12.6669800281525,5
"303","Brayden Roggow","Akron","DC",5.12630468606949,21.801221370697,3
"304","Brayden Roggow","Akron","DL",-3.05761075019836,-28.2536876698335,3
"305","Brayden Roggow","Akron","DR",4.61776375770569,56.4068734645844,2
"306","Brayden Roggow","Akron","MC",8.88458812236786,2.78046826521556,9
"307","Brayden Roggow","Akron","ML",0.275314092636108,-6.63842856884003,2
"308","Brayden Roggow","Akron","MR",-2.73713779449463,-34.1065843190466,7
"309","Brayden Roggow","Akron","SC",1.81092131137848,30.9012085199356,4
"310","Brayden Roggow","Akron","SL",2.94996696710587,0.775270802634103,7
"311","Brayden Roggow","Akron","SR",-1.80891084671021,-7.28079611435533,8
"312","Brayden Roggow","Akron",NA,0.931057333946228,22.3802864551544,1
"313","Broc Lowry","Western Michigan","BC",-1.90952837467194,15.9008800983429,2
"314","Broc Lowry","Western Michigan","BL",0.257293283939362,16.2704919065748,7
"315","Broc Lowry","Western Michigan","BR",0.491290926933289,2.06834748387337,13
"316","Broc Lowry","Western Michigan","DC",5.96529895067215,22.6961576938629,5
"317","Broc Lowry","Western Michigan","DL",1.41669392585754,13.2432341575623,2
"318","Broc Lowry","Western Michigan","DR",-5.79644924402237,-39.3457025289536,5
"319","Broc Lowry","Western Michigan","MC",-2.62905764579773,-36.6254881024361,4
"320","Broc Lowry","Western Michigan","ML",1.99545383453369,5.88839451471965,3
"321","Broc Lowry","Western Michigan","MR",-5.73775082826614,-14.9956740438938,7
"322","Broc Lowry","Western Michigan","SC",1.33886975049973,4.31473953649402,8
"323","Broc Lowry","Western Michigan","SL",0.898601904511452,17.2230271192697,13
"324","Broc Lowry","Western Michigan","SR",-5.21648252010345,-3.55597585439682,18
"325","Brock Glenn","Western Kentucky","BL",-0.250166177749634,13.7002557516098,2
"326","Brock Glenn","Western Kentucky","BR",-3.2359227836132,-4.94455970250643,13
"327","Brock Glenn","Western Kentucky","DL",-1.18417212367058,-19.1519666463137,2
"328","Brock Glenn","Western Kentucky","DR",-0.728623390197754,-44.5087283849716,1
"329","Brock Glenn","Western Kentucky","MC",9.06723427772522,32.3242470622063,4
"330","Brock Glenn","Western Kentucky","ML",-1.11916291713715,-25.9285274893045,2
"331","Brock Glenn","Western Kentucky","MR",2.47305577993393,1.37247145175934,8
"332","Brock Glenn","Western Kentucky","SC",-3.75458526611328,-32.6160778601964,6
"333","Brock Glenn","Western Kentucky","SL",-3.85417531058192,-0.982963956064648,9
"334","Brock Glenn","Western Kentucky","SR",1.51719927787781,4.33737161484632,11
"335","Bryce Underwood","Michigan","BC",1.05928301811218,20.450747013092,1
"336","Bryce Underwood","Michigan","BL",-0.148015141487122,12.6927614212036,6
"337","Bryce Underwood","Michigan","BR",0.392984628677368,-10.1157531142235,8
"338","Bryce Underwood","Michigan","DC",0.254441767930984,-3.91089022159576,3
"339","Bryce Underwood","Michigan","DL",0.0718079209327698,-11.6754103451967,5
"340","Bryce Underwood","Michigan","DR",1.42378662526608,-16.4409081141154,9
"341","Bryce Underwood","Michigan","MC",2.32458287477493,-13.8148814439774,4
"342","Bryce Underwood","Michigan","ML",7.44349181652069,-0.822166800498962,10
"343","Bryce Underwood","Michigan","MR",11.741427898407,9.25175448258718,12
"344","Bryce Underwood","Michigan","SC",3.5382274389267,-9.49318259954453,8
"345","Bryce Underwood","Michigan","SL",7.75112271308899,31.121210541044,7
"346","Bryce Underwood","Michigan","SR",5.57684606313705,0.80445664934814,16
"347","Byrum Brown","Auburn","BC",-0.749817073345184,-19.0896689891815,3
"348","Byrum Brown","Auburn","BL",2.82884311676025,14.5476129922,11
"349","Byrum Brown","Auburn","BR",-7.90489828586578,-9.92310696414539,14
"350","Byrum Brown","Auburn","DC",1.96473622322083,40.8498227596283,1
"351","Byrum Brown","Auburn","DL",15.8845954537392,38.5642844651427,7
"352","Byrum Brown","Auburn","DR",-3.70752966403961,-40.6016394495964,6
"353","Byrum Brown","Auburn","MC",16.5936425924301,18.1341096758842,12
"354","Byrum Brown","Auburn","ML",0.946801960468292,-8.4249551097552,6
"355","Byrum Brown","Auburn","MR",3.41427624225616,-9.50793379119464,14
"356","Byrum Brown","Auburn","SC",3.76325926184654,13.5399181109208,13
"357","Byrum Brown","Auburn","SL",3.15894055366516,-2.91823446750641,13
"358","Byrum Brown","Auburn","SR",5.97252815961838,2.7332816645503,20
"359","CJ Bailey","NC State","BC",3.80752921104431,13.7210592627525,4
"360","CJ Bailey","NC State","BL",-4.27596032619476,18.6049242814382,3
"361","CJ Bailey","NC State","BR",4.55172571539879,12.7053618431091,9
"362","CJ Bailey","NC State","DC",3.06524777412415,-7.21652954816818,4
"363","CJ Bailey","NC State","DL",5.30586460232735,-0.396646857261658,5
"364","CJ Bailey","NC State","DR",-1.52235633134842,-16.6448327402274,6
"365","CJ Bailey","NC State","MC",-2.77551501989365,-64.2754117647807,3
"366","CJ Bailey","NC State","ML",-0.379825592041016,-0.411026477813721,5
"367","CJ Bailey","NC State","MR",13.3602921366692,0.0375288228193919,18
"368","CJ Bailey","NC State","SC",0.168663948774338,-3.33379025642688,13
"369","CJ Bailey","NC State","SL",7.40097775310278,10.6407036906794,19
"370","CJ Bailey","NC State","SR",11.4366617798805,16.0990731583701,18
"371","CJ Carr","Notre Dame","BC",-1.53049921989441,12.0168685913086,1
"372","CJ Carr","Notre Dame","BL",3.52429819107056,24.7582226991653,2
"373","CJ Carr","Notre Dame","BR",-3.88355951011181,-17.0614355140262,9
"374","CJ Carr","Notre Dame","DC",11.5613283514977,17.0933910778591,7
"375","CJ Carr","Notre Dame","DL",6.72760593891144,10.1548157632351,8
"376","CJ Carr","Notre Dame","DR",6.61666798591614,16.7297345399857,5
"377","CJ Carr","Notre Dame","MC",2.49179637432098,32.2498232126236,2
"378","CJ Carr","Notre Dame","ML",0.973843216896057,-12.9453694820404,5
"379","CJ Carr","Notre Dame","MR",3.52481913566589,-0.635848045349121,5
"380","CJ Carr","Notre Dame","SC",7.20507073402405,16.4571173489094,12
"381","CJ Carr","Notre Dame","SL",8.46798419952393,3.61807759230336,24
"382","CJ Carr","Notre Dame","SR",7.43881916999817,13.5609580920293,13
"383","Caden Creel","Jacksonville State","BC",2.95536732673645,12.9934532301767,7
"384","Caden Creel","Jacksonville State","BL",2.71386677026749,2.13570753733317,15
"385","Caden Creel","Jacksonville State","BR",3.31385958194733,6.23140148818493,16
"386","Caden Creel","Jacksonville State","DC",5.66107022762299,20.1789379119873,3
"387","Caden Creel","Jacksonville State","DL",1.49539119005203,3.72101236134768,6
"388","Caden Creel","Jacksonville State","DR",5.99045932292938,4.71375840050834,7
"389","Caden Creel","Jacksonville State","MC",13.6836463212967,23.4342956542969,10
"390","Caden Creel","Jacksonville State","ML",4.59829926490784,-6.13758824765682,8
"391","Caden Creel","Jacksonville State","MR",11.3152502775192,26.5552656725049,8
"392","Caden Creel","Jacksonville State","SC",-2.11130033433437,-18.3446155144618,13
"393","Caden Creel","Jacksonville State","SL",7.89363059401512,15.3040413061778,15
"394","Caden Creel","Jacksonville State","SR",-3.82127124071121,-25.0739173247264,13
"395","Caden Pinnick","Washington State","BC",-2.22352600097656,-31.9986701011658,2
"396","Caden Pinnick","Washington State","BL",-3.05822747945786,12.4090152127402,7
"397","Caden Pinnick","Washington State","BR",-4.23783946037292,-5.78332130204548,11
"398","Caden Pinnick","Washington State","DL",-2.39352813363075,-33.1274196505547,5
"399","Caden Pinnick","Washington State","DR",6.20268952846527,-16.9595222920179,8
"400","Caden Pinnick","Washington State","MC",2.45317962765694,4.75720365842183,6
"401","Caden Pinnick","Washington State","ML",4.54537498950958,7.80407985051473,6
"402","Caden Pinnick","Washington State","MR",11.0106489360332,13.1517837444941,12
"403","Caden Pinnick","Washington State","SC",5.34702831506729,13.6315431859758,9
"404","Caden Pinnick","Washington State","SL",-2.43238085508347,-10.0390016101301,16
"405","Caden Pinnick","Washington State","SR",6.02458240091801,6.94304630160332,21
"406","Caden Veltkamp","Florida Atlantic","BC",-1.21675741672516,-17.6571826140086,3
"407","Caden Veltkamp","Florida Atlantic","BL",1.51988399028778,13.4232001172172,18
"408","Caden Veltkamp","Florida Atlantic","BR",-4.91336205601692,6.54695982734362,15
"409","Caden Veltkamp","Florida Atlantic","DC",15.0588166713715,25.7353197783232,8
"410","Caden Veltkamp","Florida Atlantic","DL",3.35763829946518,3.41779470443726,5
"411","Caden Veltkamp","Florida Atlantic","DR",12.4550888538361,47.2583209474882,6
"412","Caden Veltkamp","Florida Atlantic","MC",4.51241493225098,6.27240080099839,13
"413","Caden Veltkamp","Florida Atlantic","ML",5.72051203250885,6.43438077531755,8
"414","Caden Veltkamp","Florida Atlantic","MR",2.98554363846779,-5.4730259709888,9
"415","Caden Veltkamp","Florida Atlantic","SC",-4.02153137326241,-2.57779136300087,8
"416","Caden Veltkamp","Florida Atlantic","SL",5.73770481348038,11.7120264222225,30
"417","Caden Veltkamp","Florida Atlantic","SR",11.5410232543945,5.89999943040311,32
"418","Camden Coleman","James Madison","BC",-0.989540457725525,10.1652055978775,2
"419","Camden Coleman","James Madison","BL",-1.68337535858154,-7.41921544075012,5
"420","Camden Coleman","James Madison","BR",1.76848554611206,-1.13773007805531,13
"421","Camden Coleman","James Madison","DC",-0.534562826156616,-37.8834217786789,1
"422","Camden Coleman","James Madison","DL",7.09007143974304,30.9504084289074,4
"423","Camden Coleman","James Madison","DR",-1.44286733865738,-50.5915234486262,3
"424","Camden Coleman","James Madison","MC",-2.38959443569183,-13.5448639281094,8
"425","Camden Coleman","James Madison","ML",3.50143158435822,19.5992777744929,6
"426","Camden Coleman","James Madison","MR",11.9293907880783,3.83240686995643,14
"427","Camden Coleman","James Madison","SC",-1.52077805995941,-8.69009494781494,6
"428","Camden Coleman","James Madison","SL",-4.19641101360321,-7.95453981711314,13
"429","Camden Coleman","James Madison","SR",8.38405573368073,3.21359305005325,19
"430","Cameran Brown","Georgia State","BC",-1.29855811595917,23.3459740877151,2
"431","Cameran Brown","Georgia State","BL",1.80843645334244,12.1604350480166,11
"432","Cameran Brown","Georgia State","BR",-0.312212228775024,-6.97992920875549,5
"433","Cameran Brown","Georgia State","DC",-1.21300768852234,-13.5135551293691,3
"434","Cameran Brown","Georgia State","DL",1.25196427106857,3.14389144380887,3
"435","Cameran Brown","Georgia State","DR",-0.294285356998444,-18.5263458639383,6
"436","Cameran Brown","Georgia State","MC",8.6085376739502,17.8884257872899,6
"437","Cameran Brown","Georgia State","ML",14.0497368574142,36.2614977572645,7
"438","Cameran Brown","Georgia State","MR",9.66998952627182,17.975288182497,10
"439","Cameran Brown","Georgia State","SC",6.61847519874573,0.382137695948283,15
"440","Cameran Brown","Georgia State","SL",12.3150143027306,9.77531015872955,15
"441","Cameran Brown","Georgia State","SR",5.17828249931335,-13.0734442954972,21
"442","Carlos Del Rio-Wilson","Marshall","BL",-4.56655710935593,8.92400720289775,7
"443","Carlos Del Rio-Wilson","Marshall","BR",2.08240255713463,3.19053013291624,18
"444","Carlos Del Rio-Wilson","Marshall","DC",-2.10633879899979,-27.8080607453982,3
"445","Carlos Del Rio-Wilson","Marshall","DL",0.855412006378174,-4.42519709467888,1
"446","Carlos Del Rio-Wilson","Marshall","DR",11.3749685287476,46.1785486340523,5
"447","Carlos Del Rio-Wilson","Marshall","MC",13.1668245196342,18.3991141617298,8
"448","Carlos Del Rio-Wilson","Marshall","ML",-4.63678336143494,-1.52723422894875,6
"449","Carlos Del Rio-Wilson","Marshall","MR",-2.78946447372437,-20.835384974877,6
"450","Carlos Del Rio-Wilson","Marshall","SC",6.79042714834213,27.8462709715733,13
"451","Carlos Del Rio-Wilson","Marshall","SL",3.83905518054962,18.5817715525627,15
"452","Carlos Del Rio-Wilson","Marshall","SR",10.7351885437965,22.1150957621061,13
"453","Carson Conklin","Sacramento State","BL",-2.24911260604858,8.24708081781864,4
"454","Carson Conklin","Sacramento State","BR",2.19937801361084,14.4608497619629,2
"455","Carson Conklin","Sacramento State","DL",0.860181093215942,-0.240799784660339,2
"456","Carson Conklin","Sacramento State","DR",-0.621418952941895,-6.39260485768318,1
"457","Carson Conklin","Sacramento State","MC",5.38630163669586,15.2284204959869,5
"458","Carson Conklin","Sacramento State","ML",-2.03044843673706,-34.1833461076021,2
"459","Carson Conklin","Sacramento State","MR",-4.9906667470932,-17.2402863949537,5
"460","Carson Conklin","Sacramento State","SC",-0.845896422863007,-5.73099519718777,11
"461","Carson Conklin","Sacramento State","SL",-2.51491633057594,-9.80913223964827,7
"462","Carson Conklin","Sacramento State","SR",-1.31298422813416,-2.77088843286037,6
"463","Carter Jones","Nevada","BL",0.447715699672699,14.0585970878601,5
"464","Carter Jones","Nevada","BR",2.4562169611454,15.1113172372182,12
"465","Carter Jones","Nevada","DC",-0.370872318744659,-26.2701064348221,1
"466","Carter Jones","Nevada","DL",2.03361856937408,-2.08152929941813,3
"467","Carter Jones","Nevada","DR",16.5266872644424,31.7012808152608,7
"468","Carter Jones","Nevada","MC",3.39115417003632,36.8193725744883,3
"469","Carter Jones","Nevada","ML",-1.30999094247818,-38.689774274826,5
"470","Carter Jones","Nevada","MR",3.46906906366348,-5.51125556230545,4
"471","Carter Jones","Nevada","SC",-0.819874405860901,-27.1382004022598,4
"472","Carter Jones","Nevada","SL",-0.0008278489112854,0.835339589552446,11
"473","Carter Jones","Nevada","SR",-10.8543127179146,-45.6034330794444,13
"474","Cibastian Broughton","Akron","BC",0.728554725646973,12.0983868837357,2
"475","Cibastian Broughton","Akron","BL",-4.91836285591125,6.16383680275508,14
"476","Cibastian Broughton","Akron","BR",-0.336049452424049,16.1361932754517,13
"477","Cibastian Broughton","Akron","DL",-0.457266449928284,-50.4215121269226,1
"478","Cibastian Broughton","Akron","DR",3.23291063308716,50.2152338624001,2
"479","Cibastian Broughton","Akron","MC",-2.190633893013,-12.8002285957336,4
"480","Cibastian Broughton","Akron","ML",-1.06167960166931,-6.40552043914795,2
"481","Cibastian Broughton","Akron","MR",0.899183034896851,-15.2611037716269,4
"482","Cibastian Broughton","Akron","SC",0.263784170150757,28.4389480948448,4
"483","Cibastian Broughton","Akron","SL",-1.98047861456871,24.4786202907562,9
"484","Cibastian Broughton","Akron","SR",0.564756631851196,-8.69487805498971,9
"485","Cole Gonzales","Charlotte","BL",-1.25812047719955,2.08151313391599,11
"486","Cole Gonzales","Charlotte","BR",-3.90424662828445,5.23358029978616,14
"487","Cole Gonzales","Charlotte","DC",4.56427276134491,3.84380891919136,4
"488","Cole Gonzales","Charlotte","DL",-2.62895894050598,-36.6111576557159,3
"489","Cole Gonzales","Charlotte","DR",7.71787655353546,64.2547736565272,3
"490","Cole Gonzales","Charlotte","MC",-0.409548997879028,-34.7697071731091,4
"491","Cole Gonzales","Charlotte","ML",3.01243412494659,9.02688149362803,8
"492","Cole Gonzales","Charlotte","MR",6.7600679397583,14.3751664087176,8
"493","Cole Gonzales","Charlotte","SC",0.0571513772010803,-15.7114051282406,4
"494","Cole Gonzales","Charlotte","SL",1.10071158781648,-5.00453558564186,25
"495","Cole Gonzales","Charlotte","SR",1.3189423084259,20.4167503863573,22
"496","Colton Joseph","Wisconsin","BC",-0.504592299461365,-87.2726440429688,1
"497","Colton Joseph","Wisconsin","BL",4.77298344671726,10.9686539723323,13
"498","Colton Joseph","Wisconsin","BR",1.27127194404602,-12.8120863810182,16
"499","Colton Joseph","Wisconsin","DC",4.69669836759567,-43.3771471182505,3
"500","Colton Joseph","Wisconsin","DL",6.22015428543091,34.8181858658791,4
"501","Colton Joseph","Wisconsin","DR",4.60249304771423,17.6277345046401,4
"502","Colton Joseph","Wisconsin","MC",6.550457239151,-14.3461008866628,6
"503","Colton Joseph","Wisconsin","ML",8.15350291132927,2.18584916243951,12
"504","Colton Joseph","Wisconsin","MR",2.34942835569382,-12.4528466413418,12
"505","Colton Joseph","Wisconsin","SC",3.14093029499054,26.8756949901581,5
"506","Colton Joseph","Wisconsin","SL",0.0226102471351624,-7.90299106211889,21
"507","Colton Joseph","Wisconsin","SR",-0.466967642307281,-8.65070010934557,21
"508","Conner Weigman","Houston","BC",-0.0992903709411621,10.4609787464142,1
"509","Conner Weigman","Houston","BL",-0.288234829902649,12.3980939388275,6
"510","Conner Weigman","Houston","BR",9.38638490438461,9.92549315094948,10
"511","Conner Weigman","Houston","DL",9.34338593482971,32.9377107322216,4
"512","Conner Weigman","Houston","DR",10.3159199953079,28.3842018991709,5
"513","Conner Weigman","Houston","MC",6.06258326768875,7.3587885924748,7
"514","Conner Weigman","Houston","ML",-0.255233645439148,-21.9076010584831,10
"515","Conner Weigman","Houston","MR",1.64069378376007,1.49998880094952,9
"516","Conner Weigman","Houston","SC",1.79026931524277,-1.53610543771224,11
"517","Conner Weigman","Houston","SL",6.52216863632202,5.53225919604301,20
"518","Conner Weigman","Houston","SR",12.4715541303158,3.47874934474627,15
"519","Cutter Boley","Arizona State","BC",-2.54030025005341,-37.2493088245392,2
"520","Cutter Boley","Arizona State","BL",2.52734410762787,3.66561221224921,14
"521","Cutter Boley","Arizona State","BR",-2.71792382001877,-3.85151276221642,13
"522","Cutter Boley","Arizona State","DC",2.79772108793259,-9.86074109872182,3
"523","Cutter Boley","Arizona State","DL",-0.365886628627777,-24.865066409111,5
"524","Cutter Boley","Arizona State","DR",6.94192361831665,21.6628134250641,4
"525","Cutter Boley","Arizona State","MC",6.75099968910217,12.7376200897353,7
"526","Cutter Boley","Arizona State","ML",4.69549405574799,-10.0444012880325,5
"527","Cutter Boley","Arizona State","MR",2.88544452190399,0.38396886416844,7
"528","Cutter Boley","Arizona State","SC",6.05802693963051,33.6993324259917,6
"529","Cutter Boley","Arizona State","SL",5.00190049409866,-1.23409256339073,8
"530","Cutter Boley","Arizona State","SR",0.840154588222504,-15.6462178565562,8
"531","DJ Lagway","Baylor","BC",-1.61847645044327,0.551300495862961,2
"532","DJ Lagway","Baylor","BL",-5.65356507897377,-31.039468731199,7
"533","DJ Lagway","Baylor","BR",-2.36412173509598,-12.9183150827885,9
"534","DJ Lagway","Baylor","DC",8.41980147361755,1.77057385444641,6
"535","DJ Lagway","Baylor","DL",2.13610583543777,-7.0643628636996,6
"536","DJ Lagway","Baylor","DR",0.711810111999512,-21.8679649489267,7
"537","DJ Lagway","Baylor","MC",2.64603400230408,2.2215207417806,3
"538","DJ Lagway","Baylor","ML",8.25388431549072,18.2642478495836,8
"539","DJ Lagway","Baylor","MR",-2.17109113931656,-30.736266715186,7
"540","DJ Lagway","Baylor","SC",-2.41019225120544,-22.6861936705453,7
"541","DJ Lagway","Baylor","SL",2.80330845713615,-9.62332929758465,17
"542","DJ Lagway","Baylor","SR",-5.65525311231613,-10.991846634583,11
"543","Dante Moore","Oregon","BC",3.19129800796509,9.90557074546814,2
"544","Dante Moore","Oregon","BL",-2.3593156337738,-5.32259047031403,6
"545","Dante Moore","Oregon","BR",-9.11667692661285,12.1916567737406,11
"546","Dante Moore","Oregon","DC",17.7203750610352,29.7837987542152,6
"547","Dante Moore","Oregon","DL",1.99981284141541,-11.4654555916786,4
"548","Dante Moore","Oregon","DR",7.42046344280243,20.7130011171103,8
"549","Dante Moore","Oregon","MC",6.30146276950836,-1.75614476203918,5
"550","Dante Moore","Oregon","ML",-5.12023305892944,-31.8904407322407,4
"551","Dante Moore","Oregon","MR",-2.15762591362,-19.862862303853,4
"552","Dante Moore","Oregon","SC",7.57208546996117,5.47732174396515,10
"553","Dante Moore","Oregon","SL",7.17221307754517,13.117989897728,12
"554","Dante Moore","Oregon","SR",-0.800786241889,2.94518821217396,27
"555","Darian Mensah","Miami","BC",-0.666489481925964,10.3710114955902,1
"556","Darian Mensah","Miami","BL",-2.08495724201202,11.4672195911407,10
"557","Darian Mensah","Miami","BR",8.56879657506943,13.5083235800266,16
"558","Darian Mensah","Miami","DC",3.8400399684906,59.7828775644302,1
"559","Darian Mensah","Miami","DL",5.0666184425354,11.9986873865128,5
"560","Darian Mensah","Miami","DR",3.29150831699371,21.7702249065042,4
"561","Darian Mensah","Miami","MC",5.65649485588074,24.4582805037498,5
"562","Darian Mensah","Miami","ML",20.3557066917419,33.5433540435938,13
"563","Darian Mensah","Miami","MR",4.55972254276276,18.5508704433839,6
"564","Darian Mensah","Miami","SC",4.86927664279938,11.5995879684176,7
"565","Darian Mensah","Miami","SL",9.98053547739983,23.0764609116774,13
"566","Darian Mensah","Miami","SR",-1.8785694539547,15.6046046930201,17
"567","David McComb","Miami (OH)","BC",2.54263782501221,6.93672969937325,2
"568","David McComb","Miami (OH)","BL",0.264090985059738,-8.50538551807404,10
"569","David McComb","Miami (OH)","BR",-7.08477711677551,-15.6107120215893,12
"570","David McComb","Miami (OH)","DC",4.00449013710022,0.422912836074829,4
"571","David McComb","Miami (OH)","DL",10.1631022691727,8.62399019300938,10
"572","David McComb","Miami (OH)","DR",3.61631917953491,-3.02485918456858,11
"573","David McComb","Miami (OH)","MC",1.89874458312988,-13.808211684227,2
"574","David McComb","Miami (OH)","ML",11.2026963233948,11.3979130983353,9
"575","David McComb","Miami (OH)","MR",14.286152780056,32.6711291074753,10
"576","David McComb","Miami (OH)","SC",2.41940832138062,26.4751970767975,1
"577","David McComb","Miami (OH)","SL",6.94343948364258,10.7824084659417,12
"578","David McComb","Miami (OH)","SR",3.39743232727051,3.32149679462115,15
"579","Davis Warren","Stanford","BC",-1.64882922172546,-9.9148340523243,1
"580","Davis Warren","Stanford","BL",-2.66276961565018,-22.5006391604741,6
"581","Davis Warren","Stanford","BR",-6.0483413040638,-8.78544476899234,11
"582","Davis Warren","Stanford","DC",5.29416704177856,15.7286692410707,4
"583","Davis Warren","Stanford","DL",4.52545565366745,2.73125271002452,3
"584","Davis Warren","Stanford","DR",3.45384407043457,-12.6370988786221,12
"585","Davis Warren","Stanford","MC",8.08085215091705,-6.84885187074542,16
"586","Davis Warren","Stanford","ML",8.49146521091461,8.83245883243425,14
"587","Davis Warren","Stanford","MR",-0.265479385852814,-2.1614836063236,8
"588","Davis Warren","Stanford","SC",-0.556867688894272,1.43936585102763,14
"589","Davis Warren","Stanford","SL",0.471244931221008,4.89033667577638,27
"590","Davis Warren","Stanford","SR",4.10223682224751,-1.83781557358228,26
"591","Demond Williams Jr.","Washington","BC",-2.13981568813324,13.8998419046402,4
"592","Demond Williams Jr.","Washington","BL",-7.48869922757149,2.83790404597918,15
"593","Demond Williams Jr.","Washington","BR",5.05729275941849,-4.56576262201582,21
"594","Demond Williams Jr.","Washington","DC",2.08574557304382,14.7096882263819,3
"595","Demond Williams Jr.","Washington","DL",0.957260072231293,-2.92601957917213,8
"596","Demond Williams Jr.","Washington","DR",0.442369818687439,-8.98718248520579,7
"597","Demond Williams Jr.","Washington","MC",11.2810696959496,19.8994411953858,7
"598","Demond Williams Jr.","Washington","ML",3.23086047172546,8.68878567760641,11
"599","Demond Williams Jr.","Washington","MR",18.6566002368927,27.7676327870442,13
"600","Demond Williams Jr.","Washington","SC",1.27034670114517,23.7161502242088,8
"601","Demond Williams Jr.","Washington","SL",0.332481503486633,-5.68463039748809,17
"602","Demond Williams Jr.","Washington","SR",3.393090903759,1.49869244545698,20
"603","Deshawn Purdie","Liberty","BL",-1.97715783119202,-49.783597389857,3
"604","Deshawn Purdie","Liberty","BR",1.37429851293564,12.8501830001672,6
"605","Deshawn Purdie","Liberty","DC",7.81457674503326,14.0062582492828,5
"606","Deshawn Purdie","Liberty","DL",11.3578445911407,22.0419670322112,7
"607","Deshawn Purdie","Liberty","DR",3.22425270080566,25.0226388374964,3
"608","Deshawn Purdie","Liberty","MC",8.26068586111069,-7.10486960597336,16
"609","Deshawn Purdie","Liberty","ML",3.44707727432251,22.8929698467255,3
"610","Deshawn Purdie","Liberty","MR",-1.62881743907928,-24.6362683176994,10
"611","Deshawn Purdie","Liberty","SC",1.86051100492477,12.8413662314415,4
"612","Deshawn Purdie","Liberty","SL",7.04008939862251,28.4764928477151,7
"613","Deshawn Purdie","Liberty","SR",-5.71989905834198,-6.72773131552865,17
"614","Deuce Bailey","Coastal Carolina","BC",0.699400186538696,-23.3889907598495,2
"615","Deuce Bailey","Coastal Carolina","BL",-3.53088349103928,-11.9649216532707,4
"616","Deuce Bailey","Coastal Carolina","BR",-1.10973936319351,-7.49674116571744,6
"617","Deuce Bailey","Coastal Carolina","DC",16.2581742405891,20.301026188665,9
"618","Deuce Bailey","Coastal Carolina","DL",6.34981441497803,-6.37561762705445,8
"619","Deuce Bailey","Coastal Carolina","DR",-0.306931495666504,-8.16857566436132,6
"620","Deuce Bailey","Coastal Carolina","MC",10.8958836197853,14.6891719238325,11
"621","Deuce Bailey","Coastal Carolina","ML",-2.07369422912598,-15.0747763924301,8
"622","Deuce Bailey","Coastal Carolina","MR",13.0307686328888,-8.13031405210495,15
"623","Deuce Bailey","Coastal Carolina","SC",2.15493734925985,-16.6876316070557,16
"624","Deuce Bailey","Coastal Carolina","SL",6.00818377733231,-6.47186837159097,16
"625","Deuce Bailey","Coastal Carolina","SR",-2.6154733300209,-4.81468819909626,18
"626","Devon Dampier","Utah","BC",1.59501123428345,-2.62449043137687,7
"627","Devon Dampier","Utah","BL",0.0010150671005249,12.9138246178627,4
"628","Devon Dampier","Utah","BR",2.71482944488525,-1.45626445966107,14
"629","Devon Dampier","Utah","DC",1.95856016874313,1.74739807844162,2
"630","Devon Dampier","Utah","DL",-4.53615123033524,-40.4872611165047,6
"631","Devon Dampier","Utah","DR",11.3815646469593,8.5048685696992,11
"632","Devon Dampier","Utah","MC",8.0672265291214,31.0727751255035,5
"633","Devon Dampier","Utah","ML",0.0357756614685059,-1.94994062185287,2
"634","Devon Dampier","Utah","MR",5.83779621124268,17.2343854393278,7
"635","Devon Dampier","Utah","SC",2.93369615077972,10.6425949505397,7
"636","Devon Dampier","Utah","SL",6.52967488765717,1.55206109796252,14
"637","Devon Dampier","Utah","SR",10.7324039936066,9.43415362387896,20
"638","Dexter Williams II","Tulsa","BC",-0.553553879261017,-9.91211980581284,1
"639","Dexter Williams II","Tulsa","BL",-3.28473854064941,-4.77315410971642,7
"640","Dexter Williams II","Tulsa","BR",-7.49002274870872,-14.4078758629886,11
"641","Dexter Williams II","Tulsa","DC",-0.666105985641479,-6.828523427248,1
"642","Dexter Williams II","Tulsa","DL",-1.14017850160599,-15.2956654628118,6
"643","Dexter Williams II","Tulsa","DR",2.40594840049744,15.517421066761,2
"644","Dexter Williams II","Tulsa","MC",1.99273884296417,13.5042825713754,4
"645","Dexter Williams II","Tulsa","ML",2.22282022237778,5.99279031157494,8
"646","Dexter Williams II","Tulsa","MR",2.03365236520767,9.53817156453927,6
"647","Dexter Williams II","Tulsa","SC",0.448985278606415,-8.08298786481222,3
"648","Dexter Williams II","Tulsa","SL",3.23561155796051,-0.975673149029414,9
"649","Dexter Williams II","Tulsa","SR",2.59309154748917,-26.4769107103348,2
"650","Drake Lindsey","Minnesota","BC",-0.486559629440308,-18.5799360275269,3
"651","Drake Lindsey","Minnesota","BL",-6.97685942053795,-6.45988821983337,15
"652","Drake Lindsey","Minnesota","BR",-6.73091793060303,-5.40959048084915,16
"653","Drake Lindsey","Minnesota","DC",1.74566173553467,3.09122279286385,4
"654","Drake Lindsey","Minnesota","DL",3.13075876235962,65.6672656536102,1
"655","Drake Lindsey","Minnesota","DR",5.21289789676666,5.16988635063171,4
"656","Drake Lindsey","Minnesota","MC",2.32298743724823,-9.8317524926229,11
"657","Drake Lindsey","Minnesota","ML",2.62713313102722,-8.54156017303467,7
"658","Drake Lindsey","Minnesota","MR",8.64555841684341,6.65742365213541,13
"659","Drake Lindsey","Minnesota","SC",5.77258697152138,0.97985565662384,12
"660","Drake Lindsey","Minnesota","SL",5.82188272476196,-3.73892436424891,18
"661","Drake Lindsey","Minnesota","SR",13.2968646287918,12.4109871983528,25
"662","Drew Mestemaker","Oklahoma State","BC",-0.787170767784119,23.8564431667328,2
"663","Drew Mestemaker","Oklahoma State","BL",-4.03910249471664,-3.03441087404887,12
"664","Drew Mestemaker","Oklahoma State","BR",-3.73852515220642,-6.76600705636175,19
"665","Drew Mestemaker","Oklahoma State","DC",10.59577023983,19.3192541599274,6
"666","Drew Mestemaker","Oklahoma State","DL",10.2713130712509,37.1274725134884,7
"667","Drew Mestemaker","Oklahoma State","DR",7.59722447395325,14.5678949356079,5
"668","Drew Mestemaker","Oklahoma State","MC",13.4461299777031,5.1898866891861,14
"669","Drew Mestemaker","Oklahoma State","ML",11.5010281801224,21.0625518113375,8
"670","Drew Mestemaker","Oklahoma State","MR",6.59611630439758,4.06243395474222,9
"671","Drew Mestemaker","Oklahoma State","SC",1.57857233285904,-7.28583605960011,16
"672","Drew Mestemaker","Oklahoma State","SL",3.38926032185555,2.88016768172383,16
"673","Drew Mestemaker","Oklahoma State","SR",2.97324109077454,8.8764117139837,23
"674","Dru DeShields","Kent State","BC",-2.55347883701324,-0.55861622095108,2
"675","Dru DeShields","Kent State","BL",-6.40360340476036,-13.276083022356,8
"676","Dru DeShields","Kent State","BR",-0.464048594236374,-2.41941772401333,8
"677","Dru DeShields","Kent State","DC",7.85091972351074,49.9991148710251,3
"678","Dru DeShields","Kent State","DL",4.87287497520447,62.6673877239227,2
"679","Dru DeShields","Kent State","DR",10.8226184248924,30.9104877710342,5
"680","Dru DeShields","Kent State","MC",-1.66213089227676,-17.7025526762009,4
"681","Dru DeShields","Kent State","ML",0.0860239267349243,-0.0235591704646746,6
"682","Dru DeShields","Kent State","MR",-2.28121674060822,-10.6472044118813,7
"683","Dru DeShields","Kent State","SC",-1.16718864440918,14.0167078003287,4
"684","Dru DeShields","Kent State","SL",-3.50900691747665,-12.3322587211927,15
"685","Dru DeShields","Kent State","SR",1.13341045379639,0.217873203967299,14
"686","Dru DeShields","Kent State",NA,-1.5363883972168,24.4259357452393,1
"687","Dylan Lonergan","Rutgers","BL",1.18219798803329,34.1824434697628,4
"688","Dylan Lonergan","Rutgers","BR",-0.756724119186401,-17.7817980448405,3
"689","Dylan Lonergan","Rutgers","DC",8.09474325180054,24.4497954845428,3
"690","Dylan Lonergan","Rutgers","DL",10.0517689585686,62.8045856952667,2
"691","Dylan Lonergan","Rutgers","DR",-3.52328932285309,-36.1163169145584,4
"692","Dylan Lonergan","Rutgers","MC",15.2571565508842,-4.07648757100105,12
"693","Dylan Lonergan","Rutgers","ML",0.629303216934204,-18.0615236361821,6
"694","Dylan Lonergan","Rutgers","MR",5.16193878650665,3.07998219504952,8
"695","Dylan Lonergan","Rutgers","SC",6.73787218332291,-14.2268155184057,18
"696","Dylan Lonergan","Rutgers","SL",0.779963135719299,-22.3315000534058,4
"697","Dylan Lonergan","Rutgers","SR",5.8296971321106,11.3891422216381,14
"698","Dylan Raiola","Oregon","BL",-0.600391030311584,-21.6908832391103,3
"699","Dylan Raiola","Oregon","BR",4.44248306751251,12.9472427070141,8
"700","Dylan Raiola","Oregon","DC",-4.8972589969635,8.98311585187912,2
"701","Dylan Raiola","Oregon","DL",4.42165374755859,65.1937395334244,1
"702","Dylan Raiola","Oregon","DR",2.46784114837646,55.8929264545441,1
"703","Dylan Raiola","Oregon","MC",3.1359498500824,-30.8077991008759,3
"704","Dylan Raiola","Oregon","ML",5.45325136184692,28.9759784936905,5
"705","Dylan Raiola","Oregon","MR",2.6156268119812,43.0672705173492,2
"706","Dylan Raiola","Oregon","SC",-0.0346735715866089,26.222962141037,2
"707","Dylan Raiola","Oregon","SL",0.739969730377197,23.2666730880737,2
"708","Dylan Raiola","Oregon","SR",10.0649353861809,28.2495286847864,7
"709","EJ Colson Jr.","UTEP","BL",-2.06057518720627,11.4642836153507,10
"710","EJ Colson Jr.","UTEP","BR",1.13976567983627,14.9010002613068,4
"711","EJ Colson Jr.","UTEP","DC",8.81068068742752,8.10273140668869,4
"712","EJ Colson Jr.","UTEP","DL",-1.037921667099,-45.6915661692619,2
"713","EJ Colson Jr.","UTEP","MC",1.76651251316071,-24.4378993908564,3
"714","EJ Colson Jr.","UTEP","ML",-2.02507066726685,-7.4541679273049,6
"715","EJ Colson Jr.","UTEP","MR",-0.478112697601318,-0.880215068658193,3
"716","EJ Colson Jr.","UTEP","SC",4.86699187755585,0.495163883481707,7
"717","EJ Colson Jr.","UTEP","SL",1.2072548866272,-5.50912297688998,13
"718","EJ Colson Jr.","UTEP","SR",10.0776181817055,28.4166458249092,10
"719","Elijah Holmes","Buffalo","BC",-1.38828217983246,18.0374264717102,2
"720","Elijah Holmes","Buffalo","BL",-4.2586635351181,13.2639706134796,3
"721","Elijah Holmes","Buffalo","BR",-5.11489880084991,-20.596531778574,8
"722","Elijah Holmes","Buffalo","DC",-1.16659927368164,-41.1121591925621,2
"723","Elijah Holmes","Buffalo","DL",1.6882426738739,19.6439045667648,5
"724","Elijah Holmes","Buffalo","DR",3.14630937576294,56.1518639326096,1
"725","Elijah Holmes","Buffalo","MC",0.725072145462036,30.6772470474243,1
"726","Elijah Holmes","Buffalo","ML",-5.03903073072433,-53.028130531311,6
"727","Elijah Holmes","Buffalo","MR",0.51982319355011,-8.66331458091736,4
"728","Elijah Holmes","Buffalo","SC",-3.64570105075836,0.598804801702499,5
"729","Elijah Holmes","Buffalo","SL",6.72064560651779,3.46911359917034,11
"730","Elijah Holmes","Buffalo","SR",3.14573487639427,-6.89547892127718,14
"731","Emory Williams","East Carolina","BL",-1.21839582920074,11.9324481487274,5
"732","Emory Williams","East Carolina","BR",-1.54129064083099,31.6344361752272,4
"733","Emory Williams","East Carolina","DL",1.37069177627563,-7.36698607603709,3
"734","Emory Williams","East Carolina","DR",4.07147741317749,24.7978836297989,3
"735","Emory Williams","East Carolina","MC",1.66911727190018,-16.2992477416992,4
"736","Emory Williams","East Carolina","ML",-0.22317099571228,-14.6786719560623,2
"737","Emory Williams","East Carolina","MR",0.644014358520508,30.4073095321655,1
"738","Emory Williams","East Carolina","SC",-1.17123591899872,-8.04126597940922,4
"739","Emory Williams","East Carolina","SL",1.41206556558609,3.51754327615102,3
"740","Emory Williams","East Carolina","SR",8.37749114632607,12.7122548098365,12
"741","Ethan Grunkemeyer","Virginia Tech","BC",3.1950775384903,15.8808082342148,4
"742","Ethan Grunkemeyer","Virginia Tech","BL",-1.9935622215271,4.43876663843791,15
"743","Ethan Grunkemeyer","Virginia Tech","BR",-5.99953454732895,1.86018760005633,15
"744","Ethan Grunkemeyer","Virginia Tech","DC",-1.63278245925903,-44.8203812042872,3
"745","Ethan Grunkemeyer","Virginia Tech","DL",-0.0619027614593506,-34.5600634813309,1
"746","Ethan Grunkemeyer","Virginia Tech","DR",-3.17071825265884,-30.4976422339678,8
"747","Ethan Grunkemeyer","Virginia Tech","MC",14.7496891021729,33.1571671697829,9
"748","Ethan Grunkemeyer","Virginia Tech","ML",5.40828738361597,1.77774368361993,11
"749","Ethan Grunkemeyer","Virginia Tech","MR",6.09146904945374,3.7114953994751,5
"750","Ethan Grunkemeyer","Virginia Tech","SC",-3.0268212556839,10.4701322813829,15
"751","Ethan Grunkemeyer","Virginia Tech","SL",20.9057576656342,-2.79705069567028,19
"752","Ethan Grunkemeyer","Virginia Tech","SR",8.5015304684639,15.0083810091019,26
"753","Ethan Grunkemeyer","Virginia Tech",NA,0.0880551338195801,12.7190411090851,1
"754","Ethan Hampton","Southern Mississippi","BC",-2.27677059173584,-22.9987144470215,2
"755","Ethan Hampton","Southern Mississippi","BL",-2.85771724581718,-24.3726248924549,13
"756","Ethan Hampton","Southern Mississippi","BR",-2.16945469379425,-7.65845285994666,7
"757","Ethan Hampton","Southern Mississippi","DC",-0.64326286315918,-37.8199338912964,1
"758","Ethan Hampton","Southern Mississippi","DL",-0.920064568519592,-34.7093671560287,1
"759","Ethan Hampton","Southern Mississippi","DR",-0.524343311786652,-28.8746893405914,1
"760","Ethan Hampton","Southern Mississippi","MC",5.44630098342896,34.0749457478523,4
"761","Ethan Hampton","Southern Mississippi","ML",3.25136470794678,42.2961086034775,2
"762","Ethan Hampton","Southern Mississippi","MR",1.40958818793297,-2.38925218582153,8
"763","Ethan Hampton","Southern Mississippi","SC",4.07890036702156,-9.77806150913239,8
"764","Ethan Hampton","Southern Mississippi","SL",-1.70290070772171,-4.76936830414666,9
"765","Ethan Hampton","Southern Mississippi","SR",4.63581571727991,5.064400604793,14
"766","Ethan Hampton","Southern Mississippi",NA,-1.22931122779846,-8.40013399720192,1
"767","Faizon Brandon","Tennessee","BC",1.32581341266632,10.380744934082,1
"768","Faizon Brandon","Tennessee","BL",2.35573270916939,-8.54097485542297,10
"769","Faizon Brandon","Tennessee","BR",-2.41800791025162,-1.95675194263458,6
"770","Faizon Brandon","Tennessee","DC",4.03555464744568,3.05359959602356,4
"771","Faizon Brandon","Tennessee","DL",4.15772217512131,-0.450418889522552,6
"772","Faizon Brandon","Tennessee","DR",1.16345071792603,-10.9523065388203,4
"773","Faizon Brandon","Tennessee","MC",6.56446075439453,39.0298902988434,3
"774","Faizon Brandon","Tennessee","ML",-1.18922924995422,-23.7786665558815,2
"775","Faizon Brandon","Tennessee","MR",-1.04026800394058,-7.14976862072945,7
"776","Faizon Brandon","Tennessee","SC",1.16135250031948,0.437817722558975,16
"777","Faizon Brandon","Tennessee","SL",6.50593611598015,-1.40879087977939,18
"778","Faizon Brandon","Tennessee","SR",-0.398667395114899,-15.5394455417991,16
"779","Gio Lopez","Wake Forest","BC",-0.234767109155655,20.8024919033051,1
"780","Gio Lopez","Wake Forest","BL",-5.43374443054199,0.151675238328822,17
"781","Gio Lopez","Wake Forest","BR",0.813038170337677,1.47865563631058,11
"782","Gio Lopez","Wake Forest","DC",9.25120729207993,2.59837359189987,4
"783","Gio Lopez","Wake Forest","DL",3.52038609981537,7.22007058560848,5
"784","Gio Lopez","Wake Forest","DR",1.89522260427475,-11.6272849696023,7
"785","Gio Lopez","Wake Forest","MC",12.1357930898666,11.927209297816,12
"786","Gio Lopez","Wake Forest","ML",3.92794346809387,3.73461883929041,9
"787","Gio Lopez","Wake Forest","MR",7.04059284925461,21.5134697301047,7
"788","Gio Lopez","Wake Forest","SC",0.226144433021545,-3.12626429579475,11
"789","Gio Lopez","Wake Forest","SL",13.0759786069393,4.12905159450713,21
"790","Gio Lopez","Wake Forest","SR",7.83530795574188,9.85478977362315,15
"791","Goose Crowder","Troy","BC",-0.700120687484741,-33.1816166639328,2
"792","Goose Crowder","Troy","BL",0.304985046386719,-0.70042610168457,7
"793","Goose Crowder","Troy","BR",-6.50633864104748,8.84797655873829,9
"794","Goose Crowder","Troy","DC",3.97412133216858,55.6343555450439,1
"795","Goose Crowder","Troy","DL",-8.36944389343262,-31.6545789440473,9
"796","Goose Crowder","Troy","DR",-3.33096468448639,-17.5433414367338,12
"797","Goose Crowder","Troy","MC",6.5783303976059,-26.3016328215599,8
"798","Goose Crowder","Troy","ML",8.87465327978134,11.3294286387307,7
"799","Goose Crowder","Troy","MR",4.49282646179199,-4.2795130610466,15
"800","Goose Crowder","Troy","SC",3.88998031616211,-15.4866609308455,9
"801","Goose Crowder","Troy","SL",7.22622352838516,3.07333221038183,12
"802","Goose Crowder","Troy","SR",2.23110830783844,1.4384845064746,36
"803","Grady Brosterhous","Utah State","BC",-3.64843860268593,-2.41555452346802,5
"804","Grady Brosterhous","Utah State","BL",0.921297073364258,11.0142260789871,4
"805","Grady Brosterhous","Utah State","BR",-6.61166378855705,-12.8585398197174,4
"806","Grady Brosterhous","Utah State","DC",8.20996248722076,10.9650363524755,3
"807","Grady Brosterhous","Utah State","DL",2.1240091919899,-3.69195441404978,3
"808","Grady Brosterhous","Utah State","DR",-1.30017331242561,-9.77986752986908,4
"809","Grady Brosterhous","Utah State","MC",-0.0409796237945557,-45.7011914253235,5
"810","Grady Brosterhous","Utah State","ML",3.36963737010956,14.6178918225425,7
"811","Grady Brosterhous","Utah State","MR",3.12070822715759,-5.94257372948858,9
"812","Grady Brosterhous","Utah State","SC",-2.5877622961998,-74.9984890222549,2
"813","Grady Brosterhous","Utah State","SL",3.40077233314514,1.87457256457385,17
"814","Grady Brosterhous","Utah State","SR",7.94462588429451,-0.174108866987557,29
"815","Gunner Stockton","Georgia","BL",2.19796288013458,3.84052438395364,14
"816","Gunner Stockton","Georgia","BR",12.0471119880676,11.5856652458509,12
"817","Gunner Stockton","Georgia","DC",4.5998477935791,6.09429180622101,4
"818","Gunner Stockton","Georgia","DL",0.921361088752747,7.29952082037926,4
"819","Gunner Stockton","Georgia","DR",-2.85105633735657,-26.7052373715809,7
"820","Gunner Stockton","Georgia","MC",4.59984827041626,31.3128550847371,3
"821","Gunner Stockton","Georgia","ML",-2.11425721645355,-61.419352889061,2
"822","Gunner Stockton","Georgia","MR",1.13835847377777,-7.66107713182767,3
"823","Gunner Stockton","Georgia","SC",0.850647449493408,41.4466917514801,1
"824","Gunner Stockton","Georgia","SL",10.1683917045593,17.0468717813492,7
"825","Gunner Stockton","Georgia","SR",4.49082815647125,13.7416071361966,9
"826","Hank Brown","Iowa","BL",-1.76491862535477,-7.91451701751122,13
"827","Hank Brown","Iowa","BR",0.4375941157341,2.82599925994873,11
"828","Hank Brown","Iowa","DC",5.27255415916443,29.2818188667297,3
"829","Hank Brown","Iowa","DL",0.97459077835083,-4.55191433429718,3
"830","Hank Brown","Iowa","DR",2.12548717856407,-18.2816503303392,7
"831","Hank Brown","Iowa","MC",3.8639515042305,-11.5322927633921,6
"832","Hank Brown","Iowa","ML",5.38598150014877,14.0536166727543,8
"833","Hank Brown","Iowa","MR",3.7381135225296,4.9056613445282,5
"834","Hank Brown","Iowa","SC",9.12249761819839,10.9194882891395,11
"835","Hank Brown","Iowa","SL",-2.07389223575592,-15.8340189605951,16
"836","Hank Brown","Iowa","SR",3.15969008207321,14.3195098409286,13
"837","Hauss Hejny","Colorado State","BC",5.96328735351562,10.6320083141327,2
"838","Hauss Hejny","Colorado State","BL",4.54394534230232,10.2723581450326,7
"839","Hauss Hejny","Colorado State","BR",5.51483768224716,-2.22098444189344,14
"840","Hauss Hejny","Colorado State","DC",5.32785367965698,60.7239305973053,1
"841","Hauss Hejny","Colorado State","DL",-0.459357142448425,-26.3139426708221,2
"842","Hauss Hejny","Colorado State","DR",10.980374455452,27.5117094814777,5
"843","Hauss Hejny","Colorado State","MC",-1.04050213098526,-36.6266068816185,5
"844","Hauss Hejny","Colorado State","ML",-0.623843550682068,-60.0594997406006,1
"845","Hauss Hejny","Colorado State","MR",1.77061176300049,54.5826144516468,4
"846","Hauss Hejny","Colorado State","SC",2.8885640501976,0.689432131392615,7
"847","Hauss Hejny","Colorado State","SL",3.4876264333725,7.40338402489821,6
"848","Hauss Hejny","Colorado State","SR",-1.18687111139297,-0.787845171160168,18
"849","Isaac Wilson","Colorado","BC",-1.78734028339386,10.6343984603882,2
"850","Isaac Wilson","Colorado","BL",-1.70580852031708,-38.6926770210266,2
"851","Isaac Wilson","Colorado","BR",-0.642804503440857,-79.706859588623,1
"852","Isaac Wilson","Colorado","DC",-3.56800842285156,-34.586226940155,1
"853","Isaac Wilson","Colorado","DL",2.22810101509094,2.80824601650238,2
"854","Isaac Wilson","Colorado","DR",-0.878325581550598,-44.5585072040558,1
"855","Isaac Wilson","Colorado","MC",-1.24926853179932,-62.4730169773102,1
"856","Isaac Wilson","Colorado","ML",2.15203237533569,36.3378286361694,1
"857","Isaac Wilson","Colorado","MR",7.16517868638039,9.45771286884944,6
"858","Isaac Wilson","Colorado","SC",0.192045971751213,24.1673290729523,1
"859","Isaac Wilson","Colorado","SL",-2.88186073303223,-47.7241110801697,5
"860","Isaac Wilson","Colorado","SR",0.439891040325165,-3.96609703699748,3
"861","Isaac Wilson","Colorado",NA,0.605547845363617,30.5898308753967,1
"862","Isaiah Marshall","Kansas","BC",-2.32336258888245,-36.3523751497269,2
"863","Isaiah Marshall","Kansas","BL",0.502577841281891,-0.0221133232116699,8
"864","Isaiah Marshall","Kansas","BR",-1.8043806552887,-13.948917388916,4
"865","Isaiah Marshall","Kansas","DC",6.51264882087708,50.4422187805176,2
"866","Isaiah Marshall","Kansas","DL",3.86030924320221,3.25857281684875,5
"867","Isaiah Marshall","Kansas","DR",-1.29772359132767,-10.2711707353592,4
"868","Isaiah Marshall","Kansas","MC",4.1740528345108,-13.4374208748341,8
"869","Isaiah Marshall","Kansas","ML",13.4753258228302,2.17750267022186,18
"870","Isaiah Marshall","Kansas","MR",-3.59157747030258,-38.5807460173965,8
"871","Isaiah Marshall","Kansas","SC",5.86186647415161,6.3791498541832,4
"872","Isaiah Marshall","Kansas","SL",-0.550305664539337,1.31235659122467,10
"873","Isaiah Marshall","Kansas","SR",-0.294648736715317,2.77959828575452,6
"874","JC French IV","Cincinnati","BC",-1.54139119386673,-2.66061782836914,5
"875","JC French IV","Cincinnati","BL",1.17141950130463,-14.3671089952642,11
"876","JC French IV","Cincinnati","BR",-0.795754581689835,1.800936460495,9
"877","JC French IV","Cincinnati","DC",1.49466133117676,5.86307793855667,2
"878","JC French IV","Cincinnati","DL",4.76727789640427,6.36026382446289,5
"879","JC French IV","Cincinnati","DR",1.89137399196625,-3.16594960168004,4
"880","JC French IV","Cincinnati","MC",5.24148178100586,35.0872814655304,2
"881","JC French IV","Cincinnati","ML",5.65042948722839,-2.31291279196739,8
"882","JC French IV","Cincinnati","MR",-0.137375593185425,-25.6275991598765,3
"883","JC French IV","Cincinnati","SC",8.77337914705276,8.8977724313736,10
"884","JC French IV","Cincinnati","SL",7.92557986080647,17.5956974808986,13
"885","JC French IV","Cincinnati","SR",2.16043278574944,16.2806328386068,18
"886","JJ Kohl","Florida International","BC",-6.63566863536835,-0.978574156761169,7
"887","JJ Kohl","Florida International","BL",-4.28721350431442,-1.68290519052082,9
"888","JJ Kohl","Florida International","BR",4.21002696454525,-9.3156486749649,11
"889","JJ Kohl","Florida International","DC",3.49555963277817,7.76158884167671,5
"890","JJ Kohl","Florida International","DL",6.39738786220551,15.5824029445648,5
"891","JJ Kohl","Florida International","DR",0.325385808944702,-5.68817555904388,6
"892","JJ Kohl","Florida International","MC",7.92101681232452,-12.5481782214982,14
"893","JJ Kohl","Florida International","ML",8.78742611408234,5.08075629671415,12
"894","JJ Kohl","Florida International","MR",0.692978322505951,-4.88981278065373,17
"895","JJ Kohl","Florida International","SC",2.49522894620895,-5.60273408889771,15
"896","JJ Kohl","Florida International","SL",-0.0478335916996002,-30.1066390105656,7
"897","JJ Kohl","Florida International","SR",8.54819376766682,5.78533512624827,22
"898","Jackson Arnold","UNLV","BC",-1.77225005626678,11.9624853134155,1
"899","Jackson Arnold","UNLV","BL",1.50527060031891,-2.97054251035055,6
"900","Jackson Arnold","UNLV","BR",-4.66673022508621,-13.1850093603134,8
"901","Jackson Arnold","UNLV","DC",3.49429881572723,-11.6380055745443,6
"902","Jackson Arnold","UNLV","DL",9.48362803459167,24.8391777276993,5
"903","Jackson Arnold","UNLV","DR",9.73549175262451,65.8945987621943,3
"904","Jackson Arnold","UNLV","MC",-0.202114939689636,-12.491911649704,17
"905","Jackson Arnold","UNLV","ML",0.163002550601959,-4.18675273656845,5
"906","Jackson Arnold","UNLV","MR",11.0166754126549,0.454723040262858,15
"907","Jackson Arnold","UNLV","SC",-8.68031740188599,-17.2231683364281,13
"908","Jackson Arnold","UNLV","SL",-0.399191081523895,-8.07684254315164,18
"909","Jackson Arnold","UNLV","SR",5.36309246718884,25.6317845483621,15
"910","Jackson Sharman","Sacramento State","BL",0.654493808746338,7.10149705410004,14
"911","Jackson Sharman","Sacramento State","BR",-1.80772894620895,-11.4682652056217,8
"912","Jackson Sharman","Sacramento State","DC",0.55698823928833,-5.16408681869507,2
"913","Jackson Sharman","Sacramento State","DL",5.2705329656601,14.3650249711105,7
"914","Jackson Sharman","Sacramento State","DR",-1.95408183336258,-13.7990827051302,12
"915","Jackson Sharman","Sacramento State","MC",5.78902095556259,-2.52082399450816,13
"916","Jackson Sharman","Sacramento State","ML",-3.93320548534393,-37.3292150596778,6
"917","Jackson Sharman","Sacramento State","MR",6.2437236905098,9.48386693994204,15
"918","Jackson Sharman","Sacramento State","SC",2.47316963411868,-5.3082549571991,15
"919","Jackson Sharman","Sacramento State","SL",10.0956132411957,17.6313910881678,15
"920","Jackson Sharman","Sacramento State","SR",-6.27483640611172,-5.94117343425751,31
"921","Jacurri Brown","Rice","BC",-3.27471613883972,10.9381973743439,3
"922","Jacurri Brown","Rice","BL",4.52716732025146,-20.5573419729869,3
"923","Jacurri Brown","Rice","BR",-1.72810018062592,12.1466636657715,2
"924","Jacurri Brown","Rice","DC",-1.91601878404617,-31.276005932263,7
"925","Jacurri Brown","Rice","DL",-0.545904397964478,-48.146316409111,1
"926","Jacurri Brown","Rice","DR",1.42199599742889,69.7953462600708,1
"927","Jacurri Brown","Rice","MC",5.51394474506378,16.705596446991,5
"928","Jacurri Brown","Rice","ML",3.50442361831665,-4.42787200212479,5
"929","Jacurri Brown","Rice","MR",-0.693203628063202,-14.2607750371099,4
"930","Jacurri Brown","Rice","SC",1.98755764961243,30.7287305593491,2
"931","Jacurri Brown","Rice","SL",-5.62640511989594,-11.0712730884552,10
"932","Jacurri Brown","Rice","SR",4.28143000602722,0.820958893746138,8
"933","Jaden Craig","TCU","BC",-2.47058510780334,7.17478320002556,3
"934","Jaden Craig","TCU","BL",-3.60971548035741,-9.4779691805965,19
"935","Jaden Craig","TCU","BR",-3.55174052715302,0.524807944893837,10
"936","Jaden Craig","TCU","DC",0.791079834103584,-12.9162967205048,5
"937","Jaden Craig","TCU","DL",21.7359824180603,38.1755583816104,9
"938","Jaden Craig","TCU","DR",0.908143281936646,-13.8713050633669,4
"939","Jaden Craig","TCU","MC",10.0685439109802,5.69633208215237,10
"940","Jaden Craig","TCU","ML",-1.14393186569214,-13.9985203742981,6
"941","Jaden Craig","TCU","MR",13.9885696172714,8.70638787746429,15
"942","Jaden Craig","TCU","SC",10.5438467264175,12.7303421497345,6
"943","Jaden Craig","TCU","SL",5.74874520301819,4.03678482398391,16
"944","Jaden Craig","TCU","SR",6.23865462839603,11.202977411449,24
"945","Jadyn Glasser","Central Michigan","BL",0.674062252044678,14.3590942025185,4
"946","Jadyn Glasser","Central Michigan","BR",-0.558284550905228,13.2737994194031,2
"947","Jadyn Glasser","Central Michigan","DC",-1.60876458883286,-32.4391201138496,2
"948","Jadyn Glasser","Central Michigan","DR",-2.25418138504028,-34.2134699225426,2
"949","Jadyn Glasser","Central Michigan","MC",-1.51707500219345,-37.7544932067394,2
"950","Jadyn Glasser","Central Michigan","ML",-0.814398169517517,-63.7078583240509,1
"951","Jadyn Glasser","Central Michigan","SC",-0.0561056137084961,33.8301777839661,1
"952","Jadyn Glasser","Central Michigan","SL",2.05488014221191,-0.410481293996175,3
"953","Jadyn Glasser","Central Michigan","SR",7.09380447864532,22.3929047584534,10
"954","Jared Curtis","Vanderbilt","BC",-0.0866168737411499,11.6907119750977,1
"955","Jared Curtis","Vanderbilt","BL",-1.67267140001059,6.50398631890615,12
"956","Jared Curtis","Vanderbilt","BR",-2.99411469697952,16.4036810398102,5
"957","Jared Curtis","Vanderbilt","DC",2.55580443143845,-11.9954749941826,4
"958","Jared Curtis","Vanderbilt","DL",2.7320002913475,0.380216663082441,9
"959","Jared Curtis","Vanderbilt","DR",6.12819051742554,8.48580284251107,9
"960","Jared Curtis","Vanderbilt","MC",0.804004430770874,-16.6831016540527,2
"961","Jared Curtis","Vanderbilt","ML",2.64196521043777,28.97737895449,3
"962","Jared Curtis","Vanderbilt","MR",2.52701753377914,-4.52791700760524,6
"963","Jared Curtis","Vanderbilt","SC",-1.99982830882072,8.68833735585213,9
"964","Jared Curtis","Vanderbilt","SL",9.22041623294353,6.45701933814132,23
"965","Jared Curtis","Vanderbilt","SR",2.84224724769592,6.06057718396187,12
"966","Jared Hollins","South Alabama","BC",-3.77119678258896,-18.2188471158346,3
"967","Jared Hollins","South Alabama","BL",0.842481970787048,-17.7769839763641,3
"968","Jared Hollins","South Alabama","BR",-2.64612847566605,-4.91690436999003,6
"969","Jared Hollins","South Alabama","DL",-2.73409128189087,-40.2999266982079,2
"970","Jared Hollins","South Alabama","DR",2.98200392723083,15.4650643467903,2
"971","Jared Hollins","South Alabama","MC",7.0200012922287,-4.5282986946404,8
"972","Jared Hollins","South Alabama","ML",10.2636258602142,26.3468325138092,5
"973","Jared Hollins","South Alabama","MR",5.39650619029999,-6.0924020409584,5
"974","Jared Hollins","South Alabama","SC",-1.36805337667465,-22.1009656786919,4
"975","Jared Hollins","South Alabama","SL",0.236661195755005,6.03853709995747,10
"976","Jared Hollins","South Alabama","SR",0.00868493318557739,-5.456710091004,13
"977","Jaron-Keawe Sagapolutele","California","BL",8.56940689682961,13.8631664216518,15
"978","Jaron-Keawe Sagapolutele","California","BR",-7.24089652299881,13.5875765234232,16
"979","Jaron-Keawe Sagapolutele","California","DC",6.69443202018738,13.6320541302363,3
"980","Jaron-Keawe Sagapolutele","California","DL",1.91133081912994,3.02010148763657,5
"981","Jaron-Keawe Sagapolutele","California","DR",4.35310603678226,2.82627642154694,7
"982","Jaron-Keawe Sagapolutele","California","MC",-3.79630309343338,-34.2668857425451,4
"983","Jaron-Keawe Sagapolutele","California","ML",2.79690945148468,-11.7441144059686,17
"984","Jaron-Keawe Sagapolutele","California","MR",2.42138028144836,-12.3091297490256,7
"985","Jaron-Keawe Sagapolutele","California","SC",-2.40233504772186,-4.66672778129578,9
"986","Jaron-Keawe Sagapolutele","California","SL",9.84540371596813,3.25028048111842,26
"987","Jaron-Keawe Sagapolutele","California","SR",-9.99672943353653,-15.0744124892212,21
"988","Jason Wright","Buffalo","BC",-1.86734366416931,-25.2320975065231,2
"989","Jason Wright","Buffalo","BL",-3.31391859054565,13.1427129109701,3
"990","Jason Wright","Buffalo","BR",-2.52068209648132,-11.0846288502216,8
"991","Jason Wright","Buffalo","DC",-1.8282163143158,-38.2763981819153,2
"992","Jason Wright","Buffalo","DL",-0.735210537910461,-15.8280766010284,5
"993","Jason Wright","Buffalo","DR",15.8201789855957,44.5740416646004,6
"994","Jason Wright","Buffalo","MC",1.74851369857788,-29.82324163119,3
"995","Jason Wright","Buffalo","ML",-0.489022135734558,-24.1870046726295,7
"996","Jason Wright","Buffalo","MR",-0.291273355484009,-2.90386648848653,8
"997","Jason Wright","Buffalo","SC",-2.97125220298767,-28.6749105900526,4
"998","Jason Wright","Buffalo","SL",-3.80274371802807,-19.6065694921547,9
"999","Jason Wright","Buffalo","SR",-0.974475562572479,-4.84357131154914,19
"1000","Jason Wright","Buffalo",NA,-1.1928186416626,-7.81561732292175,1
"1001","Jay Kastantin","Bowling Green","BC",-1.25643420219421,-13.7364983558655,2
"1002","Jay Kastantin","Bowling Green","BL",-0.883151173591614,14.0912820895513,6
"1003","Jay Kastantin","Bowling Green","BR",0.415697157382965,6.84082652442157,16
"1004","Jay Kastantin","Bowling Green","DC",0.722445368766785,-7.58930146694183,5
"1005","Jay Kastantin","Bowling Green","DL",-0.251306176185608,-38.6044710874557,2
"1006","Jay Kastantin","Bowling Green","DR",-2.36853116750717,-41.5433367093404,3
"1007","Jay Kastantin","Bowling Green","MC",6.99487972259521,16.2296772003174,5
"1008","Jay Kastantin","Bowling Green","ML",0.394222140312195,24.7940745204687,2
"1009","Jay Kastantin","Bowling Green","MR",1.39585959911346,-4.37024012207985,9
"1010","Jay Kastantin","Bowling Green","SC",7.42486801743507,14.2171858499447,12
"1011","Jay Kastantin","Bowling Green","SL",0.871771037578583,-26.4978228136897,8
"1012","Jay Kastantin","Bowling Green","SR",3.97790703177452,14.2863879601161,18
"1013","Jay Kastantin","Bowling Green",NA,1.4423942565918,28.3810377120972,1
"1014","Jayden Denegal","San Diego State","BC",3.98828709125519,15.4219249884288,3
"1015","Jayden Denegal","San Diego State","BL",-1.56992465257645,-13.735527342016,11
"1016","Jayden Denegal","San Diego State","BR",1.53593072295189,12.0988547801971,6
"1017","Jayden Denegal","San Diego State","DC",3.35973072052002,51.3093173503876,1
"1018","Jayden Denegal","San Diego State","DL",3.17257869243622,-12.5206632746591,9
"1019","Jayden Denegal","San Diego State","DR",5.79237866401672,6.41545295715332,5
"1020","Jayden Denegal","San Diego State","MC",-0.097459077835083,-16.0977922379971,6
"1021","Jayden Denegal","San Diego State","ML",10.9128594398499,40.4246062040329,6
"1022","Jayden Denegal","San Diego State","MR",0.861741900444031,-9.97340381145477,7
"1023","Jayden Denegal","San Diego State","SC",-2.22633403539658,-14.6191920340061,5
"1024","Jayden Denegal","San Diego State","SL",0.334080219268799,1.08807682991028,23
"1025","Jayden Denegal","San Diego State","SR",-0.197798252105713,-6.3208747993816,11
"1026","Jayden Maiava","USC","BC",0.052793025970459,0.671909749507904,2
"1027","Jayden Maiava","USC","BL",6.19142067432404,-0.219292938709259,8
"1028","Jayden Maiava","USC","BR",-2.2926894724369,1.28417573869228,16
"1029","Jayden Maiava","USC","DC",15.2805080413818,28.2483202219009,5
"1030","Jayden Maiava","USC","DL",8.50941264629364,10.9090007841587,4
"1031","Jayden Maiava","USC","DR",11.3582425713539,19.0925372498376,7
"1032","Jayden Maiava","USC","MC",16.1597411632538,-3.38084682822227,20
"1033","Jayden Maiava","USC","ML",-0.822945594787598,-23.3422101874437,14
"1034","Jayden Maiava","USC","MR",11.585119843483,21.8077832460403,10
"1035","Jayden Maiava","USC","SC",9.73681569099426,13.8025641441345,18
"1036","Jayden Maiava","USC","SL",-0.0431618690490723,-4.99278980752696,23
"1037","Jayden Maiava","USC","SR",18.8066222071648,16.3700019319852,27
"1038","Jayden Mandal","Fresno State","BC",-2.06529641151428,6.13791644573212,3
"1039","Jayden Mandal","Fresno State","BL",2.45357483625412,10.3565327823162,11
"1040","Jayden Mandal","Fresno State","BR",0.152358829975128,7.73694117863973,12
"1041","Jayden Mandal","Fresno State","DL",3.7437756061554,30.4021171294153,4
"1042","Jayden Mandal","Fresno State","DR",-1.8445930480957,-7.26794749498367,6
"1043","Jayden Mandal","Fresno State","MC",2.7858145236969,8.16555321216583,4
"1044","Jayden Mandal","Fresno State","ML",5.38490831851959,-3.2023412840707,7
"1045","Jayden Mandal","Fresno State","MR",1.13157308101654,-12.246020603925,8
"1046","Jayden Mandal","Fresno State","SC",4.22901844978333,5.66687881946564,8
"1047","Jayden Mandal","Fresno State","SL",0.0896246433258057,-7.66797822255355,13
"1048","Jayden Mandal","Fresno State","SR",3.62500298023224,4.29007605864452,26
"1049","Jaylen Raynor","Iowa State","BC",-0.992303133010864,11.019366979599,1
"1050","Jaylen Raynor","Iowa State","BL",-3.60296788811684,-9.47942212224007,8
"1051","Jaylen Raynor","Iowa State","BR",0.719512969255447,-6.27702355384827,10
"1052","Jaylen Raynor","Iowa State","DC",1.63700331747532,-7.08803653717041,5
"1053","Jaylen Raynor","Iowa State","DL",4.04284036159515,12.6876063644886,4
"1054","Jaylen Raynor","Iowa State","DR",-1.96284967660904,-8.99501651525497,10
"1055","Jaylen Raynor","Iowa State","MC",9.5752284526825,17.4526011943817,5
"1056","Jaylen Raynor","Iowa State","ML",3.03207868337631,-14.1262652352452,8
"1057","Jaylen Raynor","Iowa State","MR",1.83937299251556,41.4891362190247,1
"1058","Jaylen Raynor","Iowa State","SC",-1.62083339691162,-20.3190883355481,7
"1059","Jaylen Raynor","Iowa State","SL",-0.0699458867311478,-7.93375492095947,10
"1060","Jaylen Raynor","Iowa State","SR",-0.219338595867157,-22.3766184988476,21
"1061","Jeremy Hecklinski","Iowa","BL",1.43072128295898,12.0829403400421,1
"1062","Jeremy Hecklinski","Iowa","BR",-1.13220262527466,-33.6832940578461,2
"1063","Jeremy Hecklinski","Iowa","DL",-1.42400288581848,-46.475538611412,1
"1064","Jeremy Hecklinski","Iowa","DR",-0.762855529785156,-44.2641913890839,1
"1065","Jeremy Hecklinski","Iowa","MC",-1.02487087249756,-18.2140380144119,2
"1066","Jeremy Hecklinski","Iowa","MR",0.891131401062012,10.8998998999596,4
"1067","Jeremy Hecklinski","Iowa","SC",-2.39254236221313,-46.5381607413292,4
"1068","Jeremy Hecklinski","Iowa","SL",2.54598736763,1.91014111042023,4
"1069","Jeremy Hecklinski","Iowa","SR",-2.16723626852036,-20.1116234064102,5
"1070","Jeremy Hecklinski","Iowa",NA,-1.46717095375061,-71.910560131073,1
"1071","John Alan Richter","Toledo","BC",0.0463037490844727,4.28793728351593,4
"1072","John Alan Richter","Toledo","BL",1.26436364650726,2.15988159179688,9
"1073","John Alan Richter","Toledo","BR",-5.59534156322479,13.3822131156921,5
"1074","John Alan Richter","Toledo","DC",9.53672307729721,2.94466118017832,6
"1075","John Alan Richter","Toledo","DL",9.39740335941315,13.2181414536067,7
"1076","John Alan Richter","Toledo","DR",0.722698450088501,-3.55853968196445,9
"1077","John Alan Richter","Toledo","MC",7.38495051860809,-6.8683854171208,7
"1078","John Alan Richter","Toledo","ML",-5.21350431442261,-18.8282263393586,13
"1079","John Alan Richter","Toledo","MR",9.96266031265259,30.8430438595159,7
"1080","John Alan Richter","Toledo","SC",9.03927302360535,16.1856141227942,13
"1081","John Alan Richter","Toledo","SL",9.0723779797554,18.8696627433483,13
"1082","John Alan Richter","Toledo","SR",3.09353867173195,-1.9080125505016,21
"1083","John Mateer","Oklahoma","BC",-2.90185451507568,11.9327759370208,4
"1084","John Mateer","Oklahoma","BL",-3.03628319501877,-5.85764429785989,11
"1085","John Mateer","Oklahoma","BR",1.26432406902313,12.2455471754074,10
"1086","John Mateer","Oklahoma","DC",11.218729197979,17.4223557114601,6
"1087","John Mateer","Oklahoma","DL",-2.16671299934387,-22.4557171265284,6
"1088","John Mateer","Oklahoma","DR",1.236034065485,-17.6171869039536,4
"1089","John Mateer","Oklahoma","MC",10.2063994407654,9.45603623986244,8
"1090","John Mateer","Oklahoma","ML",6.81160581111908,-0.515906299863543,7
"1091","John Mateer","Oklahoma","MR",3.26403677463531,4.59135770797729,5
"1092","John Mateer","Oklahoma","SC",11.9102530181408,20.4635052476078,16
"1093","John Mateer","Oklahoma","SL",-1.99464720487595,-3.02429284368243,7
"1094","John Mateer","Oklahoma","SR",-3.30834022164345,-15.7256652257944,19
"1095","Josh Hoover","Indiana","BL",-1.40727472305298,-14.4012317061424,4
"1096","Josh Hoover","Indiana","BR",-1.99146354198456,10.9115570783615,2
"1097","Josh Hoover","Indiana","DC",7.74020004272461,18.1385624408722,5
"1098","Josh Hoover","Indiana","DL",3.05355191230774,12.333419919014,2
"1099","Josh Hoover","Indiana","DR",0.401713490486145,-8.27415337165197,6
"1100","Josh Hoover","Indiana","MC",3.72396743297577,0.142580270767212,3
"1101","Josh Hoover","Indiana","ML",4.20605480670929,9.27020800965173,7
"1102","Josh Hoover","Indiana","MR",2.41194999217987,6.71803928911686,10
"1103","Josh Hoover","Indiana","SC",5.59617352485657,43.8975284496943,3
"1104","Josh Hoover","Indiana","SL",11.022670686245,11.4635732613112,19
"1105","Josh Hoover","Indiana","SR",10.6144291758537,1.8079952398936,15
"1106","Julian Lewis","Colorado","BC",-2.64372837543488,16.2072201569875,6
"1107","Julian Lewis","Colorado","BL",1.47637183964252,-10.8868290077556,11
"1108","Julian Lewis","Colorado","BR",5.2766380906105,13.2836778958639,9
"1109","Julian Lewis","Colorado","DC",12.859531879425,33.4054134786129,4
"1110","Julian Lewis","Colorado","DL",-4.53751885890961,-38.0033940076828,3
"1111","Julian Lewis","Colorado","DR",-1.70799267292023,-34.4317842274904,4
"1112","Julian Lewis","Colorado","MC",3.16256582736969,32.1453511714935,2
"1113","Julian Lewis","Colorado","ML",2.91810403764248,11.0391372814775,8
"1114","Julian Lewis","Colorado","MR",2.00018019974232,-11.5534294735302,11
"1115","Julian Lewis","Colorado","SC",9.70035469532013,-8.33622055749098,12
"1116","Julian Lewis","Colorado","SL",-1.92745101451874,-12.0053622871637,6
"1117","Julian Lewis","Colorado","SR",1.74752748012543,7.31279961764812,14
"1118","Julian Lewis","Colorado",NA,-0.922206521034241,12.177175283432,1
"1119","Julian Sayin","Ohio State","BL",-0.648232460021973,9.57500785589218,7
"1120","Julian Sayin","Ohio State","BR",-1.20095229148865,2.35780715942383,10
"1121","Julian Sayin","Ohio State","DC",2.65575051307678,-26.2033306062222,4
"1122","Julian Sayin","Ohio State","DL",5.7482727766037,16.7286647217614,7
"1123","Julian Sayin","Ohio State","DR",17.1428288221359,29.7464945912361,10
"1124","Julian Sayin","Ohio State","MC",11.2855792045593,35.867406129837,5
"1125","Julian Sayin","Ohio State","ML",4.50104162096977,0.307351866593728,13
"1126","Julian Sayin","Ohio State","MR",9.9993222951889,13.4893760085106,12
"1127","Julian Sayin","Ohio State","SC",1.68360835313797,9.64579603501729,7
"1128","Julian Sayin","Ohio State","SL",10.5596976876259,8.94080889225006,25
"1129","Julian Sayin","Ohio State","SR",8.89240502566099,10.9853705534568,13
"1130","Julian Sayin","Ohio State",NA,0.704676389694214,27.3127436637878,1
"1131","K'saan Farrar","Colorado State","BC",-1.19376480579376,12.6940548419952,2
"1132","K'saan Farrar","Colorado State","BL",-1.18544101715088,-11.3386397560438,9
"1133","K'saan Farrar","Colorado State","BR",-4.74706715345383,10.6614681807431,11
"1134","K'saan Farrar","Colorado State","DC",3.75414061546326,-16.4970596631368,3
"1135","K'saan Farrar","Colorado State","DL",10.7677497267723,31.6358640789986,5
"1136","K'saan Farrar","Colorado State","DR",6.96459293365479,65.3416514396667,1
"1137","K'saan Farrar","Colorado State","MC",1.8229718208313,-0.953495502471924,3
"1138","K'saan Farrar","Colorado State","ML",-1.01814818382263,-9.9005252122879,3
"1139","K'saan Farrar","Colorado State","MR",3.24395036697388,44.0869241952896,2
"1140","K'saan Farrar","Colorado State","SC",-0.762606263160706,-13.3375585079193,14
"1141","K'saan Farrar","Colorado State","SL",-1.61882969737053,-2.29376604159673,12
"1142","K'saan Farrar","Colorado State","SR",-4.79386425018311,-16.3932365675767,9
"1143","KJ Jackson","Arkansas","BC",-0.990322589874268,-22.353310585022,5
"1144","KJ Jackson","Arkansas","BL",6.9796057343483,5.84991961717606,15
"1145","KJ Jackson","Arkansas","BR",-5.29463404417038,1.94685075145501,13
"1146","KJ Jackson","Arkansas","DC",2.40988194942474,-3.36666703224182,2
"1147","KJ Jackson","Arkansas","DL",5.84504827857018,2.91346106678247,6
"1148","KJ Jackson","Arkansas","DR",-6.29263645410538,-37.2957125306129,6
"1149","KJ Jackson","Arkansas","MC",3.93998235464096,-14.4697748124599,8
"1150","KJ Jackson","Arkansas","ML",11.617559030652,12.0571095209855,13
"1151","KJ Jackson","Arkansas","MR",0.266881227493286,-14.230308867991,8
"1152","KJ Jackson","Arkansas","SC",7.5515314489603,3.44430309805003,22
"1153","KJ Jackson","Arkansas","SL",7.58259093761444,12.0748034733183,17
"1154","KJ Jackson","Arkansas","SR",0.458320498466492,-18.0998894851655,16
"1155","Kadin Semonza","Tulane","BC",-1.19820070266724,11.2494289875031,1
"1156","Kadin Semonza","Tulane","BL",2.36021536588669,-8.5136079788208,5
"1157","Kadin Semonza","Tulane","BR",-4.92755794525146,-17.275071144104,6
"1158","Kadin Semonza","Tulane","DC",9.55746030807495,52.6363596320152,2
"1159","Kadin Semonza","Tulane","DL",-0.272930711507797,-16.2510567903519,10
"1160","Kadin Semonza","Tulane","DR",0.501487135887146,-1.21795137723287,3
"1161","Kadin Semonza","Tulane","MC",4.75170063972473,17.7978972593943,6
"1162","Kadin Semonza","Tulane","ML",5.33581578731537,2.28326255455613,8
"1163","Kadin Semonza","Tulane","MR",-0.840456992387772,2.37526232376695,8
"1164","Kadin Semonza","Tulane","SC",2.83507907390594,-5.90137243270874,6
"1165","Kadin Semonza","Tulane","SL",-12.1400934904814,-24.565433503853,18
"1166","Kadin Semonza","Tulane","SR",0.899810314178467,-3.57885603841982,19
"1167","Kalieb Osborne","Connecticut","BC",0.735563218593597,7.43553638458252,1
"1168","Kalieb Osborne","Connecticut","BL",3.92521947622299,1.30600266986423,9
"1169","Kalieb Osborne","Connecticut","BR",-4.35617065429688,-16.6029756888747,8
"1170","Kalieb Osborne","Connecticut","DC",12.8065712451935,31.3843492418528,6
"1171","Kalieb Osborne","Connecticut","DL",4.47344475984573,-4.27751237383256,13
"1172","Kalieb Osborne","Connecticut","DR",1.04696780443192,-19.7450304031372,5
"1173","Kalieb Osborne","Connecticut","MC",17.9521219730377,14.1012565294902,15
"1174","Kalieb Osborne","Connecticut","ML",-5.08297327160835,-26.5600819140673,8
"1175","Kalieb Osborne","Connecticut","MR",1.37403780221939,9.04011733829975,5
"1176","Kalieb Osborne","Connecticut","SC",1.44187122583389,30.6651723384857,5
"1177","Kalieb Osborne","Connecticut","SL",-1.03264153003693,-12.5343192707409,11
"1178","Kalieb Osborne","Connecticut","SR",9.54375702142715,8.96316549994729,11
"1179","Kamario Taylor","Mississippi State","BC",-2.80793112516403,13.6529698967934,4
"1180","Kamario Taylor","Mississippi State","BL",-1.24888014793396,1.65236790974935,9
"1181","Kamario Taylor","Mississippi State","BR",3.32934033870697,3.28308405245052,17
"1182","Kamario Taylor","Mississippi State","DC",1.01172989606857,-6.88093602657318,3
"1183","Kamario Taylor","Mississippi State","DL",9.78604370355606,6.05812933709886,9
"1184","Kamario Taylor","Mississippi State","DR",12.3050674796104,28.8729260365168,6
"1185","Kamario Taylor","Mississippi State","MC",10.6659033298492,36.458226612636,7
"1186","Kamario Taylor","Mississippi State","ML",1.52069401741028,9.33721562226613,3
"1187","Kamario Taylor","Mississippi State","MR",16.2146301269531,9.00187002761023,14
"1188","Kamario Taylor","Mississippi State","SC",4.59931421279907,-7.6916828751564,10
"1189","Kamario Taylor","Mississippi State","SL",2.76966106891632,-14.0385516520057,14
"1190","Kamario Taylor","Mississippi State","SR",6.04042911529541,2.64213141940889,21
"1191","Katin Houser","Illinois","BL",-1.58065342903137,-4.11683122316996,12
"1192","Katin Houser","Illinois","BR",-2.01634711027145,-1.98477831753817,11
"1193","Katin Houser","Illinois","DC",-1.14405453205109,-21.9553418457508,4
"1194","Katin Houser","Illinois","DL",14.8204743862152,27.4892091751099,9
"1195","Katin Houser","Illinois","DR",-0.485400795936584,-18.9080595970154,5
"1196","Katin Houser","Illinois","MC",2.24923229217529,-4.53656772151589,8
"1197","Katin Houser","Illinois","ML",7.52693271636963,8.22909511625767,16
"1198","Katin Houser","Illinois","MR",6.0940318107605,12.6140697859228,8
"1199","Katin Houser","Illinois","SC",4.14854371547699,33.888278901577,4
"1200","Katin Houser","Illinois","SL",14.0565401315689,12.2031425174914,19
"1201","Katin Houser","Illinois","SR",0.0158797204494476,2.98907780333569,19
"1202","Keelon Russell","Alabama","BC",1.75228500366211,12.9870116710663,1
"1203","Keelon Russell","Alabama","BL",0.178055286407471,-8.13936233520508,5
"1204","Keelon Russell","Alabama","BR",7.79885721206665,12.5799847973718,9
"1205","Keelon Russell","Alabama","DC",9.6406626701355,49.9121218919754,2
"1206","Keelon Russell","Alabama","DL",7.22653770446777,10.9771579504013,4
"1207","Keelon Russell","Alabama","DR",11.6069152355194,44.4573710362116,6
"1208","Keelon Russell","Alabama","MC",2.97988891601562,-6.61977827548981,2
"1209","Keelon Russell","Alabama","ML",6.59042882919312,18.3760419487953,8
"1210","Keelon Russell","Alabama","MR",6.16916567087173,22.0078740268946,6
"1211","Keelon Russell","Alabama","SC",0.773216366767883,6.71336352825165,5
"1212","Keelon Russell","Alabama","SL",6.90159702301025,15.496780599157,12
"1213","Keelon Russell","Alabama","SR",-4.30039548873901,4.30061628713327,17
"1214","Keldric Luster","Ball State","BC",-2.93895274400711,11.9546487927437,4
"1215","Keldric Luster","Ball State","BL",3.317203104496,12.0208668708801,5
"1216","Keldric Luster","Ball State","BR",-5.37608826160431,14.6152707663449,11
"1217","Keldric Luster","Ball State","DC",2.95645189285278,34.6313834190369,1
"1218","Keldric Luster","Ball State","DL",1.62936675548553,-16.6408318281174,5
"1219","Keldric Luster","Ball State","DR",3.69970858097076,12.8265932202339,4
"1220","Keldric Luster","Ball State","MC",0.182276546955109,-26.9732022285461,5
"1221","Keldric Luster","Ball State","ML",4.76297318935394,42.9605960845947,2
"1222","Keldric Luster","Ball State","MR",-3.42385625839233,-14.3540148707953,11
"1223","Keldric Luster","Ball State","SC",2.50988864898682,11.8730445702871,6
"1224","Keldric Luster","Ball State","SL",-0.326951801776886,-6.03220224380493,15
"1225","Keldric Luster","Ball State","SR",-3.32333844900131,-8.18402980764707,15
"1226","Kenny Minchey","Kentucky","BC",0.729861259460449,9.83151197433472,1
"1227","Kenny Minchey","Kentucky","BL",7.60439825057983,-0.558212200800578,15
"1228","Kenny Minchey","Kentucky","BR",2.52157100662589,4.98645561082022,14
"1229","Kenny Minchey","Kentucky","DC",6.96789610385895,2.83294667800268,6
"1230","Kenny Minchey","Kentucky","DL",-1.48221802711487,-30.1150023937225,1
"1231","Kenny Minchey","Kentucky","DR",0.295499622821808,-14.303570613265,8
"1232","Kenny Minchey","Kentucky","MC",3.2186803817749,32.5058907270432,2
"1233","Kenny Minchey","Kentucky","ML",0.0849350690841675,-11.0325187444687,2
"1234","Kenny Minchey","Kentucky","MR",8.21639239788055,18.6498893158776,7
"1235","Kenny Minchey","Kentucky","SC",-1.01992785930634,-5.1287055015564,15
"1236","Kenny Minchey","Kentucky","SL",7.96828079223633,21.4679879446824,9
"1237","Kenny Minchey","Kentucky","SR",0.802979052066803,-7.86600893034655,17
"1238","Kevin Jennings","SMU","BC",0.293784081935883,10.6824060281118,3
"1239","Kevin Jennings","SMU","BL",4.89062811434269,11.5615040063858,12
"1240","Kevin Jennings","SMU","BR",0.827171087265015,12.5913307070732,8
"1241","Kevin Jennings","SMU","DC",1.73229950666428,-3.66786619027456,3
"1242","Kevin Jennings","SMU","DL",0.751094341278076,26.6956184059381,2
"1243","Kevin Jennings","SMU","DR",14.545179605484,45.3400650194713,7
"1244","Kevin Jennings","SMU","MC",16.9564235210419,26.9459712008635,6
"1245","Kevin Jennings","SMU","MR",10.319256901741,15.7740965485573,10
"1246","Kevin Jennings","SMU","SC",8.29054015874863,8.5660994052887,10
"1247","Kevin Jennings","SMU","SL",0.731813669204712,24.1324067115784,1
"1248","Kevin Jennings","SMU","SR",2.42243061959743,-0.846428267265621,19
"1249","Keyone Jenkins","UCF","BC",-0.501549005508423,23.4190106391907,1
"1250","Keyone Jenkins","UCF","BL",-1.25498420000076,11.1294786135356,3
"1251","Keyone Jenkins","UCF","BR",-1.81069225072861,-5.33158183097839,6
"1252","Keyone Jenkins","UCF","DL",-0.744298100471497,-36.9504451751709,1
"1253","Keyone Jenkins","UCF","DR",-1.27056658267975,-34.846442937851,1
"1254","Keyone Jenkins","UCF","MC",9.68838262557983,21.31041487058,6
"1255","Keyone Jenkins","UCF","ML",0.378382503986359,4.21940883000692,3
"1256","Keyone Jenkins","UCF","MR",1.96221482753754,42.1454548835754,1
"1257","Keyone Jenkins","UCF","SC",-2.81616604328156,-11.0669124126434,5
"1258","Keyone Jenkins","UCF","SL",1.65645909309387,-15.0707197189331,5
"1259","Keyone Jenkins","UCF","SR",3.49295830726624,16.2020087242126,7
"1260","LaNorris Sellers","South Carolina","BC",-1.03239163756371,11.8496537208557,4
"1261","LaNorris Sellers","South Carolina","BL",-0.481602072715759,2.54942509863112,9
"1262","LaNorris Sellers","South Carolina","BR",6.27113753557205,13.6612545360218,11
"1263","LaNorris Sellers","South Carolina","DC",-1.63980329036713,-29.7426104545593,6
"1264","LaNorris Sellers","South Carolina","DL",-2.47740352153778,-35.5518657714128,4
"1265","LaNorris Sellers","South Carolina","DR",12.1541579961777,49.3565348908305,4
"1266","LaNorris Sellers","South Carolina","MC",1.66696047782898,-2.39759162068367,8
"1267","LaNorris Sellers","South Carolina","ML",1.06341814994812,16.6973890736699,4
"1268","LaNorris Sellers","South Carolina","MR",3.92027103900909,27.52645034343,4
"1269","LaNorris Sellers","South Carolina","SC",-1.52609068155289,-5.2929550409317,12
"1270","LaNorris Sellers","South Carolina","SL",-1.41971474885941,-18.2617055252194,16
"1271","LaNorris Sellers","South Carolina","SR",10.2965728640556,-3.89282051473856,30
"1272","Landry Lyddy","Southern Mississippi","BL",-3.607297077775,7.57064506411552,5
"1273","Landry Lyddy","Southern Mississippi","BR",5.24696859717369,-7.14134914534433,14
"1274","Landry Lyddy","Southern Mississippi","DC",-0.269583940505981,-28.4317851066589,1
"1275","Landry Lyddy","Southern Mississippi","DL",5.68941295146942,14.4270320733388,6
"1276","Landry Lyddy","Southern Mississippi","DR",1.29464054107666,-4.59667444229126,3
"1277","Landry Lyddy","Southern Mississippi","MC",-1.8240128159523,-24.4118773937225,5
"1278","Landry Lyddy","Southern Mississippi","ML",2.37958633899689,15.3458327054977,3
"1279","Landry Lyddy","Southern Mississippi","MR",6.62213313579559,59.0255682667096,3
"1280","Landry Lyddy","Southern Mississippi","SC",-4.75056046247482,-19.1357849538326,5
"1281","Landry Lyddy","Southern Mississippi","SL",2.43504376709461,-6.5967355455671,14
"1282","Landry Lyddy","Southern Mississippi","SR",0.554515242576599,33.4549307823181,2
"1283","Landyn Locke","Sam Houston State","BC",-6.44975292682648,11.5918964147568,9
"1284","Landyn Locke","Sam Houston State","BL",-3.74268329143524,-17.815821404968,14
"1285","Landyn Locke","Sam Houston State","BR",-6.06693923473358,-4.74472510126921,13
"1286","Landyn Locke","Sam Houston State","DC",7.62986779212952,24.3075599273046,3
"1287","Landyn Locke","Sam Houston State","DL",4.27898252010345,17.9528494675954,3
"1288","Landyn Locke","Sam Houston State","DR",13.4993529319763,27.3689778149128,10
"1289","Landyn Locke","Sam Houston State","MC",11.5762590765953,10.3161373308727,7
"1290","Landyn Locke","Sam Houston State","ML",9.86872684955597,46.9772946834564,5
"1291","Landyn Locke","Sam Houston State","MR",-0.8111252784729,-9.66947432607412,4
"1292","Landyn Locke","Sam Houston State","SC",15.4532899260521,20.2079379787812,26
"1293","Landyn Locke","Sam Houston State","SL",-0.0713640749454498,-10.7103089491526,18
"1294","Landyn Locke","Sam Houston State","SR",0.0520234405994415,-8.64773846364447,28
"1295","Landyn Locke","Sam Houston State",NA,0.933354198932648,-24.9631807208061,4
"1296","Liam Szarka","Air Force","BL",-0.686990201473236,10.0162446498871,1
"1297","Liam Szarka","Air Force","BR",-1.57624351978302,-78.7203252315521,1
"1298","Liam Szarka","Air Force","DC",0.897344768047333,-6.55481306215127,6
"1299","Liam Szarka","Air Force","DL",2.89713621139526,56.4040184020996,1
"1300","Liam Szarka","Air Force","DR",2.22906064987183,51.7822712659836,1
"1301","Liam Szarka","Air Force","MC",0.387084901332855,-10.8565342923005,3
"1302","Liam Szarka","Air Force","ML",5.0359742641449,13.8703987002373,2
"1303","Liam Szarka","Air Force","MR",1.15092778205872,43.3570206165314,1
"1304","Liam Szarka","Air Force","SC",-1.42444229125977,-72.741287946701,1
"1305","Liam Szarka","Air Force","SL",5.75566840171814,33.8708559672038,3
"1306","Liam Szarka","Air Force","SR",-2.48714208602905,-4.36871208250523,5
"1307","Lincoln Kienholz","Louisville","BL",-3.1237521469593,4.11969224611918,12
"1308","Lincoln Kienholz","Louisville","BR",1.68373990058899,12.7014680342241,11
"1309","Lincoln Kienholz","Louisville","DC",0.476062417030334,2.08540856838226,2
"1310","Lincoln Kienholz","Louisville","DL",7.91505640745163,27.6810675859451,3
"1311","Lincoln Kienholz","Louisville","DR",8.51936608552933,13.3082624110911,9
"1312","Lincoln Kienholz","Louisville","MC",7.88691425323486,3.55446169322187,11
"1313","Lincoln Kienholz","Louisville","ML",-2.45355480909348,-10.0090368904851,11
"1314","Lincoln Kienholz","Louisville","MR",8.06704139709473,45.744714140892,4
"1315","Lincoln Kienholz","Louisville","SC",10.8743126392365,28.6447470838373,11
"1316","Lincoln Kienholz","Louisville","SL",-3.14938771724701,-10.4717288698469,14
"1317","Lincoln Kienholz","Louisville","SR",6.74608111381531,-7.18215968873766,18
"1318","Luke Moga","New Mexico","BL",-0.637172341346741,-13.1805226206779,4
"1319","Luke Moga","New Mexico","BR",-3.05134725570679,10.4121208190918,2
"1320","Luke Moga","New Mexico","DC",-0.537371158599854,-37.0370447635651,1
"1321","Luke Moga","New Mexico","DL",4.06861662864685,2.37258225679398,2
"1322","Luke Moga","New Mexico","DR",1.06327795982361,12.5013887882233,2
"1323","Luke Moga","New Mexico","ML",1.58716797828674,20.2504098415375,4
"1324","Luke Moga","New Mexico","MR",-3.69167369604111,-11.1298414878547,8
"1325","Luke Moga","New Mexico","SC",-0.932307481765747,-11.5414460500081,3
"1326","Luke Moga","New Mexico","SL",-1.01918268203735,-17.9349005222321,2
"1327","Luke Moga","New Mexico","SR",-0.717852175235748,0.598952599934169,7
"1328","Luke Weaver","San Jose State","BC",-1.37996810674667,-44.6555778384209,2
"1329","Luke Weaver","San Jose State","BL",-4.30264991521835,15.1491910219193,6
"1330","Luke Weaver","San Jose State","BR",2.91674661636353,-4.69885333017869,11
"1331","Luke Weaver","San Jose State","DC",16.266726732254,34.5077792803446,6
"1332","Luke Weaver","San Jose State","DL",13.0570336580276,24.1895999227251,7
"1333","Luke Weaver","San Jose State","DR",1.72601652145386,-12.6140814274549,8
"1334","Luke Weaver","San Jose State","MC",5.17060458660126,6.51192516088486,12
"1335","Luke Weaver","San Jose State","ML",-0.116714835166931,-26.7207642396291,3
"1336","Luke Weaver","San Jose State","MR",11.40734988451,15.813522785902,13
"1337","Luke Weaver","San Jose State","SC",-1.70307467877865,2.39336043596268,8
"1338","Luke Weaver","San Jose State","SL",-7.50364229083061,-20.3703665102904,26
"1339","Luke Weaver","San Jose State","SR",12.9693974554539,12.5209761730262,35
"1340","Lunch Winfield","Louisiana","BC",2.82434892654419,13.1124436855316,1
"1341","Lunch Winfield","Louisiana","BL",-1.6678324341774,11.4559062889644,7
"1342","Lunch Winfield","Louisiana","BR",-0.898378759622574,1.58021077513695,16
"1343","Lunch Winfield","Louisiana","DC",-2.07272708415985,-43.4786155819893,2
"1344","Lunch Winfield","Louisiana","DL",1.42018806934357,11.5877836942673,2
"1345","Lunch Winfield","Louisiana","DR",0.146234750747681,-5.09895483652751,3
"1346","Lunch Winfield","Louisiana","MC",2.59037864208221,-9.68881100416183,4
"1347","Lunch Winfield","Louisiana","ML",8.75443601608276,44.6939671039581,5
"1348","Lunch Winfield","Louisiana","MR",7.57455879449844,23.2063233852386,9
"1349","Lunch Winfield","Louisiana","SC",1.51193732023239,26.6047465801239,5
"1350","Lunch Winfield","Louisiana","SL",-0.346680164337158,12.6074813306332,18
"1351","Lunch Winfield","Louisiana","SR",-1.87818169593811,-1.25231650822303,17
"1352","Lunch Winfield","Louisiana",NA,0.388968944549561,31.7369818687439,1
"1353","Maddux Madsen","Boise State","BC",-0.875880241394043,11.0301971435547,3
"1354","Maddux Madsen","Boise State","BL",-1.75511491298676,-17.0412560304006,6
"1355","Maddux Madsen","Boise State","BR",-1.46851110458374,-9.55095248562949,7
"1356","Maddux Madsen","Boise State","DC",1.05571573972702,-12.464451789856,3
"1357","Maddux Madsen","Boise State","DL",-3.46381306648254,-42.1848379075527,4
"1358","Maddux Madsen","Boise State","DR",1.68570923805237,35.8136832714081,3
"1359","Maddux Madsen","Boise State","MC",6.51055586338043,-12.2931316494942,6
"1360","Maddux Madsen","Boise State","ML",1.91433650255203,11.2752737477422,6
"1361","Maddux Madsen","Boise State","MR",14.5106874108315,22.6183704354546,11
"1362","Maddux Madsen","Boise State","SC",-1.20489972829819,18.3275067557891,6
"1363","Maddux Madsen","Boise State","SL",14.1503087580204,8.12914459034801,20
"1364","Maddux Madsen","Boise State","SR",-9.02989247441292,-4.72913025056615,34
"1365","Malachi Singleton","Appalachian State","BC",0.952570587396622,-14.5257030427456,5
"1366","Malachi Singleton","Appalachian State","BL",-0.109270453453064,-5.45849502086639,14
"1367","Malachi Singleton","Appalachian State","BR",-3.62151005864143,-4.89844390574624,17
"1368","Malachi Singleton","Appalachian State","DC",8.07294774055481,52.7799844741821,2
"1369","Malachi Singleton","Appalachian State","DL",-0.257811665534973,-21.8683958053589,5
"1370","Malachi Singleton","Appalachian State","DR",6.08603230118752,31.8641583621502,5
"1371","Malachi Singleton","Appalachian State","MC",9.32396619021893,-4.82107784066881,14
"1372","Malachi Singleton","Appalachian State","ML",11.5048426389694,35.4572867043316,8
"1373","Malachi Singleton","Appalachian State","MR",15.3194523453712,33.1199822574854,10
"1374","Malachi Singleton","Appalachian State","SC",2.97830860316753,-1.82702178135514,16
"1375","Malachi Singleton","Appalachian State","SL",4.09843051433563,2.69569387802711,13
"1376","Malachi Singleton","Appalachian State","SR",16.0978367328644,31.5546384250576,22
"1377","Malik Washington","Maryland","BC",-0.976673603057861,15.8067524433136,5
"1378","Malik Washington","Maryland","BL",-2.91400116682053,0.668502971529961,16
"1379","Malik Washington","Maryland","BR",0.26514507830143,-4.69211712479591,16
"1380","Malik Washington","Maryland","DC",3.05445617437363,-23.0785563588142,4
"1381","Malik Washington","Maryland","DL",-1.80611133575439,-34.8906507094701,3
"1382","Malik Washington","Maryland","DR",2.71047788858414,-12.4299809336662,8
"1383","Malik Washington","Maryland","MC",3.95323276519775,-7.40630464120345,11
"1384","Malik Washington","Maryland","ML",-1.67497646808624,-0.195579901337624,10
"1385","Malik Washington","Maryland","MR",15.7273210287094,24.0223910127367,7
"1386","Malik Washington","Maryland","SC",7.6889808177948,-4.65811722808414,18
"1387","Malik Washington","Maryland","SL",-0.548856914043427,-16.2013283371925,20
"1388","Malik Washington","Maryland","SR",0.684066474437714,6.65365954240163,24
"1389","Malik Washington","Maryland",NA,-1.29910051822662,-64.0506088733673,1
"1390","Marcel Reed","Texas A&M","BC",0.737519860267639,12.4255537986755,1
"1391","Marcel Reed","Texas A&M","BL",-4.08212849497795,3.88156537498747,14
"1392","Marcel Reed","Texas A&M","BR",-1.74321293830872,-0.751355061164269,13
"1393","Marcel Reed","Texas A&M","DC",-3.16771620512009,-25.3308266401291,5
"1394","Marcel Reed","Texas A&M","DL",-3.86213576793671,-22.8847965598106,6
"1395","Marcel Reed","Texas A&M","DR",7.68974828720093,24.1178830464681,6
"1396","Marcel Reed","Texas A&M","MC",-0.859187006950378,-42.2870063781738,5
"1397","Marcel Reed","Texas A&M","ML",5.45047283172607,20.3396899004777,9
"1398","Marcel Reed","Texas A&M","MR",-1.33612316846848,-21.0685553650061,12
"1399","Marcel Reed","Texas A&M","SC",7.90932750701904,-6.73760717565363,11
"1400","Marcel Reed","Texas A&M","SL",-0.81450018286705,-18.055461821231,22
"1401","Marcel Reed","Texas A&M","SR",7.27496057748795,4.81149232015014,20
"1402","Marcus Stokes","Memphis","BC",-1.90281331539154,3.25396433472633,2
"1403","Marcus Stokes","Memphis","BL",1.36632597446442,16.2578701972961,7
"1404","Marcus Stokes","Memphis","BR",-2.68085055053234,-1.75440808137258,12
"1405","Marcus Stokes","Memphis","DC",3.15891897678375,17.8724894920985,3
"1406","Marcus Stokes","Memphis","DL",2.78140556812286,-1.72793666521708,6
"1407","Marcus Stokes","Memphis","DR",13.9160561561584,40.2003102004528,4
"1408","Marcus Stokes","Memphis","MC",7.36564886569977,35.5424821376801,5
"1409","Marcus Stokes","Memphis","ML",5.67551690340042,-5.43396870295207,6
"1410","Marcus Stokes","Memphis","MR",-2.85426980257034,0.357347039075998,13
"1411","Marcus Stokes","Memphis","SC",12.4714727401733,34.7181963423888,9
"1412","Marcus Stokes","Memphis","SL",7.04431027173996,18.3280414436013,16
"1413","Marcus Stokes","Memphis","SR",-1.63519436120987,-14.4257128238678,10
"1414","Marcus Stokes","Memphis",NA,3.75859332084656,66.4714843034744,1
"1415","Mason Heintschel","Pittsburgh","BC",-1.46649318933487,5.42858392000198,2
"1416","Mason Heintschel","Pittsburgh","BL",1.27510243654251,28.544557094574,6
"1417","Mason Heintschel","Pittsburgh","BR",-0.0388511419296265,1.823790371418,8
"1418","Mason Heintschel","Pittsburgh","DC",0.0382981300354004,-20.4433004061381,3
"1419","Mason Heintschel","Pittsburgh","DL",10.5627657175064,11.4920780062675,8
"1420","Mason Heintschel","Pittsburgh","DR",11.6108746528625,7.01311714947224,8
"1421","Mason Heintschel","Pittsburgh","MC",4.21567142009735,0.122181326150894,14
"1422","Mason Heintschel","Pittsburgh","ML",1.73652780056,21.3443537553151,6
"1423","Mason Heintschel","Pittsburgh","MR",3.8931086063385,-10.6584997581584,7
"1424","Mason Heintschel","Pittsburgh","SC",11.5194907784462,11.7262356660583,22
"1425","Mason Heintschel","Pittsburgh","SL",6.90687939524651,0.565190861622492,24
"1426","Mason Heintschel","Pittsburgh","SR",4.9251397550106,4.41785138100386,18
"1427","Mason McKenzie","Boston College","BC",0.573328018188477,8.8284969329834,1
"1428","Mason McKenzie","Boston College","BL",1.87959319353104,-0.0821562856435776,10
"1429","Mason McKenzie","Boston College","BR",-7.93289804458618,12.4814625542897,13
"1430","Mason McKenzie","Boston College","DC",7.26032668352127,30.3881511092186,4
"1431","Mason McKenzie","Boston College","DL",1.55667853355408,10.9424188733101,2
"1432","Mason McKenzie","Boston College","DR",12.7462177276611,15.9458225592971,6
"1433","Mason McKenzie","Boston College","MC",-3.49707639217377,-28.2143328871046,7
"1434","Mason McKenzie","Boston College","ML",0.135454773902893,4.04827396074931,6
"1435","Mason McKenzie","Boston College","MR",3.40413808822632,30.5990608036518,5
"1436","Mason McKenzie","Boston College","SC",-5.59078764915466,-19.8997220645348,18
"1437","Mason McKenzie","Boston College","SL",0.404233515262604,7.5486846268177,12
"1438","Mason McKenzie","Boston College","SR",-8.25030338764191,-10.7368108980796,17
"1439","Mason McKenzie","Boston College",NA,1.09588623046875,10.2182030677795,1
"1440","Matt Vezza","Ohio","BC",-0.817039251327515,-73.7777292728424,1
"1441","Matt Vezza","Ohio","BL",6.18743932247162,14.9106991291046,5
"1442","Matt Vezza","Ohio","BR",-1.99581879377365,-3.22184183380821,11
"1443","Matt Vezza","Ohio","DC",5.61714887619019,60.3209286928177,2
"1444","Matt Vezza","Ohio","DL",1.14114904403687,47.3013639450073,1
"1445","Matt Vezza","Ohio","DR",-0.87900185585022,-40.0423943996429,1
"1446","Matt Vezza","Ohio","MC",4.51991713047028,34.7720185915629,3
"1447","Matt Vezza","Ohio","ML",-2.88801777362823,-50.3735035657883,3
"1448","Matt Vezza","Ohio","MR",3.39661049842834,41.1836326122284,2
"1449","Matt Vezza","Ohio","SC",-0.555786848068237,29.5129120349884,1
"1450","Matt Vezza","Ohio","SL",9.10967099666595,20.3314342669078,7
"1451","Matt Vezza","Ohio","SR",1.0293482542038,3.96934764252769,9
"1452","Max Johnson","Georgia Southern","BC",-2.13588869571686,-1.8126904964447,5
"1453","Max Johnson","Georgia Southern","BL",-6.30197581648827,3.66686892352606,19
"1454","Max Johnson","Georgia Southern","BR",2.6428936123848,2.01873779296875,10
"1455","Max Johnson","Georgia Southern","DC",-0.523697376251221,-54.9563765525818,1
"1456","Max Johnson","Georgia Southern","DL",1.69001483917236,-9.62538561887211,9
"1457","Max Johnson","Georgia Southern","DR",13.3402171134949,20.3014050211225,7
"1458","Max Johnson","Georgia Southern","MC",-0.484096527099609,-45.8643913269043,1
"1459","Max Johnson","Georgia Southern","ML",-1.11406695842743,-20.8510721431059,17
"1460","Max Johnson","Georgia Southern","MR",4.21176779270172,-8.53512747721239,11
"1461","Max Johnson","Georgia Southern","SC",5.14967858791351,8.22903029620647,16
"1462","Max Johnson","Georgia Southern","SL",4.92585911601782,6.04437924921513,38
"1463","Max Johnson","Georgia Southern","SR",-1.06654766201973,8.06443950250035,21
"1464","McCae Hillstead","Utah State","BL",0.326690912246704,10.8179867267609,1
"1465","McCae Hillstead","Utah State","DL",-0.172399282455444,-33.5193738341331,2
"1466","McCae Hillstead","Utah State","MC",3.18399047851562,1.42520268758138,3
"1467","McCae Hillstead","Utah State","ML",0.396358847618103,-27.1412332852681,3
"1468","McCae Hillstead","Utah State","MR",5.54700136184692,-4.15412368518966,7
"1469","McCae Hillstead","Utah State","SL",5.7632417678833,7.2171151638031,4
"1470","McCae Hillstead","Utah State","SR",-0.579523801803589,-5.58541119098663,6
"1471","Micah Alejado","Hawai'i","BC",-1.84830763936043,-18.4929095208645,4
"1472","Micah Alejado","Hawai'i","BL",-7.3957867026329,4.61832622394842,17
"1473","Micah Alejado","Hawai'i","BR",-4.63544642925262,2.61761744817098,9
"1474","Micah Alejado","Hawai'i","DC",5.6589766740799,9.45583522319794,5
"1475","Micah Alejado","Hawai'i","DL",-1.24046474695206,-13.6890733242035,5
"1476","Micah Alejado","Hawai'i","DR",-0.474672883749008,-46.0591942071915,1
"1477","Micah Alejado","Hawai'i","MC",2.35092377662659,-17.2533081046173,14
"1478","Micah Alejado","Hawai'i","ML",8.10550177097321,-10.1598516993579,21
"1479","Micah Alejado","Hawai'i","MR",-0.591003492474556,-31.1745315790176,10
"1480","Micah Alejado","Hawai'i","SC",15.3851657658815,14.0154370239803,14
"1481","Micah Alejado","Hawai'i","SL",-1.36932584643364,-4.51994547620416,40
"1482","Micah Alejado","Hawai'i","SR",13.5932581722736,1.95678263902664,40
"1483","Michael Hawkins Jr.","West Virginia","BC",-1.61889803409576,14.6406561136246,2
"1484","Michael Hawkins Jr.","West Virginia","BL",-2.62404161691666,-8.47922086715698,5
"1485","Michael Hawkins Jr.","West Virginia","BR",0.559904336929321,19.4961726665497,1
"1486","Michael Hawkins Jr.","West Virginia","DC",5.97487282752991,15.6835595766703,3
"1487","Michael Hawkins Jr.","West Virginia","DL",3.69245463609695,10.5872482061386,4
"1488","Michael Hawkins Jr.","West Virginia","DR",4.91368401050568,-7.32994102514707,13
"1489","Michael Hawkins Jr.","West Virginia","MC",13.4063374996185,11.8330400437117,8
"1490","Michael Hawkins Jr.","West Virginia","ML",-0.331221103668213,-12.7667486667633,2
"1491","Michael Hawkins Jr.","West Virginia","MR",0.417602121829987,-26.8613629043102,4
"1492","Michael Hawkins Jr.","West Virginia","SC",-2.1584986448288,-41.0956203937531,3
"1493","Michael Hawkins Jr.","West Virginia","SL",3.20143741369247,6.23165249824524,5
"1494","Michael Hawkins Jr.","West Virginia","SR",4.09681105613708,14.4570940070682,9
"1495","Michael Van Buren Jr.","South Florida","BC",1.33917784690857,12.5432193279266,1
"1496","Michael Van Buren Jr.","South Florida","BL",3.74903571605682,-5.53243855635325,6
"1497","Michael Van Buren Jr.","South Florida","BR",3.83712816238403,2.16472506523132,10
"1498","Michael Van Buren Jr.","South Florida","DC",-2.08843660354614,-28.6595791578293,6
"1499","Michael Van Buren Jr.","South Florida","DL",-2.62227165699005,-34.0394586324692,2
"1500","Michael Van Buren Jr.","South Florida","DR",5.59461623430252,1.42782678206762,3
"1501","Michael Van Buren Jr.","South Florida","MC",4.23031896352768,-9.29495692253113,7
"1502","Michael Van Buren Jr.","South Florida","ML",0.234723925590515,-28.1219363212585,7
"1503","Michael Van Buren Jr.","South Florida","MR",3.17283260822296,8.95297127691182,11
"1504","Michael Van Buren Jr.","South Florida","SC",0.694090306758881,-6.75457980897692,9
"1505","Michael Van Buren Jr.","South Florida","SL",5.81575787067413,18.3282170158166,13
"1506","Michael Van Buren Jr.","South Florida","SR",5.88912284374237,12.15023415593,13
"1507","Mitch Griffis","East Carolina","BC",-2.77234125137329,25.4461944103241,1
"1508","Mitch Griffis","East Carolina","BL",-1.840824842453,11.2896755337715,4
"1509","Mitch Griffis","East Carolina","BR",-1.36837938427925,15.7374064127604,3
"1510","Mitch Griffis","East Carolina","DC",6.20732009410858,-16.917484998703,3
"1511","Mitch Griffis","East Carolina","DL",-3.47707909345627,-33.852042555809,5
"1512","Mitch Griffis","East Carolina","DR",-3.42763817310333,-13.1536993508538,6
"1513","Mitch Griffis","East Carolina","MC",2.69537734985352,-11.3428503274918,2
"1514","Mitch Griffis","East Carolina","MR",-0.55889368057251,6.81933742016554,4
"1515","Mitch Griffis","East Carolina","SC",-4.77857398986816,-60.2670960128307,5
"1516","Mitch Griffis","East Carolina","SL",-1.58166891336441,-23.4782117605209,5
"1517","Mitch Griffis","East Carolina","SR",9.51570296287537,26.8010997878654,14
"1518","Nate Bennett","Baylor","BL",-2.65824836492538,12.4437358644274,9
"1519","Nate Bennett","Baylor","BR",8.59605544805527,2.69330590963364,12
"1520","Nate Bennett","Baylor","DC",-1.36238527297974,-45.3529417514801,1
"1521","Nate Bennett","Baylor","DL",1.92525953054428,-4.72419708967209,6
"1522","Nate Bennett","Baylor","DR",8.13966703414917,37.9698842763901,4
"1523","Nate Bennett","Baylor","MC",3.19961452484131,33.5623872280121,5
"1524","Nate Bennett","Baylor","ML",4.11285495758057,-8.95459949970245,4
"1525","Nate Bennett","Baylor","MR",2.673579454422,9.91837382316589,4
"1526","Nate Bennett","Baylor","SC",0.78848659992218,18.8449761271477,5
"1527","Nate Bennett","Baylor","SL",0.586711406707764,27.0239979028702,2
"1528","Nate Bennett","Baylor","SR",-1.67746588587761,-9.17656701058149,4
"1529","Nathan Hayes","North Dakota State","BL",-0.631138920783997,11.0678017139435,3
"1530","Nathan Hayes","North Dakota State","BR",4.82499587535858,12.1605376402537,9
"1531","Nathan Hayes","North Dakota State","DC",-1.58783626556396,-38.8625428080559,2
"1532","Nathan Hayes","North Dakota State","DL",18.4569998979568,30.6088668294251,8
"1533","Nathan Hayes","North Dakota State","DR",1.86417001485825,7.4847599864006,5
"1534","Nathan Hayes","North Dakota State","MC",0.665454626083374,-29.5092244942983,3
"1535","Nathan Hayes","North Dakota State","ML",0.0156863331794739,22.736523548762,3
"1536","Nathan Hayes","North Dakota State","MR",2.49070060253143,-16.080604493618,10
"1537","Nathan Hayes","North Dakota State","SC",6.6641628742218,24.2134183645248,6
"1538","Nathan Hayes","North Dakota State","SL",-0.906359791755676,-9.12199524395606,17
"1539","Nathan Hayes","North Dakota State","SR",11.3933589458466,14.1432842070406,22
"1540","Nick Minicucci","Delaware","BC",0.178148090839386,12.8809859355291,6
"1541","Nick Minicucci","Delaware","BL",0.594054341316223,38.5175714890162,3
"1542","Nick Minicucci","Delaware","BR",-2.80369743704796,-18.804595246911,4
"1543","Nick Minicucci","Delaware","DC",3.73215222358704,60.0016087293625,1
"1544","Nick Minicucci","Delaware","DL",5.45120799541473,21.7744904756546,5
"1545","Nick Minicucci","Delaware","DR",12.6335511803627,15.2056213882234,9
"1546","Nick Minicucci","Delaware","MC",0.247051477432251,-17.6430374383926,2
"1547","Nick Minicucci","Delaware","ML",4.58356148004532,30.160464239972,7
"1548","Nick Minicucci","Delaware","MR",3.8858807682991,26.2961252459458,7
"1549","Nick Minicucci","Delaware","SC",6.00435090065002,-8.7224365108543,9
"1550","Nick Minicucci","Delaware","SL",-2.13585323095322,-6.68276376698328,23
"1551","Nick Minicucci","Delaware","SR",-1.62697768211365,-11.2816461078499,23
"1552","Nick Poulos","Ohio","BC",1.28979742527008,22.9685068130493,1
"1553","Nick Poulos","Ohio","BL",-1.55559360980988,-27.4433379371961,3
"1554","Nick Poulos","Ohio","BR",-2.16434720158577,14.992718398571,4
"1555","Nick Poulos","Ohio","DC",0.219343841075897,-25.5491107702255,1
"1556","Nick Poulos","Ohio","DL",0.713052034378052,4.84413355588913,2
"1557","Nick Poulos","Ohio","DR",-2.89927852153778,-27.1086713299155,4
"1558","Nick Poulos","Ohio","MC",5.62053155899048,1.48133436838786,3
"1559","Nick Poulos","Ohio","ML",-0.998033285140991,-31.481556892395,5
"1560","Nick Poulos","Ohio","MR",-1.98669946193695,-18.3210534974933,4
"1561","Nick Poulos","Ohio","SC",-2.51778066158295,-76.0080724954605,2
"1562","Nick Poulos","Ohio","SL",2.66547393798828,26.9300282001495,1
"1563","Nick Poulos","Ohio","SR",1.66390866041183,16.9876014192899,6
"1564","Nico Iamaleava","UCLA","BC",-3.18823575973511,-53.7282720208168,4
"1565","Nico Iamaleava","UCLA","BL",1.54683405160904,4.45614944804798,11
"1566","Nico Iamaleava","UCLA","BR",3.13377583026886,13.178425175803,7
"1567","Nico Iamaleava","UCLA","DC",3.80590718984604,15.7616759339968,6
"1568","Nico Iamaleava","UCLA","DL",-2.85980570316315,-30.5928270022074,3
"1569","Nico Iamaleava","UCLA","DR",7.40080046653748,22.6446826010942,8
"1570","Nico Iamaleava","UCLA","MC",1.72901129722595,-14.3394775688648,10
"1571","Nico Iamaleava","UCLA","ML",0.0259312391281128,-33.0597132444382,4
"1572","Nico Iamaleava","UCLA","MR",7.98079854249954,2.71829813718796,9
"1573","Nico Iamaleava","UCLA","SC",-1.50801652669907,-4.99065518379211,10
"1574","Nico Iamaleava","UCLA","SL",2.89771860837936,22.8982320986688,8
"1575","Nico Iamaleava","UCLA","SR",8.52178925275803,-1.36871286667883,16
"1576","Noah Fifita","Arizona","BC",-1.50285637378693,17.5120741128922,2
"1577","Noah Fifita","Arizona","BL",-1.39064264297485,-13.2223531603813,8
"1578","Noah Fifita","Arizona","BR",-2.27551513910294,9.57809388637543,14
"1579","Noah Fifita","Arizona","DC",4.05005836486816,57.6465666294098,1
"1580","Noah Fifita","Arizona","DL",9.65614986419678,12.4124624662929,9
"1581","Noah Fifita","Arizona","DR",6.79576277732849,1.79511738771742,11
"1582","Noah Fifita","Arizona","MC",1.11943602561951,-18.3718595653772,6
"1583","Noah Fifita","Arizona","ML",-0.217080235481262,-23.1239249308904,3
"1584","Noah Fifita","Arizona","MR",-0.683460235595703,-3.62078938633204,8
"1585","Noah Fifita","Arizona","SC",16.6415809392929,18.2316834727923,12
"1586","Noah Fifita","Arizona","SL",8.95716109871864,27.118225812912,25
"1587","Noah Fifita","Arizona","SR",3.7410432100296,11.2213425636292,25
"1588","Noah Kim","Eastern Michigan","BC",1.74848058819771,10.7666415827615,7
"1589","Noah Kim","Eastern Michigan","BL",-0.243189513683319,14.5636675755183,15
"1590","Noah Kim","Eastern Michigan","BR",-10.8529459834099,-0.269497056370196,23
"1591","Noah Kim","Eastern Michigan","DC",-2.64041012525558,-18.0866820471627,7
"1592","Noah Kim","Eastern Michigan","DL",1.09058344364166,-4.62114065885544,6
"1593","Noah Kim","Eastern Michigan","DR",-3.50209552049637,-16.7299402505159,10
"1594","Noah Kim","Eastern Michigan","MC",8.22170495986938,-4.38236718376478,12
"1595","Noah Kim","Eastern Michigan","ML",7.06485939025879,6.28947220169581,13
"1596","Noah Kim","Eastern Michigan","MR",-3.7484050989151,-18.0099850893021,10
"1597","Noah Kim","Eastern Michigan","SC",1.53784364461899,2.45388196781278,16
"1598","Noah Kim","Eastern Michigan","SL",7.40936952829361,8.61380665466703,29
"1599","Noah Kim","Eastern Michigan","SR",-6.72756645083427,-6.78717554325149,21
"1600","Noah Kim","Eastern Michigan",NA,-0.188896656036377,23.6705362796783,1
"1601","Owen McCown","UT San Antonio","BC",-1.88447695970535,-46.4019298553467,3
"1602","Owen McCown","UT San Antonio","BL",3.41424849629402,14.6032011703305,23
"1603","Owen McCown","UT San Antonio","BR",-6.25243663787842,7.79766951288496,14
"1604","Owen McCown","UT San Antonio","DC",-0.605332255363464,-52.3725569248199,1
"1605","Owen McCown","UT San Antonio","DL",6.14592063426971,23.183187097311,6
"1606","Owen McCown","UT San Antonio","DR",2.55864334106445,-3.681547443072,3
"1607","Owen McCown","UT San Antonio","MC",-0.790305018424988,-17.5049808892337,11
"1608","Owen McCown","UT San Antonio","ML",3.77014553546906,27.9844902455807,4
"1609","Owen McCown","UT San Antonio","MR",-0.634473502635956,-0.762231200933456,5
"1610","Owen McCown","UT San Antonio","SC",4.30662068724632,2.07234765402973,16
"1611","Owen McCown","UT San Antonio","SL",4.34551692008972,-3.34432322531939,20
"1612","Owen McCown","UT San Antonio","SR",3.68805223703384,18.3876563927957,14
"1613","Quinn Henicle","Old Dominion","BC",-1.03902223706245,-10.0890442728996,2
"1614","Quinn Henicle","Old Dominion","BL",-2.61067366600037,6.69740080833435,5
"1615","Quinn Henicle","Old Dominion","BR",1.30038580298424,-7.48939514160156,5
"1616","Quinn Henicle","Old Dominion","DC",2.30924391746521,12.910820543766,2
"1617","Quinn Henicle","Old Dominion","DL",3.99537581205368,13.9779925346375,4
"1618","Quinn Henicle","Old Dominion","DR",6.95009422302246,59.6565425395966,2
"1619","Quinn Henicle","Old Dominion","MC",4.83144450187683,21.0178278386593,5
"1620","Quinn Henicle","Old Dominion","ML",-4.46436810493469,-50.5191552639008,5
"1621","Quinn Henicle","Old Dominion","MR",-0.604737997055054,-7.91547447443008,1
"1622","Quinn Henicle","Old Dominion","SC",3.87658883631229,27.9269014086042,7
"1623","Quinn Henicle","Old Dominion","SL",-1.59501510858536,-16.8095824122429,5
"1624","Quinn Henicle","Old Dominion","SR",5.61707842350006,11.5631195406119,6
"1625","Rickie Collins","Kennesaw State","BC",-0.287518739700317,17.5163805484772,2
"1626","Rickie Collins","Kennesaw State","BL",-1.82722961902618,-13.0815260112286,8
"1627","Rickie Collins","Kennesaw State","BR",-3.28822910785675,9.40868095918135,22
"1628","Rickie Collins","Kennesaw State","DC",7.32148838043213,63.0566075444221,2
"1629","Rickie Collins","Kennesaw State","DL",0.0621368587017059,0.221947953104973,5
"1630","Rickie Collins","Kennesaw State","DR",1.12660640478134,4.56702634692192,3
"1631","Rickie Collins","Kennesaw State","MC",-4.41311073303223,32.7822983264923,1
"1632","Rickie Collins","Kennesaw State","ML",-1.59852707386017,-8.36840607225895,4
"1633","Rickie Collins","Kennesaw State","MR",3.41725865006447,7.47158875068029,9
"1634","Rickie Collins","Kennesaw State","SC",-1.48717695474625,-1.80877088145776,11
"1635","Rickie Collins","Kennesaw State","SL",3.82710275053978,7.11553339802084,21
"1636","Rickie Collins","Kennesaw State","SR",9.24364018440247,2.35657122518335,28
"1637","Rocco Becht","Penn State","BC",-0.0597200393676758,23.6715912818909,1
"1638","Rocco Becht","Penn State","BL",4.49396750330925,12.406485080719,5
"1639","Rocco Becht","Penn State","BR",-3.24795806407928,-57.0007756352425,4
"1640","Rocco Becht","Penn State","DC",12.864585518837,29.9497822920481,6
"1641","Rocco Becht","Penn State","DL",1.20869898796082,-2.96376173694929,6
"1642","Rocco Becht","Penn State","DR",-1.63318330049515,-35.6445301856313,7
"1643","Rocco Becht","Penn State","MC",13.5105999708176,16.3384296827846,9
"1644","Rocco Becht","Penn State","ML",3.28944563865662,13.2581159472466,6
"1645","Rocco Becht","Penn State","MR",-0.513359427452087,-10.5376467108727,4
"1646","Rocco Becht","Penn State","SC",0.796032965183258,-10.6559693813324,7
"1647","Rocco Becht","Penn State","SL",1.31236666440964,-1.48644646008809,18
"1648","Rocco Becht","Penn State","SR",2.85664830729365,6.67399852536619,16
"1649","Rocco Becht","Penn State",NA,4.42520236968994,52.8504520654678,1
"1650","Rodney Tisdale Jr.","Western Kentucky","BC",-3.78951072692871,-6.61717772483826,5
"1651","Rodney Tisdale Jr.","Western Kentucky","BL",-2.54474514722824,-11.671639084816,5
"1652","Rodney Tisdale Jr.","Western Kentucky","BR",-0.094803512096405,6.65096136239859,13
"1653","Rodney Tisdale Jr.","Western Kentucky","DC",3.9304591268301,13.1209254264832,2
"1654","Rodney Tisdale Jr.","Western Kentucky","DL",8.62325114011765,23.8571087519328,3
"1655","Rodney Tisdale Jr.","Western Kentucky","DR",-0.919938802719116,-19.0742808580399,5
"1656","Rodney Tisdale Jr.","Western Kentucky","ML",0.946440458297729,-28.2199045022329,3
"1657","Rodney Tisdale Jr.","Western Kentucky","MR",8.34675061702728,-12.0547807878918,9
"1658","Rodney Tisdale Jr.","Western Kentucky","SC",2.48372846841812,-10.8182764053345,5
"1659","Rodney Tisdale Jr.","Western Kentucky","SL",4.4914573431015,13.8697229325771,8
"1660","Rodney Tisdale Jr.","Western Kentucky","SR",8.93956738710403,2.7041422693353,19
"1661","Roman Gagliano","Middle Tennessee","BC",-4.50565600395203,-42.8212357064088,6
"1662","Roman Gagliano","Middle Tennessee","BL",0.428663492202759,1.41478329896927,8
"1663","Roman Gagliano","Middle Tennessee","BR",-2.62703680992126,-12.0190996676683,16
"1664","Roman Gagliano","Middle Tennessee","DC",5.2925021648407,17.4376159906387,3
"1665","Roman Gagliano","Middle Tennessee","DL",0.749156832695007,-11.0642806161195,8
"1666","Roman Gagliano","Middle Tennessee","DR",-1.80409598350525,-3.65341849625111,5
"1667","Roman Gagliano","Middle Tennessee","MC",3.79536426067352,12.6325663179159,8
"1668","Roman Gagliano","Middle Tennessee","ML",-2.64962643384933,-10.7793767419126,9
"1669","Roman Gagliano","Middle Tennessee","MR",4.04847925901413,10.912995133549,8
"1670","Roman Gagliano","Middle Tennessee","SC",8.29558739066124,8.29631510902854,17
"1671","Roman Gagliano","Middle Tennessee","SL",2.07973545789719,-7.6665119956369,23
"1672","Roman Gagliano","Middle Tennessee","SR",6.33661180734634,15.982456629475,18
"1673","Ryan Browne","Purdue","BC",0.0450249314308167,20.0378686189651,2
"1674","Ryan Browne","Purdue","BL",4.3960946444422,0.976953336170742,7
"1675","Ryan Browne","Purdue","BR",6.21450716257095,-2.94332610709327,14
"1676","Ryan Browne","Purdue","DL",2.53876656293869,6.79336500664552,6
"1677","Ryan Browne","Purdue","DR",6.18473345041275,8.8316023349762,6
"1678","Ryan Browne","Purdue","MC",8.94026899337769,23.9184013434819,7
"1679","Ryan Browne","Purdue","ML",8.55394089221954,18.519414588809,8
"1680","Ryan Browne","Purdue","MR",9.17430728673935,19.7208647926648,12
"1681","Ryan Browne","Purdue","SC",20.4568988382816,11.1223582799236,24
"1682","Ryan Browne","Purdue","SL",1.35005685687065,5.61844696375457,22
"1683","Ryan Browne","Purdue","SR",-1.52802860736847,9.32809268789632,21
"1684","Ryan Huff","Old Dominion","BC",0.946853935718536,23.3121395111084,1
"1685","Ryan Huff","Old Dominion","BL",-1.83724248409271,21.3824361562729,2
"1686","Ryan Huff","Old Dominion","BR",-0.0425527095794678,20.4738438129425,1
"1687","Ryan Huff","Old Dominion","DC",4.5171070098877,45.50501704216,1
"1688","Ryan Huff","Old Dominion","DL",-4.46103453636169,-36.2869001924992,4
"1689","Ryan Huff","Old Dominion","DR",4.64609336853027,16.2691242992878,4
"1690","Ryan Huff","Old Dominion","MC",1.47933405637741,-15.2743965387344,2
"1691","Ryan Huff","Old Dominion","MR",-3.11225873231888,-32.4412572197616,4
"1692","Ryan Huff","Old Dominion","SC",1.60837346315384,23.5198137660821,6
"1693","Ryan Huff","Old Dominion","SL",1.25336456298828,-9.35641924540202,3
"1694","Ryan Huff","Old Dominion","SR",-4.09691685438156,-10.8304162323475,10
"1695","Ryan Puglisi","Georgia","BL",1.42777109146118,16.9056981801987,2
"1696","Ryan Puglisi","Georgia","BR",-0.271065950393677,-13.0254538357258,5
"1697","Ryan Puglisi","Georgia","DC",-0.41006064414978,-39.8875385522842,1
"1698","Ryan Puglisi","Georgia","DL",0.295691967010498,4.01520878076553,2
"1699","Ryan Puglisi","Georgia","DR",-0.398506164550781,-46.7082321643829,1
"1700","Ryan Puglisi","Georgia","MC",-3.69701600074768,-39.8606330156326,4
"1701","Ryan Puglisi","Georgia","ML",3.02409899234772,33.885669708252,2
"1702","Ryan Puglisi","Georgia","MR",1.77713298797607,33.6748242378235,1
"1703","Ryan Puglisi","Georgia","SC",3.25724321603775,-20.4680681228638,4
"1704","Ryan Puglisi","Georgia","SL",0.212685585021973,28.7724673748016,1
"1705","Ryan Puglisi","Georgia","SR",0.353128910064697,-1.85262680053711,5
"1706","Ryder Burton","UAB","BL",-5.82235991954803,-34.8907470703125,6
"1707","Ryder Burton","UAB","BR",1.71560496091843,-0.0873252749443054,7
"1708","Ryder Burton","UAB","DC",-0.693547368049622,-34.8338782787323,1
"1709","Ryder Burton","UAB","DL",1.50396549701691,25.1517402008176,2
"1710","Ryder Burton","UAB","DR",1.58822727203369,-6.376112314562,6
"1711","Ryder Burton","UAB","MC",13.2189916372299,17.6667203505834,12
"1712","Ryder Burton","UAB","ML",8.59641051292419,14.2860844731331,4
"1713","Ryder Burton","UAB","MR",3.57025325298309,7.93746493756771,10
"1714","Ryder Burton","UAB","SC",5.73572772741318,8.04878131796916,12
"1715","Ryder Burton","UAB","SL",1.24886643886566,2.65470087528229,15
"1716","Ryder Burton","UAB","SR",-1.7003767490387,-0.247440487146378,12
"1717","Sam Leavitt","LSU","BC",-0.426064014434814,10.9722673892975,1
"1718","Sam Leavitt","LSU","BL",1.12864601612091,0.706489384174347,8
"1719","Sam Leavitt","LSU","BR",2.36664372682571,8.66776267066598,16
"1720","Sam Leavitt","LSU","DC",4.91889017820358,-11.0834002494812,3
"1721","Sam Leavitt","LSU","DL",5.45284795761108,26.8900573253632,4
"1722","Sam Leavitt","LSU","DR",10.5210219621658,-1.27283751964569,10
"1723","Sam Leavitt","LSU","MC",8.1433452963829,6.44732899963856,12
"1724","Sam Leavitt","LSU","ML",-2.01080787181854,-18.0364769697189,5
"1725","Sam Leavitt","LSU","MR",6.82475340366364,11.7947270472844,9
"1726","Sam Leavitt","LSU","SC",0.811864137649536,-22.530379572085,7
"1727","Sam Leavitt","LSU","SL",5.2080637216568,10.1990561518404,18
"1728","Sam Leavitt","LSU","SR",10.151911854744,4.87522892653942,16
"1729","Skyler Locklear","Missouri State","BC",-0.346951633691788,10.5987012386322,1
"1730","Skyler Locklear","Missouri State","BL",-4.72217863798141,15.2256894111633,10
"1731","Skyler Locklear","Missouri State","BR",-3.28477224707603,3.49141219083001,17
"1732","Skyler Locklear","Missouri State","DC",7.42832374572754,48.4657883644104,2
"1733","Skyler Locklear","Missouri State","DL",3.24227303266525,3.42107474803925,5
"1734","Skyler Locklear","Missouri State","DR",13.6734185218811,23.7772062420845,8
"1735","Skyler Locklear","Missouri State","MC",3.06558203697205,34.8647654056549,1
"1736","Skyler Locklear","Missouri State","ML",-1.32058775424957,-23.0844864621758,4
"1737","Skyler Locklear","Missouri State","MR",0.544233918190002,-14.0813836827874,4
"1738","Skyler Locklear","Missouri State","SC",2.66000139713287,1.2724444270134,4
"1739","Skyler Locklear","Missouri State","SL",-0.392154097557068,-5.38243278861046,8
"1740","Skyler Locklear","Missouri State","SR",-0.480652093887329,4.98256581394296,19
"1741","Steve Angeli","Syracuse","BC",-0.345561742782593,10.0062966346741,1
"1742","Steve Angeli","Syracuse","BL",-1.73927441239357,-1.21185878912608,6
"1743","Steve Angeli","Syracuse","BR",5.57045942544937,-1.53442455662621,9
"1744","Steve Angeli","Syracuse","DC",1.98979234695435,-13.7849360704422,3
"1745","Steve Angeli","Syracuse","DL",-1.27395129203796,-29.4813790491649,7
"1746","Steve Angeli","Syracuse","DR",6.54234665632248,12.4242004007101,8
"1747","Steve Angeli","Syracuse","MC",7.15471303462982,17.8227646648884,5
"1748","Steve Angeli","Syracuse","ML",-2.32646417617798,-59.0676426887512,2
"1749","Steve Angeli","Syracuse","MR",5.33275330066681,10.9707297964229,9
"1750","Steve Angeli","Syracuse","SC",0.352352738380432,-13.0020601054033,12
"1751","Steve Angeli","Syracuse","SL",0.342497766017914,4.08434007655491,11
"1752","Steve Angeli","Syracuse","SR",1.10782569646835,-15.6545765697956,16
"1753","Steve Angeli","Syracuse",NA,2.02204138040543,9.46496650576591,4
"1754","Tait Reynolds","Clemson","BC",-2.43270292878151,-7.33730316162109,5
"1755","Tait Reynolds","Clemson","BL",-3.76426887512207,-13.3659914135933,8
"1756","Tait Reynolds","Clemson","BR",-4.87004163861275,-6.8729145186288,14
"1757","Tait Reynolds","Clemson","DC",-2.35293841362,-43.7487319111824,2
"1758","Tait Reynolds","Clemson","DL",-3.00923770666122,-38.9510720968246,4
"1759","Tait Reynolds","Clemson","DR",-2.10253840684891,-5.41353732347488,5
"1760","Tait Reynolds","Clemson","MC",0.718939900398254,-13.7606382369995,2
"1761","Tait Reynolds","Clemson","ML",1.11306965351105,-9.3598281343778,6
"1762","Tait Reynolds","Clemson","MR",5.84812739491463,12.7032399177551,7
"1763","Tait Reynolds","Clemson","SC",2.1709291934967,1.11221224069595,4
"1764","Tait Reynolds","Clemson","SL",6.25135564804077,2.34933793544769,8
"1765","Tait Reynolds","Clemson","SR",8.59121158719063,8.42519203821818,15
"1766","Taron Dickens","Northern Illinois","BC",1.1480964422226,23.7433671951294,1
"1767","Taron Dickens","Northern Illinois","BL",-1.43645513057709,18.1020379066467,7
"1768","Taron Dickens","Northern Illinois","BR",2.80540987849236,13.3736555278301,15
"1769","Taron Dickens","Northern Illinois","DC",-0.177784085273743,-13.832068964839,5
"1770","Taron Dickens","Northern Illinois","DL",-2.34327852725983,-18.7604048422405,7
"1771","Taron Dickens","Northern Illinois","DR",-1.20838606357574,-30.8254301548004,1
"1772","Taron Dickens","Northern Illinois","MC",9.97494173049927,12.7196863293648,8
"1773","Taron Dickens","Northern Illinois","ML",4.0025720000267,3.44155530134837,6
"1774","Taron Dickens","Northern Illinois","MR",7.17309582233429,12.929162808827,7
"1775","Taron Dickens","Northern Illinois","SC",-8.28257250785828,-27.9482697221366,11
"1776","Taron Dickens","Northern Illinois","SL",12.3853592574596,13.6530315876007,30
"1777","Taron Dickens","Northern Illinois","SR",4.92234317958355,10.4521516491385,17
"1778","Taron Dickens","Northern Illinois",NA,-1.0448260307312,-28.1844884157181,1
"1779","Tayven Jackson","North Texas","BL",0.249038934707642,-5.86617101322521,11
"1780","Tayven Jackson","North Texas","BR",1.05919653177261,8.66681307554245,20
"1781","Tayven Jackson","North Texas","DC",6.92147397994995,15.5153408646584,6
"1782","Tayven Jackson","North Texas","DL",8.85304737091064,35.2882996201515,4
"1783","Tayven Jackson","North Texas","DR",-0.0584990978240967,-17.8589537739754,4
"1784","Tayven Jackson","North Texas","MC",20.6216235160828,28.6656441433089,14
"1785","Tayven Jackson","North Texas","ML",16.3958288431168,20.0121888747582,13
"1786","Tayven Jackson","North Texas","MR",0.909309148788452,4.1783989717563,6
"1787","Tayven Jackson","North Texas","SC",1.59201669692993,-2.30038292706013,10
"1788","Tayven Jackson","North Texas","SL",5.43448600172997,2.18942250524248,21
"1789","Tayven Jackson","North Texas","SR",1.36756896972656,8.0380333121866,16
"1790","Toa Fa'avae","New Mexico","BL",-1.48525738716125,11.4207983016968,1
"1791","Toa Fa'avae","New Mexico","BR",-0.913982510566711,-13.2275179028511,1
"1792","Toa Fa'avae","New Mexico","DC",4.63771533966064,22.6750642061234,3
"1793","Toa Fa'avae","New Mexico","DL",10.0974787473679,10.5064421892166,8
"1794","Toa Fa'avae","New Mexico","DR",-1.22903287410736,-47.6495295763016,1
"1795","Toa Fa'avae","New Mexico","MC",-0.656069993972778,-65.6638264656067,1
"1796","Toa Fa'avae","New Mexico","ML",0.289876699447632,1.13242641091347,4
"1797","Toa Fa'avae","New Mexico","MR",1.86844396591187,-9.89517569541931,2
"1798","Toa Fa'avae","New Mexico","SC",0.766278743743896,-12.1942889690399,5
"1799","Toa Fa'avae","New Mexico","SL",0.941700339317322,-8.57177913188934,10
"1800","Toa Fa'avae","New Mexico","SR",-4.82588750123978,-40.405582357198,8
"1801","Trey Hedden","New Mexico State","BC",-3.32491087913513,-75.0386357307434,1
"1802","Trey Hedden","New Mexico State","BL",0.882466912269592,12.5238373875618,8
"1803","Trey Hedden","New Mexico State","BR",-5.59501206874847,-12.6867637038231,8
"1804","Trey Hedden","New Mexico State","DC",11.7422911524773,1.78995674306696,11
"1805","Trey Hedden","New Mexico State","DL",-2.56347358226776,-33.6806505918503,2
"1806","Trey Hedden","New Mexico State","DR",7.57408094406128,-5.00801618282612,13
"1807","Trey Hedden","New Mexico State","MC",8.05619966983795,16.1598111901964,7
"1808","Trey Hedden","New Mexico State","ML",9.99162244796753,-3.86533992631095,7
"1809","Trey Hedden","New Mexico State","MR",7.63448739051819,32.9423360526562,7
"1810","Trey Hedden","New Mexico State","SC",4.07989129424095,-4.93595408541816,14
"1811","Trey Hedden","New Mexico State","SL",-6.28560143709183,-14.3156526876347,14
"1812","Trey Hedden","New Mexico State","SR",-0.547864824533463,-20.4773859431346,12
"1813","Trey Hedden","New Mexico State",NA,-0.608604907989502,-45.6143945455551,4
"1814","Trey Kukuk","Louisiana Tech","BC",2.20269203186035,15.2148902416229,1
"1815","Trey Kukuk","Louisiana Tech","BL",-0.420380115509033,11.7888897657394,2
"1816","Trey Kukuk","Louisiana Tech","BR",-5.7378214597702,15.1872371633848,12
"1817","Trey Kukuk","Louisiana Tech","DC",-5.05864024162292,-46.0538297891617,2
"1818","Trey Kukuk","Louisiana Tech","DL",-1.14314544200897,-33.0567806959152,1
"1819","Trey Kukuk","Louisiana Tech","DR",9.15353631973267,57.1278721094131,2
"1820","Trey Kukuk","Louisiana Tech","MC",3.23715019226074,12.1044769883156,4
"1821","Trey Kukuk","Louisiana Tech","ML",1.65097713470459,-7.85023272037506,2
"1822","Trey Kukuk","Louisiana Tech","MR",-2.09533619880676,-33.4787039458752,5
"1823","Trey Kukuk","Louisiana Tech","SC",0.4422807097435,-12.7521455287933,5
"1824","Trey Kukuk","Louisiana Tech","SL",-1.77154231071472,-12.9389214018981,9
"1825","Trey Kukuk","Louisiana Tech","SR",-1.69531458616257,-6.46981994311015,3
"1826","Trey Owens","Arkansas State","BC",0.670183777809143,24.0732371807098,1
"1827","Trey Owens","Arkansas State","BL",-1.00646039843559,12.7659698327382,9
"1828","Trey Owens","Arkansas State","BR",7.40925773978233,4.81249888737996,12
"1829","Trey Owens","Arkansas State","DC",4.19345664978027,50.2345532178879,1
"1830","Trey Owens","Arkansas State","DL",1.61826694011688,0.66750297943751,9
"1831","Trey Owens","Arkansas State","DR",2.86999726295471,2.4182815104723,6
"1832","Trey Owens","Arkansas State","MC",4.23755604028702,-2.70118594169617,5
"1833","Trey Owens","Arkansas State","ML",6.63351786136627,28.0214216027941,7
"1834","Trey Owens","Arkansas State","MR",2.69220334291458,-3.96368695156915,7
"1835","Trey Owens","Arkansas State","SC",0.845389544963837,-2.9891441265742,6
"1836","Trey Owens","Arkansas State","SL",6.93507891893387,7.40587431937456,16
"1837","Trey Owens","Arkansas State","SR",-3.13474559783936,9.53865328596698,18
"1838","Trinidad Chambliss","Ole Miss","BC",-1.6326379776001,10.6259822845459,1
"1839","Trinidad Chambliss","Ole Miss","BL",-2.62326239049435,0.452727621251887,11
"1840","Trinidad Chambliss","Ole Miss","BR",-5.95228987932205,12.8627391961905,13
"1841","Trinidad Chambliss","Ole Miss","DC",9.79916429519653,23.6314691603184,4
"1842","Trinidad Chambliss","Ole Miss","DL",-2.38995945453644,-28.3100267872214,4
"1843","Trinidad Chambliss","Ole Miss","DR",7.71542030572891,19.5021606050432,8
"1844","Trinidad Chambliss","Ole Miss","MC",12.940851688385,4.9319143478687,13
"1845","Trinidad Chambliss","Ole Miss","ML",10.9247210621834,23.0841254194578,12
"1846","Trinidad Chambliss","Ole Miss","MR",0.149543166160583,8.47722478210926,8
"1847","Trinidad Chambliss","Ole Miss","SC",3.66075396537781,5.15788065062629,9
"1848","Trinidad Chambliss","Ole Miss","SL",12.9980173707008,9.72827468067408,32
"1849","Trinidad Chambliss","Ole Miss","SR",1.41276770830154,1.89453706793163,23
"1850","Tyler Hughes","Wyoming","BR",0.423671871423721,6.45130241618437,17
"1851","Tyler Hughes","Wyoming","DC",0.400772333145142,1.88507735729218,2
"1852","Tyler Hughes","Wyoming","DL",2.74019777774811,-4.90650138817728,8
"1853","Tyler Hughes","Wyoming","DR",-3.65096169710159,-31.6676521673799,6
"1854","Tyler Hughes","Wyoming","MC",9.63395214080811,24.4524627923965,5
"1855","Tyler Hughes","Wyoming","ML",4.35824763774872,11.546324690183,6
"1856","Tyler Hughes","Wyoming","MR",3.48833048343658,2.98262132952611,6
"1857","Tyler Hughes","Wyoming","SC",-3.93880271911621,-16.754025220871,11
"1858","Tyler Hughes","Wyoming","SL",7.69120526313782,10.2417439222336,12
"1859","Tyler Hughes","Wyoming","SR",-0.180588662624359,14.6752657074677,19
"1860","Tyler Mizzell","Ball State","BC",-1.43582534790039,-73.3171224594116,1
"1861","Tyler Mizzell","Ball State","BL",3.48925715684891,-4.17557835578918,5
"1862","Tyler Mizzell","Ball State","DL",4.85347747802734,66.8837636709213,1
"1863","Tyler Mizzell","Ball State","DR",-0.58086085319519,-36.6684779524803,2
"1864","Tyler Mizzell","Ball State","MC",-1.14703369140625,-8.74469950795174,1
"1865","Tyler Mizzell","Ball State","ML",4.1763858795166,19.8330382506053,3
"1866","Tyler Mizzell","Ball State","MR",-3.02611005306244,-25.126969255507,4
"1867","Tyler Mizzell","Ball State","SC",-1.28417897224426,24.8077869415283,1
"1868","Tyler Mizzell","Ball State","SL",-0.790493190288544,-21.9486743211746,2
"1869","Tyler Mizzell","Ball State","SR",6.18997693061829,28.4998421370983,10
"1870","Tyler Mizzell","Ball State",NA,1.31629610061646,27.3086726665497,1
"1871","Walker Eget","Duke","BC",0.675279438495636,-45.1430837313334,3
"1872","Walker Eget","Duke","BL",12.0990815758705,2.17780888080597,10
"1873","Walker Eget","Duke","BR",0.939943552017212,8.64585489034653,8
"1874","Walker Eget","Duke","DL",12.9860348105431,17.3776172101498,11
"1875","Walker Eget","Duke","DR",3.40016460418701,15.6676413491368,4
"1876","Walker Eget","Duke","MC",1.01633071899414,-19.2749381065369,7
"1877","Walker Eget","Duke","ML",6.97862893342972,7.72119872272015,8
"1878","Walker Eget","Duke","MR",-0.205117464065552,-20.1519946257273,6
"1879","Walker Eget","Duke","SC",-1.13610291481018,9.71143891414007,12
"1880","Walker Eget","Duke","SL",4.95072799921036,-5.4116193491679,13
"1881","Walker Eget","Duke","SR",0.985634922981262,-12.4564977362752,8
"1882","Will Hammond","Texas Tech","BC",-0.465046167373657,-22.2236593564351,3
"1883","Will Hammond","Texas Tech","BL",3.30311119556427,12.2222578525543,5
"1884","Will Hammond","Texas Tech","BR",-2.18826979398727,-2.19726045926412,15
"1885","Will Hammond","Texas Tech","DC",1.3763382434845,-16.3307030995687,3
"1886","Will Hammond","Texas Tech","DL",2.62748146057129,11.2085893750191,2
"1887","Will Hammond","Texas Tech","DR",16.6838929653168,18.1871831417084,10
"1888","Will Hammond","Texas Tech","MC",7.15621072053909,-1.36379464106126,11
"1889","Will Hammond","Texas Tech","ML",2.51493567228317,8.98160845041275,5
"1890","Will Hammond","Texas Tech","MR",3.14041864871979,14.0949099014203,6
"1891","Will Hammond","Texas Tech","SC",-5.03219246864319,-23.8490231335163,16
"1892","Will Hammond","Texas Tech","SL",9.91518082469702,12.4905891278211,17
"1893","Will Hammond","Texas Tech","SR",3.57259568572044,1.26722792784373,15
"1894","William Watson III","UMass","BC",-2.28065752983093,16.8319702148438,2
"1895","William Watson III","UMass","BL",-2.03782510757446,9.88831166177988,12
"1896","William Watson III","UMass","BR",-3.18133381009102,4.88359853625298,4
"1897","William Watson III","UMass","DC",7.13755249977112,8.96736308932304,4
"1898","William Watson III","UMass","DL",1.94149178266525,30.3697268168132,3
"1899","William Watson III","UMass","DR",3.47336649894714,8.06313738226891,5
"1900","William Watson III","UMass","MC",0.949573516845703,2.79286535722869,7
"1901","William Watson III","UMass","ML",4.24409139156342,-6.16616159677505,4
"1902","William Watson III","UMass","MR",6.7888371348381,40.2173101902008,6
"1903","William Watson III","UMass","SC",-0.232510805130005,-14.6032241483529,6
"1904","William Watson III","UMass","SL",5.21012485027313,39.6217386637415,7
"1905","William Watson III","UMass","SR",2.07483498007059,12.9708458979925,12
