"year","qb","offense_play","passes","ed_epa","ld_epa","pass_epa","rush_epa","sr","er","sack_rate","epa_to","epa_play","want"
"1",2014,"A. Appleby","Purdue",268,-0.0466539154163014,-0.44680268575143,-60.8189869125726,3.45422785542091,0.35258358662614,0.21580547112462,0.0428571428571429,-57.8914011294529,-0.174360969778577,1
"2",2014,"A. Boone","Duke",447,0.00767878348858931,-0.0738604899349735,-22.7193146283032,13.6411378505471,0.399628252788104,0.239776951672863,0.0261437908496733,-36.6239523965185,-0.0168739345311452,1
"3",2014,"A. Grammer","Middle Tennessee",303,0.0020794365600473,0.100163175280658,-8.39241169393238,21.1193513784258,0.435835351089588,0.305084745762712,0.0733944954128441,-61.2668539364155,0.0308158345871511,1
"4",2014,"A. Hendrix","Miami (OH)",437,0.05913059551655,0.0812077115538474,15.8258138222714,22.6314044361911,0.427609427609428,0.324915824915825,0.0895833333333334,-62.719356324191,0.0647427916809135,1
"5",2014,"A. Jennings","LSU",222,-0.109218425673877,-0.0428126610739565,-28.3779595418786,0.570193879889375,0.36969696969697,0.263636363636364,0.0938775510204082,-45.1120904193442,-0.0842659565514825,1
"6",2014,"A. Long","Syracuse",159,-0.251054056430336,0.0786976831795302,-28.403312964487,-0.0588445142206999,0.362745098039216,0.254901960784314,0.0914285714285713,-23.5790143497136,-0.139520379797587,1
"7",2014,"A. Mcgough","Florida International",220,-0.18110813352496,-0.296978514454196,-66.7355633603862,-1.03102362934621,0.342019543973941,0.228013029315961,0.0983606557377049,-44.3909116763284,-0.220738068370464,1
"8",2014,"A. Mcnulty","North Texas",183,0.0656416927186942,-0.376841591981137,-17.9487902984302,0.154324606174007,0.375565610859728,0.230769230769231,0.0567010309278351,-22.3423846410859,-0.0805179443088518,1
"9",2014,"A. Robinson","UTSA",144,-0.256322289721833,-0.658551165142219,-79.0067707332767,-0.196820141467732,0.29951690821256,0.202898550724638,0.0828025477707006,-36.6726116153245,-0.382626042873162,1
"10",2014,"A. Solomon","Arizona",535,0.099574043809357,-0.0660591423920575,29.3314724578875,7.73479656432848,0.416417910447761,0.277611940298507,0.0663176265270507,-25.8830283088715,0.0553227895853969,1
"11",2014,"B. Allen","Arkansas",338,0.0527123295034308,0.21009244631526,47.7863429518873,-6.98148232142209,0.428947368421053,0.313157894736842,0.0342857142857143,-29.1911323055224,0.107381212185435,1
"12",2014,"B. Bridge","South Alabama",274,-0.0606614364888346,-0.246233384960128,-41.0158843682777,-0.853240285588161,0.390243902439024,0.287262872628726,0.0774410774410774,-57.9373515957806,-0.113466462476601,1
"13",2014,"B. Burrell","Fresno State",421,-0.0813850077515499,0.0191672813429641,-45.143162955122,18.2985796801117,0.411320754716981,0.269811320754717,0.0767543859649123,-89.581232501393,-0.0506501571226608,1
"14",2014,"B. Decker","UNLV",391,-0.0485265968132063,0.0861653655989233,-12.8251706411171,8.31710213836598,0.424581005586592,0.281191806331471,0.08,-78.4746340342646,-0.00839491341294427,1
"15",2014,"B. Doughty","Western Kentucky",535,0.242368115242156,0.498561408078069,172.159554536077,2.84062978754258,0.5043630017452,0.349040139616056,0.0325497287522604,-65.3247489671433,0.305410443845758,1
"16",2014,"B. Frohnapfel","Massachusetts",428,0.0785226496135239,0.121847246373501,45.8181258378214,-3.01220881620184,0.407249466950959,0.307036247334755,0.048888888888889,-58.1827377517438,0.0912706119863956,1
"17",2014,"B. Hundley","UCLA",361,0.132551902557159,0.160003238253342,42.6735257652125,28.5562256267585,0.479371316306483,0.288801571709234,0.0883838383838384,-40.3486220809205,0.139940572479314,1
"18",2014,"B. Kaaya","Miami",377,0.0531224056695027,0.145710653443308,34.8277622187769,-2.34830884321503,0.418316831683168,0.309405940594059,0.0503778337531486,-64.372957821906,0.080394686573173,1
"19",2014,"B. Petty","Baylor",425,0.268692902455414,-0.148295817508323,79.1982661647175,5.17413828716548,0.474409448818897,0.293307086614173,0.0513392857142857,-38.2358267023182,0.166087410338352,1
"20",2014,"B. Silvers","Troy",267,-0.0398272482907461,0.10365909779194,-3.36984866339734,3.96280122545831,0.416893732970027,0.258855585831063,0.0696864111498258,-27.0311980124284,0.00161567455602448,1
"21",2014,"B. Sims","Alabama",387,0.152819552502067,0.610881219468518,119.024832557081,13.2644971584623,0.523404255319149,0.351063829787234,0.0325,-62.3289877543121,0.28146665896924,1
"22",2014,"B. Wallace","Ole Miss",344,0.0772684365668508,-0.135149367303248,37.9969979846545,-30.3769054132835,0.416666666666667,0.285087719298246,0.0752688172043011,-59.0387387305289,0.0167107293231821,1
"23",2014,"C. Brown","Maryland",336,-0.0799726362987472,-0.10115326264726,-63.1233570904954,20.9455471198738,0.404907975460123,0.239263803680982,0.0943396226415094,-44.0188025338834,-0.0862531901239708,1
"24",2014,"C. Clements","UAB",246,0.110406562547018,-0.00789674451202381,20.0777784630938,3.79254639562764,0.441441441441441,0.306306306306306,0.0786516853932585,-44.3026271624437,0.0716826572333978,1
"25",2014,"C. Cook","Michigan State",364,0.217031645182974,0.30225950466065,99.9601747478269,0.931896156772212,0.481927710843374,0.342168674698795,0.0319148936170213,-47.6563247695481,0.243113423866504,1
"26",2014,"C. Fajardo","Nevada",369,0.0419713018016096,0.171517661284586,-3.26180199511542,45.5095999743829,0.442528735632184,0.304597701149425,0.0489690721649485,-61.3554061807408,0.0809344788874855,1
"27",2014,"C. Hackenberg","Penn State",474,-0.221458555761475,-0.0751518138390328,-91.5567004865671,-8.25631716608367,0.4,0.221238938053097,0.0831721470019341,-103.478251883237,-0.17666020823478,1
"28",2014,"C. Halliday","Washington State",525,0.112903484447325,0.105817001060164,67.8071067620764,-6.17981921858938,0.46028880866426,0.299638989169675,0.0366972477064221,-55.199650171227,0.111240591233731,1
"29",2014,"C. Kessler","USC",451,0.164530438157976,0.568306511320139,137.87341772372,2.71518637324271,0.478260869565217,0.337944664031621,0.0662525879917184,-26.9220511236425,0.277843091100717,1
"30",2014,"C. Kirkegaard","Wyoming",351,-0.00744992784471368,0.0619118908131792,-0.395524445861067,7.61867805485227,0.416861826697892,0.309133489461358,0.106870229007634,-61.7542008234588,0.0169160506065368,1
"31",2014,"C. Miles","Washington",327,0.0285656352936511,0.217758502858978,30.8728798059988,9.27179369664834,0.442696629213483,0.289887640449438,0.0603448275862069,-44.5899729810382,0.0902127494441508,1
"32",2014,"C. Reardon","Kent State",394,-0.035343134615832,-0.113314232828735,-23.3297434718675,-2.07985625824979,0.404867256637168,0.269911504424779,0.0247524752475248,-69.7349493430073,-0.0562159286064542,1
"33",2014,"C. Rush","Central Michigan",381,0.238400460369933,-0.00260720810006478,69.8659719023839,3.01531887537805,0.496470588235294,0.334117647058824,0.0638820638820638,-81.0687099627106,0.171485390065322,1
"34",2014,"C. Sokol","Louisiana Tech",409,0.157099901545486,0.112001573419753,66.3620826572243,-0.836095260414321,0.452954048140044,0.291028446389497,0.039906103286385,-52.1923198707797,0.143382904588206,1
"35",2014,"C. Stewart","BYU",340,0.083062568278468,0.223554326354919,48.5350808959924,1.80529116937383,0.428571428571428,0.309523809523809,0.0581717451523545,-42.4320338054582,0.119858028727062,1
"36",2014,"C. Stoudt","Clemson",298,-0.13498163120728,-0.0781597036125553,-36.1220599618538,-6.99532087301403,0.38692098092643,0.217983651226158,0.053968253968254,-35.7480628056453,-0.117486051321166,1
"37",2014,"C. Trickett","West Virginia",416,0.114848848531306,-0.0606004900408395,21.8270607735773,6.97320229798982,0.442013129102844,0.301969365426696,0.0566893424036281,-54.0528000728646,0.0630202693032102,1
"38",2014,"C. Voytik","Pittsburgh",255,0.105846195624925,0.0876553125053367,27.3412200853305,7.56502238146711,0.494252873563218,0.310344827586207,0.0659340659340659,-37.6724345538955,0.100305294444821,1
"39",2014,"C. Whitmer","UConn",217,-0.194684328622717,0.0100631412899969,-34.6136557796832,-4.03176963849872,0.368965517241379,0.231034482758621,0.103305785123967,-58.4721095008987,-0.133260087648903,1
"40",2014,"D. Etling","Purdue",159,-0.134833299839632,-0.0939990479379778,-30.0477213020746,6.77311985457109,0.359375,0.244791666666667,0.0701754385964911,-12.034210738207,-0.12122188253908,1
"41",2014,"D. Evans","Tulsa",449,0.0664750783376519,-0.207655030785021,-11.809052693513,2.7147012044772,0.422562141491396,0.273422562141491,0.048728813559322,-77.9860350312631,-0.0173888173786535,1
"42",2014,"D. Gardner","Michigan",282,-0.0963798807100976,-0.237078404871659,-66.0482640493745,13.1028805767963,0.455263157894737,0.302631578947368,0.0784313725490196,-80.6714871893761,-0.139329956506785,1
"43",2014,"D. Garman","Oklahoma State",272,-0.0995087801845622,-0.205884888276322,-42.3798938483619,-0.124494793079421,0.376506024096386,0.271084337349398,0.0993377483443709,-57.3069785360539,-0.128025266992293,1
"44",2014,"D. Garretson","Utah State",132,0.229008406972681,-0.478392725508237,2.04668532947468,2.36471974525623,0.422818791946309,0.268456375838926,0.0638297872340426,-21.2297990455069,0.0296067454679927,1
"45",2014,"D. Hare","Northern Illinois",325,0.0587564226042867,0.533573571216227,53.0280277305428,36.6027365582679,0.467908902691511,0.287784679089027,0.0327380952380952,-30.7873920650485,0.185570940556544,1
"46",2014,"D. Jackson","Rice",317,0.140515746349565,0.156367497589638,57.8811550212434,5.63250904844636,0.446224256292906,0.31578947368421,0.0758017492711371,-32.7399654648868,0.145340192379153,1
"47",2014,"D. Prescott","Mississippi State",403,0.169696929177475,0.286289269672817,77.6890663720221,44.7140195864832,0.501639344262295,0.314754098360656,0.0472813238770685,-55.095049930229,0.200660796653287,1
"48",2014,"D. Thompson","South Carolina",444,0.098021517604633,0.135684553479383,64.2013394285797,-9.66086596520766,0.438976377952756,0.305118110236221,0.0472103004291846,-60.3917942662428,0.107363136738921,1
"49",2014,"D. Vick","Ohio",158,0.19081746131399,-0.182877171209914,-0.305746445054764,20.8815196101008,0.485477178423236,0.29045643153527,0.0650887573964497,-28.8682776397615,0.0853766521371206,1
"50",2014,"D. Watson","Clemson",134,0.324077487039072,0.719588711609308,68.0540420923009,16.82275149415,0.520408163265306,0.357142857142857,0.049645390070922,-6.21916905061436,0.433044865236994,1
"51",2014,"D. Webb","Texas Tech",342,0.128399134141443,0.0874693541009673,40.1413997631181,2.27020919001701,0.445682451253482,0.306406685236769,0.0115606936416184,-64.7916833408569,0.118138186498984,1
"52",2014,"E. Golson","Notre Dame",422,0.0436486008486903,0.16053853460121,46.4571886935276,-5.61534577744906,0.456928838951311,0.316479400749064,0.0580357142857142,-105.231144546729,0.0764828519027689,1
"53",2014,"F. Knighten","Arkansas State",426,0.00576903705078978,0.152078792631331,44.0662043876407,-13.9150310632604,0.429245283018868,0.279874213836478,0.0637362637362638,-65.9040244405691,0.047407505227013,1
"54",2014,"G. Grayson","Colorado State",390,0.222849936859047,0.424653687673384,126.452483314458,-4.50148375620692,0.466216216216216,0.349099099099099,0.0556900726392252,-31.8901260027981,0.274664413419485,1
"55",2014,"G. Hedrick","Boise State",411,0.251719115680501,0.0182304340508487,80.4985533523819,24.6162770620374,0.485865724381626,0.328621908127208,0.0594965675057208,-63.9545306317427,0.185715248082013,1
"56",2014,"G. Kiel","Cincinnati",359,0.246886820280156,0.157162672274504,89.1925105031499,2.94724289246513,0.48433734939759,0.342168674698795,0.0297297297297297,-59.5690535021272,0.222023502158108,1
"57",2014,"G. Krstich","SMU",177,-0.228957434639259,-0.0276844220859892,-35.2709503665777,-0.524975083965808,0.368663594470046,0.216589861751152,0.082901554404145,-27.757263771723,-0.16495818179974,1
"58",2014,"G. Lambert","Virginia",255,-0.149747961396836,-0.0459436188209539,-18.7673905756192,-14.1752796292992,0.368965517241379,0.26551724137931,0.0413533834586466,-51.3585481177105,-0.113595414499719,1
"59",2014,"G. Nova","Rutgers",325,0.0716234008212094,0.0934415826956348,23.5825614258658,5.73264233978255,0.443243243243243,0.302702702702703,0.0524781341107872,-59.7066119721273,0.0792302804476982,1
"60",2014,"G. Ward","Houston",260,0.0801265358544001,0.447007033010269,41.7473310636606,25.0682961331808,0.460106382978723,0.305851063829787,0.0747330960854092,-35.4858340212884,0.177701136161812,1
"61",2014,"H. Mason","Georgia",275,0.181117995024222,0.311480436683868,63.2050819070293,6.51414758502029,0.506289308176101,0.323899371069182,0.0582191780821918,-20.370975538754,0.219242860037892,1
"62",2014,"I. Woolsey","Hawai'i",328,-0.0816940026781425,-0.256782066259687,-63.4786478790616,3.26583340239831,0.345971563981043,0.244075829383886,0.0914127423822715,-70.0284734215948,-0.142684394494463,1
"63",2014,"J. Barrett","Ohio State",312,0.139514205445958,0.475765597865093,49.1502511464368,58.8964603242848,0.497907949790795,0.307531380753138,0.0686567164179104,-61.878250885982,0.226039145336238,1
"64",2014,"J. Brissett","NC State",369,0.0896532459817008,0.125844149647835,11.7094347690976,37.4856082321747,0.456211812627291,0.313645621181263,0.0681818181818181,-43.6565421814769,0.100193570267357,1
"65",2014,"J. Dobbs","Tennessee",174,0.0259875536129423,0.220226357326745,-1.49709259449097,23.2635552238112,0.476534296028881,0.285198555956679,0.0645161290322581,-32.0096128385745,0.0785792874704702,1
"66",2014,"J. Driskel","Florida",210,-0.143557952572283,-0.294126850496412,-56.5508980454547,3.83641996145727,0.389891696750902,0.205776173285199,0.0410958904109589,-43.0372816150104,-0.190304975032482,1
"67",2014,"J. Goff","California",499,0.174830004564955,0.27409048660106,112.710371286621,-1.63660886696534,0.481012658227848,0.327305605786619,0.0477099236641221,-50.373819230433,0.200856713236266,1
"68",2014,"J. Gray","San José State",267,0.0334191423177381,0.465037422502434,39.7360454653397,11.3296835597915,0.474522292993631,0.296178343949045,0.039568345323741,-45.8474793353571,0.162629710271118,1
"69",2014,"J. Holman","UCF",386,-0.0151250858672568,0.179918324180071,13.2205163020497,11.2796854414199,0.444444444444444,0.284848484848485,0.0631067961165049,-69.5044208207795,0.0494953570575144,1
"70",2014,"J. Johnson","Florida Atlantic",222,0.119685159720652,0.154473967340937,31.8979838051893,8.81830036682164,0.432692307692308,0.304487179487179,0.038961038961039,-21.5734831897036,0.130500910807727,1
"71",2014,"J. Knapke","Bowling Green",478,-0.0765134169656013,-0.179627168707498,-62.2485285600767,3.71457444511848,0.363970588235294,0.233455882352941,0.0382293762575452,-63.5222916220294,-0.107599180358379,1
"72",2014,"J. Licata","Buffalo",342,0.17979619117225,0.187708083745201,60.6328262115321,7.88040931512319,0.470744680851064,0.300531914893617,0.0446927374301676,-47.1225606299772,0.182216051932594,1
"73",2014,"J. Mccrary","Vanderbilt",161,-0.115148172541907,0.144481340399709,-13.6575176696797,6.14480310319028,0.417112299465241,0.294117647058824,0.0359281437125748,-46.2206282004165,-0.0401749442058256,1
"74",2014,"J. Milas","Ball State",202,0.0705461216651604,0.0897507979882366,10.8124321985042,6.80218506337137,0.427947598253275,0.314410480349345,0.0241545893719807,-25.3570296470199,0.0769197260343909,1
"75",2014,"J. O'korn","Houston",173,-0.231549219850026,-0.11926096808083,-39.6891408257227,-0.928865885611734,0.346341463414634,0.234146341463415,0.0494505494505494,-39.5624758903833,-0.19813661810407,1
"76",2014,"J. Rudock","Iowa",341,0.0190498030955435,0.205820043163847,23.5373289580661,9.07543263399998,0.411764705882353,0.276960784313725,0.0527777777777778,-48.3806176214221,0.0799332391962404,1
"77",2014,"J. Showers","UTEP",283,-0.0300023835483245,0.0836679309017778,-16.9904589252642,22.5327692497093,0.382978723404255,0.257978723404255,0.0439189189189189,-32.8154099866962,0.0147401870330987,1
"78",2014,"J. Sprague","Ohio",197,-0.125381742686483,0.0160526810452696,-31.4102703275165,9.02640109980775,0.377862595419847,0.251908396946565,0.0574162679425837,-22.8344667679742,-0.0854346153729343,1
"79",2014,"J. Stave","Wisconsin",202,-0.116218317933339,0.0565005169445294,-12.6303138934124,0.597288153584633,0.4,0.283720930232558,0.0471698113207547,-35.5208406471346,-0.0559675615805941,1
"80",2014,"J. Thomas","Georgia Tech",186,0.18124263644158,0.41495024612831,52.0687415119839,39.5541807052136,0.462566844919786,0.331550802139037,0.0461538461538461,-39.3624772189969,0.244981075447052,1
"81",2014,"J. Waters","Kansas State",397,0.193343634132339,0.356247268225399,118.292688146015,12.3189521066375,0.501818181818182,0.334545454545454,0.0702576112412178,-39.7344317418725,0.237475709550277,1
"82",2014,"J. Winston","Florida State",467,0.123323078318596,0.339281367896815,78.5411011608178,12.4271032066692,0.509541984732824,0.32442748091603,0.0351239669421487,-86.3947059004244,0.173603443449403,1
"83",2014,"J. Wolford","Wake Forest",358,-0.176333266425089,-0.253203704380121,-79.2630886651164,-13.1727606603293,0.377440347071583,0.232104121475054,0.11166253101737,-64.3449349486017,-0.200511603742832,1
"84",2014,"J. Worley","Tennessee",250,-0.189594240586879,-0.0515372646485422,-49.2323584151287,5.31301434863472,0.379661016949152,0.254237288135593,0.103942652329749,-56.3107646636918,-0.148879132428793,1
"85",2014,"K. Allen","Texas A&M",191,0.0516464376317304,-0.00444465865082156,-3.39333711475793,11.2218143279378,0.418181818181818,0.277272727272727,0.0591133004926108,-25.4670858401478,0.035583987332636,1
"86",2014,"K. Ellison","Georgia Southern",126,0.170002261487747,0.176349893849361,6.1398847265409,44.675899998038,0.472972972972973,0.293918918918919,0.0381679389312977,-23.1780827674728,0.171674948393848,1
"87",2014,"K. Hill","Texas A&M",319,0.208532392650364,0.0619883533041383,67.5117101689637,-3.01950062540877,0.495934959349593,0.295392953929539,0.0420420420420419,-32.2776241314149,0.17477563561939,1
"88",2014,"K. Hogan","Stanford",335,0.175846073806127,-0.0460200938262659,45.7718996039365,2.74468819071787,0.484560570071259,0.330166270783848,0.0563380281690141,-49.1332284983998,0.115241301174951,1
"89",2014,"K. Myers","Utah State",118,0.0554708274179466,-0.0783239897986854,-18.1066706816512,20.856734984527,0.434285714285714,0.297142857142857,0.106060606060606,-25.6730476294578,0.0157146531592903,1
"90",2014,"K. Pearson","Air Force",167,0.0903454558082762,0.156599738810933,45.9615184061442,-8.82341721548672,0.445103857566766,0.287833827893175,0.0511363636363636,-32.4584668939128,0.110202080684443,1
"91",2014,"K. Pohl","Akron",370,-0.00611936452458745,-0.433806597249048,-36.0100898244918,-8.02122739200925,0.423076923076923,0.274038461538461,0.0439276485788114,-49.6416659660116,-0.105844512539666,1
"92",2014,"K. Reynolds","Navy",103,0.00344068335797704,-0.13101017389759,-25.2303961218996,15.7304411734103,0.450920245398773,0.257668711656442,0.148760330578512,-56.8174451368872,-0.0291409660996603,1
"93",2014,"L. Falk","Washington State",239,0.0557401799057617,0.0711128188608349,24.5228480801482,-8.07209596234336,0.469090909090909,0.323636363636364,0.06640625,-42.8231058421492,0.0598209167920175,1
"94",2014,"L. Jordan","New Mexico",111,-0.067883346337267,0.0632012825786925,-1.96878206727782,-3.81304042159663,0.360869565217391,0.252173913043478,0.0512820512820513,-29.7595712467586,-0.0251383586472802,1
"95",2014,"L. Woodside","Toledo",266,0.105135687195831,0.296324159585734,58.4462960476248,-6.90749134831504,0.451923076923077,0.323717948717949,0.0291970802919708,-33.0302373119905,0.165188476600352,1
"96",2014,"M. Bercovici","Arizona State",118,0.370806556841789,0.0669744687877375,34.8678681218959,2.02332858373057,0.449275362318841,0.340579710144927,0.0634920634920635,-3.70452122635024,0.267327512359612,1
"97",2014,"M. Brewer","Virginia Tech",431,-0.13502779368407,-0.0217263703006695,-62.6775658362815,14.4342501131848,0.394117647058823,0.256862745098039,0.0670995670995671,-80.7846666244251,-0.0945947367119544,1
"98",2014,"M. Cozart","Kansas",123,-0.437951458843734,-0.0453630437775822,-43.1640643384488,-9.09159618132566,0.298850574712644,0.189655172413793,0.075187969924812,-25.6684963588444,-0.300319888044681,1
"99",2014,"M. Cummings","Kansas",243,0.083854529683865,-0.149668429120926,13.2264591518904,-12.2185115420049,0.387096774193548,0.261290322580645,0.0653846153846154,-17.7403498549605,0.00325144390285654,1
"100",2014,"M. Davis","SMU",158,-0.271648483416901,0.0997547993813816,-71.4554864598681,26.309429515247,0.368421052631579,0.233082706766917,0.107344632768362,-42.5825019424637,-0.169722018588801,1
"101",2014,"M. Johns","Virginia",161,-0.00491903824021499,0.0412953257321652,-5.16931074927042,6.99577422568151,0.420765027322405,0.295081967213115,0.0182926829268293,-25.6729477624514,0.0099806747344869,1
"102",2014,"M. Leidner","Minnesota",237,0.0867421985993251,-0.101270518543384,-10.5258210339274,18.0488818497591,0.422651933701657,0.279005524861878,0.07421875,-51.2835451374709,0.0207819359553361,1
"103",2014,"M. Mariota","Oregon",443,0.43221895861672,0.472015679706553,172.943451714538,82.2914604341436,0.531141868512111,0.368512110726643,0.0654008438818565,-22.6405021328488,0.441582892990799,1
"104",2014,"M. Mauk","Missouri",413,-0.0605266346853144,0.12288884922124,-26.4613171832246,22.0724321303458,0.406909788867563,0.28214971209213,0.0527522935779816,-58.502382845307,-0.00842396363316472,1
"105",2014,"M. White","South Florida",241,-0.101319106221382,0.134151913435792,-1.03982774454671,-4.41752610710912,0.381481481481482,0.296296296296296,0.05859375,-39.142066342297,-0.0202124216727994,1
"106",2014,"M. Williams","North Carolina",423,0.103870297956318,0.0248943331413514,19.5279739016393,30.7434990601806,0.462540716612378,0.301302931596091,0.0579064587973275,-61.4634616270132,0.0818753631299999,1
"107",2014,"N. Arbuckle","Georgia State",386,-0.107405434774709,0.538785922237814,44.499157851182,-7.21036932145969,0.434878587196468,0.32008830022075,0.0676328502415459,-91.903705863666,0.0823152064673781,1
"108",2014,"N. Marshall","Auburn",289,0.17577563089314,0.291661537178301,68.9265283114069,22.2090656724398,0.461538461538461,0.328054298642534,0.0462046204620462,-45.7234856864078,0.206189126660287,1
"109",2014,"N. Mullens","Southern Miss",346,-0.0069310703088593,-0.0441785088895334,-8.69769029797462,2.43527300142885,0.407124681933842,0.272264631043257,0.0520547945205479,-50.9250199213121,-0.0159349040624575,1
"110",2014,"N. Sudfeld","Indiana",127,0.26760985210122,-0.245744518166038,11.4985316221158,5.85334005101222,0.483870967741935,0.270967741935484,0.0378787878787879,-5.38099317459448,0.111947559181471,1
"111",2014,"O. Mann","Ball State",191,0.0150464137346666,0.0899383747280999,32.0584913743899,-23.2510743727733,0.454954954954955,0.288288288288288,0.0353535353535354,-19.6519657415794,0.0396730495568315,1
"112",2014,"P. Lynch","Memphis",407,0.0179758268746934,-0.0434371399909277,1.61595820376023,-0.840882276990381,0.445945945945946,0.295366795366795,0.030952380952381,-79.7063961190728,0.00149628557291481,1
"113",2014,"P. Mahomes","Texas Tech",182,0.0455668359943602,0.413841005451517,43.5950269460829,-10.7410640024823,0.425438596491228,0.307017543859649,0.0471204188481675,-34.1178525562288,0.144096328700003,1
"114",2014,"P. Thomas","UL Monroe",486,-0.0743455358772528,-0.167655293903983,-63.7924830241695,3.06002622862225,0.384228187919463,0.224832214765101,0.0830188679245282,-44.26179052031,-0.101900095294542,1
"115",2014,"P. Towles","Kentucky",384,0.0202976492127348,-0.194184860365462,-55.1927256528257,31.1637178854817,0.380681818181818,0.257575757575757,0.0878859857482185,-38.9440791385069,-0.0455094844078483,1
"116",2014,"P. Walker","Temple",378,-0.0775418564473865,-0.580050121233657,-87.9232415810722,-15.4355996264643,0.367768595041322,0.223140495867768,0.050251256281407,-90.980355063753,-0.21355132480896,1
"117",2014,"Q. Kaehler","San Diego State",302,-0.153519897080613,-0.0849410743863275,-42.9224253890543,0.676562476230922,0.409785932721712,0.269113149847095,0.0621118012422361,-61.7733234902935,-0.129192241323619,1
"118",2014,"R. Bell","Eastern Michigan",168,0.0472161307630143,-0.235300559678665,-7.61465768258203,-0.258365131237491,0.409722222222222,0.302083333333333,0.106382978723404,-45.7292484374226,-0.0273368847702066,1
"119",2014,"R. Bonnafon","Louisville",117,-0.158076150168294,-0.20311651713414,-39.6091306332923,7.45863458549736,0.367021276595745,0.271276595744681,0.145985401459854,-33.4429076834728,-0.171013276849973,1
"120",2014,"R. Cato","Marshall",427,0.129731944417935,0.41142494732304,73.8115165532524,30.9214873838247,0.5,0.349609375,0.0447427293064877,-72.9444553748629,0.204556648314603,1
"121",2014,"R. O'toole","Illinois",197,-0.027793307453545,-0.250518147188842,-35.0901893475281,8.26565703332808,0.421232876712329,0.236301369863014,0.0963302752293578,-50.0760663531807,-0.0918648366924661,1
"122",2014,"S. Bench","South Florida",100,-0.268058825846581,0.397635927213418,-6.76461302336168,4.29466360673821,0.379310344827586,0.258620689655172,0.0654205607476636,-5.69585215527026,-0.021292667384685,1
"123",2014,"S. Carden","East Carolina",613,0.104258338550703,0.278171763585519,111.190238358088,-9.20135980855044,0.498587570621469,0.320621468926554,0.0496124031007752,-69.5465822865058,0.144052088346805,1
"124",2014,"S. Howard","West Virginia",109,0.202871365566666,-0.106189677283315,4.00405616770899,10.2096510075251,0.412213740458015,0.312977099236641,0.0353982300884955,-7.34031561400799,0.108501581490336,1
"125",2014,"S. Liufau","Colorado",484,-0.0124039957700569,0.188954708116063,12.3019919560808,12.6656775928548,0.458333333333333,0.284420289855073,0.0377733598409542,-88.7432898158246,0.0452312854147383,1
"126",2014,"S. Mannion","Oregon State",442,-0.0455378675324364,-0.171562235198834,-37.2434906837115,-2.24432704241393,0.420081967213115,0.264344262295082,0.0714285714285714,-50.3907019650085,-0.0809176592748473,1
"127",2014,"S. Richardson","Iowa State",449,-0.00311250593627952,0.0287773297507519,-29.4214423030964,32.8966867840321,0.421602787456446,0.277003484320557,0.0547368421052631,-50.1988922824023,0.00605443289361622,1
"128",2014,"T. Armstrong","Nebraska",342,-0.047379198665415,0.0998412369599792,-8.45260024797903,7.11509293218573,0.404123711340206,0.284536082474227,0.0526315789473685,-82.756096249403,-0.00275774704287275,1
"129",2014,"T. Boykin","TCU",490,0.10483614035382,0.0979973914733089,49.134045056199,17.1039122255938,0.47196261682243,0.283489096573209,0.0448343079922027,-64.8380355988859,0.103174388289397,1
"130",2014,"T. Broadway","Louisiana",342,0.0485577479815682,-0.0487941991872153,-22.7715857244471,33.6661039123602,0.447638603696099,0.287474332648871,0.0630136986301371,-48.0981618231519,0.0223706738971521,1
"131",2014,"T. Carter","UTSA",167,-0.0899374586157797,-0.189269270263782,-20.8884779265043,-4.83349468045714,0.415094339622641,0.235849056603774,0.0617977528089887,-26.0340480558423,-0.121330059466799,1
"132",2014,"T. Harris","Florida",109,-0.0125290531296408,0.0427714439414826,5.30704579205338,-3.82689966081163,0.362637362637363,0.291208791208791,0.0603448275862069,-33.107398339761,0.00813267105077892,1
"133",2014,"T. Heinicke","Old Dominion",405,0.0870685236611214,0.43438399097474,53.2831524234235,28.8854016659556,0.467775467775468,0.30977130977131,0.0603248259860789,-49.9141092749192,0.170828594780414,1
"134",2014,"T. Hill","BYU",131,0.083526751553941,0.350925089098177,-9.5600900633258,40.8882585246349,0.502325581395349,0.297674418604651,0.096551724137931,-23.2671074913334,0.145712411447949,1
"135",2014,"T. Hunt","Syracuse",145,-0.00526170645751355,-0.24754399101571,-25.1165122335119,10.0223218505488,0.388888888888889,0.267676767676768,0.0202702702702703,-29.5297181087538,-0.0762332847624399,1
"136",2014,"T. Jones","Texas State",366,0.0618458334617501,-0.105956271595106,8.30500258060014,0.124248525554836,0.445920303605313,0.261859582542695,0.0663265306122449,-52.5490743526717,0.015994783882647,1
"137",2014,"T. Kelly","Arizona State",274,0.154849172360996,-0.118345563310763,16.5709335267532,9.93409707016691,0.416893732970027,0.29700272479564,0.0927152317880794,-17.4435775162717,0.0722207918172211,1
"138",2014,"T. Knight","Oklahoma",315,0.143796182204554,-0.244581403537109,4.08450421254595,9.82140948318185,0.446475195822454,0.308093994778068,0.0247678018575851,-54.6061792705455,0.0363078686572527,1
"139",2014,"T. Lamb","App State",288,0.189766356847451,0.466738318612681,68.4449344220504,33.4152717106487,0.486338797814208,0.346994535519126,0.0303030303030303,-31.0390519678845,0.278306574133058,1
"140",2014,"T. Lee","Tulane",321,-0.152194904299633,-0.0416352161319732,-35.4043682160823,-6.17321326347387,0.373595505617977,0.247191011235955,0.0641399416909621,-49.433009219572,-0.116790959212236,1
"141",2014,"T. Mcevoy","Wisconsin",112,0.115312159789914,0.0638233055871849,-6.62661627295756,24.5139146998387,0.485875706214689,0.27683615819209,0.0260869565217391,-25.3850321682237,0.101058183202718,1
"142",2014,"T. Murphy","Boston College",224,0.24905624888263,-0.0515056851600922,-15.7554236006619,72.2430495301244,0.486352357320099,0.312655086848635,0.0781893004115226,-36.8378239939693,0.140167806276582,1
"143",2014,"T. Rogers","New Mexico State",389,-0.0617269043400117,-0.00659280575897709,-3.61597256833941,-16.7246238819852,0.430155210643016,0.283813747228381,0.0226130653266331,-108.30280975194,-0.0451011007767729,1
"144",2014,"T. Siemian","Northwestern",383,-0.177218954113867,-0.0345203559540941,-63.7575978429012,5.23663926151318,0.414634146341463,0.259423503325942,0.0748792270531402,-49.7793396728826,-0.129758223018599,1
"145",2014,"T. Swoopes","Texas",375,-0.100872492980614,-0.0351226772115764,-51.6643849371584,13.9934354153744,0.40956340956341,0.255717255717256,0.0625,-62.7815846527741,-0.0783179823737714,1
"146",2014,"T. Wilson","Utah",303,0.00456542523309123,-0.132965541863077,-19.7285944268966,4.00558583462056,0.393203883495146,0.257281553398058,0.0590062111801243,-34.7169621675889,-0.0381626422142622,1
"147",2014,"T. Woodson","Akron",141,-0.0146539349418626,-0.852862112140747,-37.701835043195,-0.876247321299276,0.369942196531792,0.248554913294798,0.0408163265306122,-27.2339802637761,-0.222994695748522,1
"148",2014,"W. Gardner","Louisville",219,0.00300517534790667,0.0909003331447014,19.7188369370323,-12.7540334746143,0.406639004149378,0.286307053941909,0.0560344827586207,-36.2260422310646,0.0288995994291201,1
"149",2014,"W. Lunt","Illinois",239,0.0417896135152752,0.146055266198096,27.283501720926,-9.26607854756578,0.409448818897638,0.307086614173228,0.044,-22.0046842425913,0.070934736902993,1
"150",2014,"Z. Diamont","Indiana",131,-0.315550661730344,-0.486464253334715,-72.8382533881013,2.6946196687644,0.306451612903226,0.188172043010753,0.108843537414966,-17.3058036164719,-0.377116310319015,1
"151",2014,"Z. Terrell","Western Michigan",324,0.198847349773501,0.240789007043545,59.7591911557025,23.3788745204188,0.498727735368957,0.333333333333333,0.0526315789473684,-58.4940053526488,0.211547240906161,1
"152",2015,"A. Allen","New Mexico State",211,0.00439547997706144,-0.0306536595011001,-5.193789680692,3.506769237966,0.356643356643357,0.27972027972028,0.0786026200873363,-29.0484111371509,-0.00589867287666438,1
"153",2015,"A. Apodaca","New Mexico",102,-0.0992026777707922,-0.41233051078847,-15.7752660954927,-9.51595305823598,0.37037037037037,0.177777777777778,0.0467289719626168,-32.7496417075772,-0.187342364101694,1
"154",2015,"A. Appleby","Purdue",205,-0.0941992773174075,-0.0274914540758106,-8.34069021206614,-11.2539593397474,0.409266409266409,0.247104247104247,0.0465116279069767,-47.4155494225241,-0.0756550175745698,1
"155",2015,"A. Mcgough","Florida International",380,0.0116117809471615,0.0884705360583474,4.8753143453155,10.6650957582722,0.447598253275109,0.294759825327511,0.0570719602977666,-50.7681202547822,0.0339310264270474,1
"156",2015,"A. Mcnulty","North Texas",157,-0.482763094001267,0.144930595635204,-57.5540022770269,12.5192206597116,0.33879781420765,0.229508196721312,0.0818713450292397,-30.8725731756635,-0.24609170282686,1
"157",2015,"A. Solomon","Arizona",321,0.207623378221029,0.111474722853851,60.4115598355157,10.8045652761406,0.472868217054264,0.343669250645995,0.0558823529411765,-35.1261709940899,0.184020995120559,1
"158",2015,"B. Allen","Arkansas",353,0.407934466623296,0.333042162662737,143.861843476356,13.180407964058,0.513513513513513,0.398034398034398,0.0355191256830601,-27.2889362825392,0.385853197642296,1
"159",2015,"B. Bahl","Miami (OH)",215,-0.143842991050202,-0.471160827763915,-64.528175002942,-0.811914354615939,0.350393700787402,0.28740157480315,0.0889830508474576,-62.2016115698204,-0.257244446289598,1
"160",2015,"B. Bogenschutz","UTSA",137,-0.18065005259307,-0.00631503118439407,-11.2607566018503,-11.4934916660163,0.372222222222222,0.261111111111111,0.0680272108843537,-24.2315153049291,-0.126412490377037,1
"161",2015,"B. Decker","UNLV",204,0.108653163742496,-0.0848297452323773,24.2914815840955,-9.59592656809576,0.426294820717131,0.290836653386454,0.0422535211267606,-36.6436153519908,0.05854802795219,1
"162",2015,"B. Doughty","Western Kentucky",511,0.31730436611339,0.340317019411343,179.629665293655,-6.03846188234948,0.525139664804469,0.37243947858473,0.0266666666666667,-45.9388161628011,0.323261086427013,1
"163",2015,"B. Frohnapfel","Massachusetts",459,-0.0808504358207329,-0.0642011280814089,-47.6853863342565,8.1596012789892,0.399232245681382,0.257197696737044,0.0516528925619834,-61.9496471282767,-0.075865230432375,1
"164",2015,"B. Haack","Louisiana",196,0.20393915130367,-0.384794997712291,-1.52492671890102,11.8178083480321,0.439834024896265,0.29045643153527,0.0666666666666666,-17.6309741680948,0.0427090524030333,1
"165",2015,"B. Harris","LSU",276,-0.0193124090738668,0.235500888192898,16.2054569015436,7.25766827267219,0.391812865497076,0.280701754385965,0.0547945205479452,-36.6907614547731,0.0686056291643736,1
"166",2015,"B. Kaaya","Miami",390,0.223026922669341,0.15641411745412,83.4180952444087,1.23729506563597,0.460620525059666,0.343675417661098,0.037037037037037,-31.6676163733364,0.202041504319916,1
"167",2015,"B. Kemp","East Carolina",371,0.0305741895168489,0.167659764953311,36.2508094225298,-10.2810053278486,0.478048780487805,0.297560975609756,0.0338541666666667,-69.8743395853815,0.0633409855967836,1
"168",2015,"B. Mayfield","Oklahoma",391,0.17976510889543,0.132989063757831,71.6661865470687,17.7155394801719,0.49622641509434,0.339622641509434,0.0906976744186047,-51.1675562730281,0.168644766089133,1
"169",2015,"B. Motley","Virginia Tech",164,0.0347033222094409,-0.107586783486304,-2.42531034096406,1.03324671113581,0.410358565737052,0.266932270916335,0.0837988826815643,-28.3833769919663,-0.00554607023835952,1
"170",2015,"B. Roback","Eastern Michigan",333,0.023056788082197,0.217162510561567,34.2851907566223,-2.89206353736959,0.446753246753247,0.290909090909091,0.0347826086956522,-52.7514258558577,0.0815405901798772,1
"171",2015,"B. Rypien","Boise State",425,0.107767104714662,0.0791129992095995,37.3739063783554,9.09187659751374,0.465665236051502,0.278969957081545,0.0449438202247191,-47.6621410822053,0.0997119806349124,1
"172",2015,"B. Schneider","UCF",101,-0.319202128238804,-0.523189958789318,-45.1655256167107,-1.15658793145205,0.384615384615385,0.205128205128205,0.0900900900900901,-33.1742344623118,-0.395915500411647,1
"173",2015,"B. Shirreffs","UConn",274,0.0662613025866374,-0.187911373182354,-19.4502462482799,12.988427175009,0.436915887850467,0.268691588785047,0.11038961038961,-38.5577056695258,-0.0150977081151191,1
"174",2015,"B. Silvers","Troy",315,0.096443383364117,0.0425744994078764,32.1239046122243,-3.15435976112602,0.46045197740113,0.296610169491525,0.0337423312883435,-42.616726729907,0.0818348724607296,1
"175",2015,"B. Stockstill","Middle Tennessee",475,0.122178290672681,0.30367951399798,86.4914884119538,5.79540108272736,0.453183520599251,0.316479400749064,0.0325865580448065,-72.8360289723019,0.172821890439478,1
"176",2015,"C. Beathard","Iowa",359,0.154196745831411,0.147494736081402,34.2431572921679,35.326736767867,0.465065502183406,0.310043668122271,0.0747422680412371,-34.6040537323227,0.15189933200881,1
"177",2015,"C. Clements","South Alabama",317,-0.064198875546216,-0.184463312838111,-46.2550799761021,5.06141734696119,0.3875,0.2575,0.0703812316715543,-70.118429748938,-0.102984156572852,1
"178",2015,"C. Coffman","Wyoming",234,0.101408372668987,-0.260113753152129,-0.314037329254853,-4.29154014581932,0.426523297491039,0.28673835125448,0.0965250965250965,-60.2778138626881,-0.0165074461472193,1
"179",2015,"C. Cook","Michigan State",406,0.110682597352935,0.336777135695354,74.9544043602908,10.3306895937436,0.45414847161572,0.323144104803493,0.0424528301886792,-24.2569196563987,0.186211995532826,1
"180",2015,"C. Hackenberg","Penn State",353,-0.0219913450426758,-0.205548872570544,-37.0348833032631,3.77447362423125,0.374701670644391,0.257756563245823,0.0971867007672634,-43.0161222764042,-0.0793804526945868,1
"181",2015,"C. Jones","Ohio State",172,-0.0174190764249033,-0.193019489015827,-9.9433899653645,-6.45954095227737,0.436440677966102,0.279661016949153,0.0652173913043479,-35.3643709659534,-0.0695039445662791,1
"182",2015,"C. Keeton","Utah State",194,-0.117503325049067,-0.334556067929305,-50.2091294366107,5.04230966574021,0.348360655737705,0.229508196721312,0.0348258706467662,-32.7458042511737,-0.185109917093731,1
"183",2015,"C. Kelly","Ole Miss",455,0.307143053999189,0.000370313267070895,95.6002459628284,36.82544009574,0.512544802867384,0.340501792114695,0.0360169491525424,-59.9169544207119,0.237322018026108,1
"184",2015,"C. Kessler","USC",446,0.124560320329851,0.152102778825168,54.6020467358154,12.5017592083962,0.464426877470356,0.306324110671937,0.0766045548654245,-43.7025807571373,0.132616217281051,1
"185",2015,"C. Laviano","Rutgers",303,0.0141229267788289,-0.208593902478912,-21.921085717232,0.392303260912028,0.440217391304348,0.282608695652174,0.073394495412844,-59.5321468866755,-0.0585021262399998,1
"186",2015,"C. Litton","Marshall",369,0.0792527157332498,-0.136706838843814,19.3157716579925,-11.5564556753665,0.44927536231884,0.297101449275362,0.0390625,-47.0476732067288,0.0187423091367779,1
"187",2015,"C. Reardon","Kent State",141,-0.296008432925187,-0.598433742379451,-53.1599344530329,-17.379076741981,0.293785310734463,0.175141242937853,0.0275862068965517,-26.4623294052495,-0.39852548697748,1
"188",2015,"C. Rowe","Maryland",159,-0.186586349686448,-0.0106875728211558,-30.1497972039755,6.61185968737881,0.382022471910113,0.269662921348315,0.00625000000000001,-53.7365882750748,-0.132235604025824,1
"189",2015,"C. Rush","Central Michigan",450,0.0915765011716106,0.414637237836012,78.6489571189739,16.5192549433353,0.467196819085487,0.343936381709742,0.0506329113924051,-60.1757144809413,0.189201216823676,1
"190",2015,"C. Thorson","Northwestern",294,-0.247792056000189,0.00324483303231929,-80.0630424917909,22.8499115619503,0.355329949238579,0.258883248730964,0.0666666666666667,-56.3956735983764,-0.145210992207717,1
"191",2015,"D. Blough","Purdue",289,-0.158525580861852,0.00161762090199353,-38.6455149084985,1.74787873686849,0.379213483146068,0.210674157303371,0.0586319218241042,-30.2554024804535,-0.103645045425927,1
"192",2015,"D. Evans","Tulsa",477,0.13518504182396,0.407048121265017,122.311143790188,1.63847175936151,0.441535776614311,0.303664921465968,0.0773694390715668,-50.7723305123258,0.216316955583857,1
"193",2015,"D. Hare","Northern Illinois",255,0.0323237088736269,-0.124203981495776,9.73789456914253,-14.8821459530366,0.426183844011142,0.264623955431755,0.0555555555555555,-42.2842190154644,-0.0143293910414876,1
"194",2015,"D. Jackson","Rice",285,-0.0138451337875037,0.256383016212086,34.3466369093418,-8.89869458515243,0.41343669250646,0.30749354005168,0.100946372239748,-53.1874508398603,0.06575695691005,1
"195",2015,"D. Kizer","Notre Dame",334,0.157582838695699,0.264879226713002,58.7682082375411,29.0866735529909,0.458422174840085,0.298507462686567,0.0644257703081233,-54.3844175752269,0.187323841770857,1
"196",2015,"D. Kummer","Miami (OH)",114,-0.121878249199826,0.109561210072342,-4.97186222162629,-0.981998621285273,0.385714285714286,0.321428571428571,0.05,-33.6402735697019,-0.0425275774493684,1
"197",2015,"D. Lock","Missouri",257,-0.204293038977489,-0.501376466592234,-102.779047285604,10.2412389077,0.339805825242718,0.233009708737864,0.0886524822695035,-29.1619954511325,-0.299475108019106,1
"198",2015,"D. Prescott","Mississippi State",473,0.168163406644202,0.237573199522785,85.4305598044228,32.3306728405659,0.470774091627172,0.311216429699842,0.0633663366336633,-41.0381171858576,0.18603670244074,1
"199",2015,"D. Smith","North Texas",204,-0.139021523743601,-0.0893409635965744,-42.8270140330232,5.8994906174146,0.398648648648649,0.246621621621622,0.0467289719626168,-46.7178915653057,-0.124755146674353,1
"200",2015,"D. Sturm","UTSA",211,-0.136771725069236,-0.173158210022619,-37.9484331104179,-11.9830572134846,0.389380530973451,0.244837758112094,0.131687242798354,-42.7235647487449,-0.147290531928916,1
"201",2015,"D. Vick","Ohio",246,-0.0734576176608709,0.212999493003241,11.9337851990539,-8.68966312334531,0.411242603550296,0.266272189349113,0.0786516853932585,-33.3653118038777,0.00959799430683026,1
"202",2015,"D. Washington","Old Dominion",154,0.140455973557691,0.0786590827083308,19.9625975781361,4.69039187638283,0.412371134020619,0.309278350515464,0.0609756097560975,-15.3743614477209,0.127077265229479,1
"203",2015,"D. Watson","Clemson",488,0.19212264188549,0.274138017963436,105.278663850417,41.77910931286,0.505035971223022,0.307913669064748,0.0298210735586481,-64.8227549940775,0.211593918220542,1
"204",2015,"E. Carrington","UL Monroe",115,-0.0103778469899297,-0.760829867852291,-44.9513907625656,3.63113445536096,0.308724832214765,0.201342281879195,0.08,-26.0824185073136,-0.277317156424192,1
"205",2015,"E. Dungey","Syracuse",171,-0.017339705994643,-0.0748077260134365,-9.23288772858706,0.242058608514004,0.45,0.276923076923077,0.0604395604395604,-49.6721488668714,-0.0345801120002811,1
"206",2015,"E. Golson","Florida State",218,0.0759138061767935,0.298322968000827,41.8170900173387,-5.98479469715883,0.484848484848485,0.321969696969697,0.0723404255319149,-17.1843896962357,0.135728391364318,1
"207",2015,"F. Knighten","Arkansas State",249,0.0383065632696795,-0.102959202653448,-0.210602996990261,-1.49285163064968,0.426356589147287,0.276485788113695,0.0568181818181818,-46.244615285537,-0.0044016915442892,1
"208",2015,"G. Bollas","Kent State",134,-0.28302499627654,-0.490606537979739,-57.6005440954411,-14.4596815224938,0.32843137254902,0.205882352941176,0.0428571428571429,-41.6732935580387,-0.353236400087916,1
"209",2015,"G. Kiel","Cincinnati",311,0.0498396405493755,0.6318122832171,77.1154856335846,-7.06097844238584,0.521865889212828,0.349854227405248,0.0250783699059561,-82.5959939246493,0.204240545746935,1
"210",2015,"G. Lambert","Georgia",256,0.191705063070577,-0.332188488977151,15.8805737015327,-8.3950504107138,0.463157894736842,0.287719298245614,0.0411985018726592,-21.8951326123711,0.0262649940028734,1
"211",2015,"G. Smith","UL Monroe",326,-0.034259944542684,-0.0452793917769735,-3.9789235465371,-12.2869589780629,0.381944444444444,0.247685185185185,0.0659025787965616,-43.254845261896,-0.0376525058439814,1
"212",2015,"G. Ward","Houston",342,0.0613864604630262,0.546768289113244,55.6558923315513,56.001879638892,0.494423791821561,0.310408921933086,0.0655737704918032,-47.5944600376945,0.207542327082608,1
"213",2015,"H. Moore","Cincinnati",225,0.00244088403654583,0.02417991203477,7.9443784778015,-5.62806296366531,0.462633451957295,0.309608540925267,0.0702479338842975,-68.3076192427885,0.00824311570866974,1
"214",2015,"I. Woolsey","Hawai'i",145,-0.0632093521150373,-0.3334330703866,-30.4567583548613,-1.94621612159305,0.348958333333333,0.229166666666667,0.0645161290322581,-23.9174041778026,-0.168765492064867,1
"215",2015,"J. Barrett","Ohio State",146,0.152595561112586,-0.0695740065070935,-6.9040299054897,32.5821930347223,0.5,0.276923076923077,0.0394736842105263,-35.2187741845357,0.0987621658816638,1
"216",2015,"J. Brissett","NC State",390,-0.00993913595988954,0.150991659510306,-13.0368644268677,35.4591583249599,0.415879017013233,0.279773156899811,0.0845070422535212,-30.4313121700495,0.0423861888432744,1
"217",2015,"J. Browning","Washington",365,0.0319024676529559,-0.0319504090626184,-14.3294612619199,20.1936185166753,0.448837209302325,0.325581395348837,0.0782828282828283,-73.7822795696323,0.013637575011059,1
"218",2015,"J. Coker","Alabama",392,0.176939468114709,-0.188775066584298,31.3145777358901,1.03632315180035,0.439914163090129,0.304721030042919,0.0599520383693045,-30.1925595110605,0.0694225340937565,1
"219",2015,"J. Dobbs","Tennessee",337,-0.000401604049901083,0.315237444111416,18.9606966462561,31.032338859341,0.446058091286307,0.302904564315353,0.0560224089635855,-39.9691952552283,0.103719990675513,1
"220",2015,"J. Driskel","Florida Atlantic",150,-0.136078401832424,-0.218222845252921,-34.3658097529296,5.62590983863077,0.398876404494382,0.241573033707865,0.0625,-34.595677779965,-0.161460111878083,1
"221",2015,"J. Driskel","Louisiana Tech",426,0.176815497156996,0.304627252728668,91.976449561046,15.2666206908239,0.48443579766537,0.350194552529183,0.0383747178329571,-54.7117006876128,0.208644105548385,1
"222",2015,"J. Goff","California",525,0.297251145556636,0.268914654408359,153.85927416147,14.7631866815835,0.512908777969019,0.352839931153184,0.0471869328493648,-65.2034015437693,0.290227987681676,1
"223",2015,"J. Gray","San José State",103,0.0361907750630955,0.372503519242874,11.9126860835748,2.81971121850669,0.495798319327731,0.352941176470588,0.072072072072072,-19.6808363829212,0.123801658000685,1
"224",2015,"J. Heard","Texas",156,-0.136653497964463,-0.0145728091677174,-51.6199777143342,23.3786111965278,0.388513513513513,0.243243243243243,0.152173913043478,-33.2307187495114,-0.0954100220196165,1
"225",2015,"J. Holman","UCF",245,-0.0716222697433563,-0.390737052304446,-70.0561959788341,17.9408667925306,0.398625429553265,0.271477663230241,0.0354330708661417,-67.2320808150111,-0.179090478303449,1
"226",2015,"J. Hubener","Kansas State",267,-0.0814609972608745,0.194716452750156,-32.0262380071217,32.9785889802608,0.403587443946188,0.271300448430493,0.0729166666666667,-50.2753881598727,0.00213531608327154,1
"227",2015,"J. Johnson","Auburn",152,0.229468260520304,0.0565547413668896,19.0518640700362,15.432745064952,0.446700507614213,0.319796954314721,0.0559006211180124,-23.514415240465,0.175048777334965,1
"228",2015,"J. Johnson","Florida Atlantic",228,-0.048827803261761,-0.0284378689519552,-16.1282955076665,2.38786055045608,0.398148148148148,0.277777777777778,0.0655737704918033,-49.0820562199816,-0.0424087498679333,1
"229",2015,"J. Lanning","Iowa State",192,0.0609364007804372,-0.111730471353439,-21.158238739065,22.639760725173,0.417543859649123,0.27719298245614,0.106976744186046,-25.2996596194763,0.00519832275827351,1
"230",2015,"J. Licata","Buffalo",397,0.105840221069765,0.0440779338073349,31.6631952598593,5.35156363793726,0.482352941176471,0.303529411764706,0.0340632603406326,-62.5200133989409,0.0870935503477566,1
"231",2015,"J. Mccrary","Vanderbilt",267,-0.189345782011701,-0.179734893928583,-80.3454111711577,17.6123020985237,0.394658753709199,0.252225519287834,0.0664335664335663,-66.7033460765467,-0.186151658969241,1
"232",2015,"J. Nixon","Louisiana",138,-0.041273735741459,0.177102679007433,-19.8788043454402,25.2046686473212,0.422110552763819,0.321608040201005,0.0142857142857143,-42.6162845109175,0.0267631371953818,1
"233",2015,"J. Rosen","UCLA",488,0.117434206190622,0.33349359546945,87.3114791565656,4.88566914181141,0.440613026819923,0.314176245210728,0.024,-45.3596472870135,0.176622889460492,1
"234",2015,"J. Rudock","Michigan",387,0.127742731139324,0.278884622652521,53.4233345708193,24.8843293810537,0.496629213483146,0.334831460674157,0.0420792079207921,-57.9759978022193,0.175972278543535,1
"235",2015,"J. Sprague","Ohio",114,-0.0750590921756912,0.0876661089498202,-9.02706087313605,4.37806122599585,0.439759036144578,0.307228915662651,0.05,-24.283011170503,-0.0280060219707241,1
"236",2015,"J. Stave","Wisconsin",369,0.0416214352113573,-0.279250124016439,-19.1220569194565,-4.57594258828015,0.462686567164179,0.310945273631841,0.053846153846154,-75.8008544921015,-0.0589502475316833,1
"237",2015,"J. Stidham","Baylor",109,0.26721902089398,0.82268492362402,57.7522010754253,0.991329452483233,0.510344827586207,0.337931034482759,0.076271186440678,-11.0768578383119,0.405127796744197,1
"238",2015,"J. Tabary","Arkansas State",102,-0.0694685908934879,-0.702911765739868,-21.5151841840223,-8.28864607707966,0.436974789915966,0.243697478991597,0.0892857142857143,-30.3112105312255,-0.250452355135311,1
"239",2015,"J. Thomas","Georgia Tech",178,0.083751613420372,-0.538314919328448,-5.72790371017278,-31.6281844818569,0.373040752351097,0.25705329153605,0.0631578947368421,-53.0088671442356,-0.117103724739905,1
"240",2015,"J. Wolford","Wake Forest",232,-0.080418601229643,-0.205487145877453,-36.7800510071077,0.996208613763656,0.422950819672131,0.262295081967213,0.0901960784313725,-67.5589013730288,-0.1173240734208,1
"241",2015,"K. Allen","Texas A&M",278,0.111064224513201,-0.162027343029625,0.378372789434406,10.4074994643109,0.416909620991254,0.276967930029154,0.0764119601328904,-17.2868774810271,0.0314456917018813,1
"242",2015,"K. Anderson","Fresno State",153,-0.154408713929882,0.10142510465584,-33.2234388408807,17.2284990282579,0.354679802955665,0.251231527093596,0.0613496932515337,-14.0313073024311,-0.0787928069587324,1
"243",2015,"K. Bolin","Louisville",134,-0.0675371679719242,-0.242368492146058,-16.4009080001183,0.675730430757392,0.426666666666667,0.293333333333333,0.0821917808219178,-47.8709626219515,-0.104834517129073,1
"244",2015,"K. Hinton","Wake Forest",173,-0.0266931880730148,-0.109692831602592,-35.1851545393108,21.8597932471706,0.37593984962406,0.236842105263158,0.0894736842105263,-18.6178591758183,-0.0500953432035348,1
"245",2015,"K. Hogan","Stanford",300,0.308180310222148,0.295579942089347,102.757366367852,14.4556111005353,0.511688311688312,0.348051948051948,0.0595611285266458,-41.2886120906988,0.304449292125682,1
"246",2015,"K. Murray","Texas A&M",120,-0.01323685277343,-0.160987587465731,-22.0443815056053,12.8101214452638,0.445086705202312,0.260115606936416,0.0625,-27.9956596358938,-0.0533772257823209,1
"247",2015,"K. Myers","Utah State",197,0.111442121025097,0.0555551228672803,30.1895012022562,-3.06612193133077,0.400709219858156,0.283687943262411,0.0663507109004739,-31.2128584555919,0.0961821959961894,1
"248",2015,"K. Palandech","UNLV",146,-0.0165115068395169,-0.257385342206772,-38.8115721374632,16.2587894194075,0.385964912280702,0.254385964912281,0.125748502994012,-28.272729670437,-0.0989157136756831,1
"249",2015,"K. Potter","San José State",265,0.0737594514960972,0.365302859419531,30.2541500030975,32.2468287538198,0.458885941644563,0.318302387267905,0.098639455782313,-22.5023572725014,0.165785089540894,1
"250",2015,"K. Reynolds","Navy",115,0.165890278732435,0.352521536535092,23.1697057105387,57.6193106781094,0.45646437994723,0.263852242744063,0.1015625,-8.76033128718291,0.213163631632317,1
"251",2015,"K. Roberts","Air Force",145,0.143384033855141,-0.0318016399901007,35.6110314658842,-4.74668277684446,0.460063897763578,0.293929712460064,0.0202702702702703,-56.5613326419203,0.0986081427764846,1
"252",2015,"K. Shurmur","Vanderbilt",100,-0.051419387076968,-0.743482476709617,-32.6848040429848,-2.24365584836082,0.31578947368421,0.210526315789474,0.0825688073394496,-12.5354364971469,-0.306389999046891,1
"253",2015,"L. Falk","Washington State",635,0.0435459543839864,0.32761211092071,73.2289486885405,8.22966435739388,0.466480446927374,0.301675977653631,0.0578635014836795,-41.1213672724728,0.113769012633987,1
"254",2015,"L. Jackson","Louisville",242,0.071082358153839,0.0929862023659223,-22.0719836494037,52.979640764763,0.45049504950495,0.299504950495049,0.0902255639097745,-46.0553473084505,0.0765041017706914,1
"255",2015,"L. Jordan","New Mexico",118,-0.151090733485634,0.344811587143616,-18.9249093882261,19.5498553061315,0.381132075471698,0.233962264150943,0.0708661417322835,-40.5181272275085,0.00235828648266215,1
"256",2015,"L. Mcneill","Charlotte",188,-0.447354109506338,-0.747603381905489,-112.022786872425,-10.5621638480083,0.298642533936652,0.190045248868778,0.0873786407766991,-57.0292518169262,-0.554683034934089,1
"257",2015,"M. Bercovici","Arizona State",523,0.0546256278063226,-0.00495934086207258,21.9073371727064,0.237264140449496,0.418124006359301,0.289348171701113,0.0660714285714285,-54.0332571951443,0.0352060434231413,1
"258",2015,"M. Brewer","Virginia Tech",206,0.0335375240789288,0.0459911754020896,10.7674893342884,-1.58039449339581,0.450413223140496,0.309917355371901,0.0762331838565022,-42.4505029392925,0.0379632018218703,1
"259",2015,"M. Cozart","Kansas",101,0.0517933657058114,0.0644662090171272,13.6119232754599,-5.53160729910803,0.43448275862069,0.282758620689655,0.0560747663551402,-11.1601212858029,0.0557263170782887,1
"260",2015,"M. Davis","SMU",328,0.00140206318258616,-0.0129601889344809,-18.730391661132,17.1947764914192,0.41130604288499,0.290448343079922,0.106267029972752,-44.6890380590296,-0.00299340189027847,1
"261",2015,"M. Johns","Virginia",396,-0.00472242583167082,0.202773223876948,24.9284241067045,5.07525299305792,0.439824945295405,0.310722100656455,0.0480769230769231,-82.2323570634134,0.0656535603933531,1
"262",2015,"M. Johnson","Bowling Green",548,0.143470100869305,0.6349071313859,151.690573832106,17.1242409766805,0.503048780487805,0.314024390243902,0.0584192439862543,-67.8157199189532,0.257339656720711,1
"263",2015,"M. Leftwich","UTEP",154,-0.0565752623776531,0.364792082205999,20.4358186327129,-0.0799565090969705,0.396449704142012,0.29585798816568,0.0253164556962025,-14.0666539164737,0.120448888305419,1
"264",2015,"M. Leidner","Minnesota",402,-0.00834720331966726,0.0433568730352012,18.4086386121127,-14.3763656817248,0.425196850393701,0.267716535433071,0.0382775119617225,-70.4783853093791,0.00793754513855904,1
"265",2015,"M. Mauk","Missouri",109,-0.0273642588379359,0.0423485641549024,-9.57478121625177,8.74404071942879,0.386206896551724,0.296551724137931,0.043859649122807,-13.6183344734635,-0.00572924480567565,1
"266",2015,"M. Rudolph","Oklahoma State",423,0.106355973332324,0.464662239895733,103.035673300773,-6.34567499417312,0.452868852459016,0.34016393442623,0.0682819383259912,-62.6235782677462,0.198135242431558,1
"267",2015,"M. Smith","San Diego State",193,0.0812617855437186,-0.159820325656603,1.27028671675172,-2.99620019904176,0.413333333333333,0.288888888888889,0.0809523809523809,-20.2966465924886,-0.00767072658795572,1
"268",2015,"M. Williams","North Carolina",351,0.221943673789258,0.16313613143872,51.5590554060844,54.1124777412825,0.46930693069307,0.322772277227723,0.046195652173913,-63.196133959118,0.209250560687855,1
"269",2015,"M. Wittek","Hawai'i",227,-0.411441613976012,-0.353755948307743,-103.568643823442,1.02797849183783,0.337164750957854,0.226053639846743,0.0846774193548387,-76.4868997993383,-0.392876112381626,1
"270",2015,"N. Arbuckle","Georgia State",471,0.199369311334713,0.38114833886561,130.761182332027,1.82543903374745,0.480225988700565,0.355932203389831,0.0617529880478088,-63.1210984584319,0.24969231895626,1
"271",2015,"N. Mitchell","Oregon State",109,-0.113103057659953,-0.402713131224094,-22.6817099415162,-6.92719374546753,0.333333333333333,0.229166666666667,0.0683760683760684,-19.2495219078242,-0.205617386715165,1
"272",2015,"N. Mullens","Southern Miss",515,0.0819705064740037,0.456935824545254,108.240232253941,-1.38134279583332,0.462365591397849,0.349462365591398,0.0445269016697589,-73.5751858180366,0.191503386125641,1
"273",2015,"N. Peterman","Pittsburgh",311,0.048748609436331,0.176772178293188,34.4707432812687,0.196534318341141,0.457070707070707,0.325757575757576,0.0744047619047619,-48.1426767847685,0.0875436303020451,1
"274",2015,"N. Stevens","Colorado State",340,0.0914953355766236,0.191841467012852,35.6147744991727,12.3548883902284,0.483116883116883,0.311688311688312,0.0422535211267606,-54.8208090100213,0.124596526985457,1
"275",2015,"N. Sudfeld","Indiana",393,0.376437088337246,0.00789512700134829,114.794540568046,2.91153307267309,0.497716894977169,0.381278538812785,0.0223880597014926,-40.5072058872147,0.268735327946846,1
"276",2015,"P. Ely","Toledo",364,0.0310636765227226,0.275341353466573,52.0128440012823,-7.80867518344585,0.441558441558442,0.31948051948052,0.00817438692098092,-41.3880261375812,0.114816022903471,1
"277",2015,"P. Hills","Maryland",177,-0.113226859915664,-0.439531971562703,-86.3091816959619,25.8640601584368,0.381118881118881,0.244755244755245,0.0876288659793814,-53.0857412939657,-0.211346578802536,1
"278",2015,"P. Lynch","Memphis",443,0.222504295747395,0.340005954490654,123.742240554311,12.2927906600094,0.489603024574669,0.340264650283554,0.0348583877995643,-20.3195917984441,0.257155068458072,1
"279",2015,"P. Mahomes","Texas Tech",567,0.0728529045232171,0.554292343556991,68.6455110301329,66.457718157983,0.474212034383954,0.30945558739255,0.0454545454545454,-79.4229452440426,0.193557634939994,1
"280",2015,"P. Orth","South Carolina",255,0.0674122875474677,0.159548793516093,14.2566420120802,15.4683078499177,0.403908794788274,0.276872964169381,0.059040590405904,-36.9385816854931,0.09682394091856,1
"281",2015,"P. Towles","Kentucky",326,-0.123604183114981,0.103665708196361,-47.6349616112574,26.6219632541014,0.399497487437186,0.263819095477387,0.0712250712250712,-64.684785048868,-0.0527964782843115,1
"282",2015,"P. Walker","Temple",428,-0.0551330496741514,0.202998601265343,22.4374551129224,-10.6927701027092,0.409448818897638,0.271653543307087,0.036036036036036,-54.7349104918949,0.0231194586815221,1
"283",2015,"Q. Flowers","South Florida",272,0.131517937589803,-0.0760159884486824,9.76762741254006,21.7313761825226,0.417748917748917,0.25974025974026,0.0652920962199312,-26.9723497684343,0.0681796614611747,1
"284",2015,"R. Graham","Northern Illinois",102,-0.0811745821203349,-0.460737066565843,-24.2001717699121,-10.9361809016136,0.380116959064327,0.216374269005848,0.11304347826087,-32.1378375489481,-0.20547574661711,1
"285",2015,"R. Metz","UTEP",130,0.0120911360744933,-0.508798774568944,-27.2692046892451,-0.462756173362926,0.407407407407407,0.216049382716049,0.0225563909774436,-38.259290999564,-0.171184943596346,1
"286",2015,"R. Neal","Ball State",381,0.0386336656359595,-0.0710342911946096,-3.139715294323,6.01505847813892,0.422174840085288,0.253731343283582,0.0255754475703325,-42.9207879842322,0.0061307957011,1
"287",2015,"R. Willis","Kansas",306,-0.338391375600282,0.0421287464698082,-77.3459626621969,1.18748209450603,0.363888888888889,0.216666666666667,0.0838323353293413,-60.6712817844966,-0.211551334910252,1
"288",2015,"S. Bentley","Old Dominion",264,-0.262164597852587,-0.240116803699214,-82.1048893114212,2.99213887216198,0.323624595469256,0.226537216828479,0.0671378091872791,-45.8977658804743,-0.256028318573655,1
"289",2015,"S. Collins","Oregon State",157,0.044962782784894,-0.0401680086068171,-9.12601741799747,15.0772046843965,0.433460076045627,0.273764258555133,0.0484848484848485,-23.1048453121374,0.0226280884653956,1
"290",2015,"S. Howard","West Virginia",396,-0.0100921544132171,-0.11988906859697,-26.6839616857367,4.41386933929714,0.423146473779385,0.276672694394213,0.0704225352112677,-79.8905031776625,-0.0402714147313555,1
"291",2015,"S. Liufau","Colorado",298,0.125989951227206,0.0928988219496278,31.4088696059506,13.4113971349462,0.454780361757106,0.302325581395349,0.0599369085173502,-24.2427309179391,0.115814642741336,1
"292",2015,"S. Maguire","Florida State",189,0.135390005304902,0.0271723643850787,20.8934637528659,-0.525428245535089,0.423469387755102,0.285714285714286,0.0307692307692308,-19.3945241734177,0.10391854850679,1
"293",2015,"S. Richardson","Iowa State",204,-0.145852449216045,-0.155172791632069,-33.0308632345154,-4.22447817485798,0.4,0.256,0.0769230769230769,-48.3849574236037,-0.149021365637493,1
"294",2015,"S. Russell","Baylor",199,0.406658327135041,0.671746433399759,89.7184724564436,24.3871979862825,0.516129032258065,0.370967741935484,0.0148514851485148,-28.7704197238722,0.460103509849702,1
"295",2015,"S. White","Auburn",147,0.0226745725816555,0.00318482592521774,9.51267304428114,-6.67859376559516,0.411111111111111,0.316666666666667,0.0636942675159236,-13.0627477001377,0.0157448848815888,1
"296",2015,"T. Armstrong","Nebraska",397,0.0977427589544656,0.069348887637648,20.5192048035315,23.66116792404,0.442424242424242,0.323232323232323,0.0293398533007336,-65.7406251052054,0.0892532782375181,1
"297",2015,"T. Boykin","TCU",390,0.277894959983007,0.221230098298039,119.59789475738,15.2099923599455,0.489236790606654,0.332681017612525,0.0274314214463841,-40.4253589846597,0.263811912166978,1
"298",2015,"T. Harris","Florida",233,-0.0255620181037883,-0.161748779953792,-33.7338566610447,10.9392799850056,0.379204892966361,0.250764525993884,0.114068441064639,-36.7925024717576,-0.0697081855536366,1
"299",2015,"T. Jones","Texas State",327,-0.0249697860734056,0.249909252669511,7.81883243632403,17.5288571614602,0.415217391304348,0.297826086956522,0.0521739130434783,-51.8316191053451,0.0551036730386614,1
"300",2015,"T. Lamb","App State",274,0.16272122216739,0.316299488505648,58.8776527720128,18.230099700202,0.491525423728814,0.344632768361582,0.0385964912280702,-48.4597247842548,0.217818509808516,1
"301",2015,"T. Lee","Tulane",269,-0.118435549011239,-0.0422495002045067,-19.856459617457,-7.10811581315162,0.352739726027397,0.25,0.0692041522491349,-43.3857836275443,-0.092344436406194,1
"302",2015,"T. Mangum","BYU",439,0.00289001665886703,0.318636015805001,44.2488087373212,-4.27989849540054,0.43313373253493,0.291417165668663,0.0579399141630901,-65.4055396032106,0.0797782639559294,1
"303",2015,"T. Rogers","New Mexico State",133,0.0735232301187325,-0.515454947531004,-15.795839810602,-0.637872667469361,0.329192546583851,0.22360248447205,0.0763888888888889,-9.21119985083752,-0.102072748311002,1
"304",2015,"T. Sirk","Duke",417,0.00448877465430743,0.0582182618757589,-4.80421572749955,16.4745220434603,0.410745233968804,0.266897746967071,0.027972027972028,-46.9533154658611,0.0202258341697759,1
"305",2015,"T. Stewart","Nevada",313,0.0344355866231626,0.0995078558471323,12.8029088176615,9.54922320667852,0.462287104622871,0.301703163017032,0.0656716417910448,-51.34622591688,0.0543847494509489,1
"306",2015,"T. Wilson","Utah",302,0.0732848256074127,-0.157454901289023,-8.36829268468975,10.3867117285183,0.415909090909091,0.275,0.065015479876161,-34.6597303782659,0.00458731600870115,1
"307",2015,"T. Woodson","Akron",282,-0.00995584700843961,0.329260102729573,23.9125271996244,5.27860614226588,0.437346437346437,0.287469287469288,0.0342465753424658,-48.3732065479157,0.0717226863437109,1
"308",2015,"V. Adams","Oregon",255,0.238569889605443,0.444062414377716,99.3085471382492,-2.09318467472157,0.49702380952381,0.342261904761905,0.0892857142857143,-32.2168462103608,0.289331435903356,1
"309",2015,"W. Grier","Florida",159,-0.0163433046259553,0.348214072082385,11.9147761049139,7.50083684894188,0.456410256410256,0.282051282051282,0.0755813953488372,-19.1498332319439,0.0995672459172092,1
"310",2015,"W. Lunt","Illinois",476,-0.024403522504125,-0.341267759963085,-58.770253330062,-2.54546472813933,0.376,0.24,0.0364372469635627,-34.1252244037121,-0.122631436116403,1
"311",2015,"Z. Greenlee","Fresno State",147,-0.25058065040971,0.0688831127388625,-29.1783350401861,2.18941755262227,0.32183908045977,0.218390804597701,0.0754716981132076,-22.9355699960639,-0.155108721192896,1
"312",2015,"Z. Mahoney","Syracuse",115,-0.103163542826825,-0.364048544926698,-21.8530975581543,-8.0673202341236,0.326923076923077,0.224358974358974,0.0573770491803279,-19.0111552829857,-0.1917975499505,1
"313",2015,"Z. Terrell","Western Michigan",364,0.25742517080036,0.245281637496401,100.80075837932,10.0401097596819,0.488532110091743,0.350917431192661,0.0714285714285714,-45.0605700668262,0.254222174630737,1
"314",2016,"A. Allen","Arkansas",394,0.234794811105919,-0.0379265201126307,73.2056341317646,-1.90362117720817,0.470459518599562,0.352297592997812,0.0772833723653396,-59.9544946112545,0.156021910185025,1
"315",2016,"A. Appleby","Florida",208,0.0245178093667491,-0.409829043020323,-32.248523728057,3.17136321702467,0.389558232931727,0.23293172690763,0.0877192982456141,-31.614755217388,-0.116775745024226,1
"316",2016,"A. Ford","Massachusetts",362,-0.0222625754532814,0.337921014269035,14.9896054802606,15.591983755162,0.445812807881773,0.322660098522168,0.078880407124682,-74.8636992864597,0.0753241114172969,1
"317",2016,"A. Hornibrook","Wisconsin",179,-0.149298698833891,0.111166900221559,-0.929219218555281,-5.11698413395545,0.402985074626866,0.308457711442786,0.06282722513089,-27.6013636936331,-0.0300806136940832,1
"318",2016,"A. Jennings","Louisiana",310,0.01583682108918,-0.396737075678532,-73.6554289363532,20.9904570373443,0.396017699115044,0.254424778761062,0.104046242774566,-52.1901295562798,-0.116515424555329,1
"319",2016,"A. Maddie","Northern Illinois",160,0.116568028119704,0.194214218242146,5.93095598182734,25.4608157029287,0.469565217391304,0.282608695652174,0.0123456790123456,-27.4744181723657,0.136485963846765,1
"320",2016,"A. Mcgough","Florida International",279,-0.0586086747138837,0.0378530551533331,-12.3327373294171,1.69784416541332,0.421052631578948,0.294117647058823,0.0379310344827586,-65.8244667068511,-0.0329253658328291,1
"321",2016,"A. Morris","North Texas",177,0.0328067063470065,-0.545908423995685,-22.1464540194768,-1.06913000937525,0.390625,0.265625,0.0327868852459016,-29.098115396887,-0.120914500150271,1
"322",2016,"B. Bahl","Miami (OH)",122,0.0293242806047154,-0.136893468582443,-5.25939126026611,3.02877925236935,0.45679012345679,0.32716049382716,0.134751773049645,-52.5215206716538,-0.0137692099252887,1
"323",2016,"B. Dawkins","Arizona",153,0.0864348080829169,0.487591542757713,-0.357273045974024,52.6887911296332,0.435114503816794,0.305343511450382,0.0555555555555555,-23.625606739244,0.19973861863992,1
"324",2016,"B. Hicks","SMU",414,-0.144515389268559,0.236646940241718,-10.6862603885869,4.01191934548556,0.404395604395604,0.298901098901099,0.0526315789473684,-84.9397571481983,-0.0146688814134094,1
"325",2016,"B. Houston","Wisconsin",140,0.318462340654638,-0.070328062359792,32.3775691998506,-1.42573934470834,0.523809523809524,0.380952380952381,0.0728476821192053,-20.5450692577005,0.184237082471085,1
"326",2016,"B. Kaaya","Miami",415,0.216137080942641,-0.0493571229215866,64.4172117448211,-0.441015049504292,0.460176991150443,0.298672566371681,0.0568181818181819,-34.1463279874806,0.14154025817548,1
"327",2016,"B. Mayfield","Oklahoma",356,0.477694410784524,0.54333219430743,206.079241862489,8.78847752312857,0.555299539170507,0.400921658986175,0.0481283422459893,-48.2511708733871,0.495086911026769,1
"328",2016,"B. Mcilwain","South Carolina",114,-0.0637099531131347,-0.460529114855573,-19.7305869033975,-14.1647670169464,0.355932203389831,0.231638418079096,0.073170731707317,-9.3319326386797,-0.191499174691208,1
"329",2016,"B. Roback","Eastern Michigan",369,0.0735470501708187,0.516833467735199,60.2487049123866,21.1716995286177,0.488425925925926,0.298611111111111,0.0263852242744063,-36.9677046093583,0.188473158428251,1
"330",2016,"B. Rypien","Boise State",379,0.271448188340319,0.343656278324164,124.270253276076,-0.0231781634276818,0.498823529411765,0.352941176470588,0.042929292929293,-40.1310847474016,0.292346059088585,1
"331",2016,"B. Shirreffs","UConn",277,-0.0755777348656691,0.0911107370534857,9.6610677810837,-20.1431697538786,0.403800475059382,0.235154394299287,0.0766666666666667,-32.2384666915223,-0.0248981044484439,1
"332",2016,"B. Silvers","Troy",378,0.0155572366237005,0.00871791222005487,-5.62865336885699,11.3189022344844,0.440963855421687,0.289156626506024,0.0130548302872063,-51.2084116490041,0.0137114430497045,1
"333",2016,"B. Stockstill","Middle Tennessee",347,0.149445864981582,0.507013227701954,79.4360488848414,13.5905482746088,0.466494845360825,0.350515463917526,0.0252808988764046,-42.065198194223,0.239759271029511,1
"334",2016,"C. Beathard","Iowa",295,-0.0130825681437046,-0.172034220891497,-48.8970582846277,21.3807128361208,0.396825396825397,0.243386243386243,0.0923076923076923,-42.2056386159754,-0.0727945646785894,1
"335",2016,"C. Chapman","San Diego State",223,0.0264356789111326,-0.058101150165484,11.1856977363831,-11.3760461639368,0.445993031358885,0.278745644599303,0.0934959349593496,-39.7684478172747,-0.000663234939211412,1
"336",2016,"C. Evans","UL Monroe",139,-0.168254998247735,0.160481699851879,-10.3217256889281,1.20436318897958,0.365079365079365,0.259259259259259,0.027972027972028,-20.2066755126341,-0.048240013227241,1
"337",2016,"C. Hill","Colorado State",125,0.164761277305823,0.286142024797487,25.9084871461909,5.32564512636905,0.480263157894737,0.31578947368421,0.0740740740740741,-14.938281922034,0.205487712319473,1
"338",2016,"C. Kelly","Ole Miss",328,0.216451953738928,0.195697880737783,67.4515351762993,18.9307331600768,0.495098039215686,0.33578431372549,0.043731778425656,-42.9731069376874,0.21172124592249,1
"339",2016,"C. Laviano","Rutgers",140,-0.13546742084304,-0.563944449227714,-36.1821454536341,-13.3025180202547,0.34054054054054,0.232432432432432,0.0789473684210526,-21.4453058956835,-0.267484667426426,1
"340",2016,"C. Litton","Marshall",308,-0.0822511832564446,-0.0704856014630374,-26.0967584269136,-0.421908876878077,0.383928571428571,0.241071428571429,0.0638297872340426,-42.0350391573231,-0.0789246050708087,1
"341",2016,"C. Manning","Georgia State",361,-0.00568736693315234,0.166816810036035,24.5412136008808,-5.86921919073913,0.428940568475452,0.302325581395349,0.0243243243243243,-69.5456919065813,0.0482480475714256,1
"342",2016,"C. Rush","Central Michigan",452,0.01116073581889,0.103037454148713,14.5706505760658,5.93320698252866,0.430769230769231,0.307692307692308,0.0699588477366255,-72.273160773671,0.0394304953049895,1
"343",2016,"C. Stanley","Kansas",152,-0.067064549070344,-0.53122635671214,-38.9207520695262,3.8369464661349,0.375,0.21195652173913,0.05,-41.8058154801656,-0.19067285654017,1
"344",2016,"C. Thorson","Northwestern",470,0.0403880287446745,0.0715371810028822,27.7605146592886,0.76825532119099,0.429328621908127,0.284452296819788,0.0748031496062993,-62.3009804145705,0.0504041872446635,1
"345",2016,"C. Virgil","Fresno State",301,0.00726998418765232,0.0381803018775918,-2.58310150227478,9.11858463269461,0.377659574468085,0.257978723404255,0.0623052959501558,-25.6077605696077,0.0173816040702655,1
"346",2016,"D. Blough","Purdue",510,-0.0862164963992529,0.161047894281971,-11.9624309754576,5.51607192611946,0.411167512690356,0.262267343485618,0.0520446096654273,-95.5334803413311,-0.010907544922738,1
"347",2016,"D. Brown","Hawai'i",326,0.0760563912741048,0.0070162822537893,33.6888313299607,-10.4172583158989,0.466183574879227,0.309178743961353,0.055072463768116,-55.0828295464279,0.0562115290194731,1
"348",2016,"D. Davis","South Alabama",340,0.0968863799571907,-0.00636782947363689,12.3126133430959,15.8222286030577,0.423255813953488,0.311627906976744,0.0633608815426998,-50.9630261620756,0.0654298649910549,1
"349",2016,"D. Etling","LSU",266,0.124690072070253,0.130458871844341,37.1309577240355,1.6853927805223,0.456026058631922,0.332247557003257,0.0567375886524822,-29.2977259605426,0.126437623793348,1
"350",2016,"D. Evans","Tulsa",426,0.152188333881975,0.0261043290470821,58.4914162286281,-4.23640796648038,0.476595744680851,0.331914893617021,0.0469798657718122,-83.1592532966273,0.115436187791804,1
"351",2016,"D. Francois","Florida State",398,0.130622983815336,0.130980258606562,46.3130094533646,19.829023354846,0.472332015810277,0.33596837944664,0.0787037037037037,-52.7335810633903,0.130715479858124,1
"352",2016,"D. Garretson","Oregon State",141,-0.246627250147895,-0.175667198591531,-62.2686157039959,22.1705267268341,0.370165745856354,0.237569060773481,0.0784313725490196,-29.8533154641342,-0.221536403188739,1
"353",2016,"D. Jones","Duke",408,0.0183502990382739,0.205217334414233,22.9773707614152,15.1153765079391,0.465909090909091,0.299242424242424,0.0533642691415313,-58.7248355807684,0.0721453546768075,1
"354",2016,"D. Kizer","Notre Dame",354,0.0807880001331626,0.234199998960015,53.248416704574,5.55417120696807,0.444906444906445,0.313929313929314,0.0659630606860159,-64.9256903007591,0.122250702518798,1
"355",2016,"D. Lock","Missouri",423,0.106126252289493,-0.157972061573218,7.77924707974982,7.24154870015617,0.43578947368421,0.298947368421053,0.0298165137614679,-78.3063423795987,0.0316227279576968,1
"356",2016,"D. Prukop","Oregon",143,0.0818103167284462,0.535373696495641,36.5660953942649,5.77540271100781,0.474489795918367,0.306122448979592,0.0592105263157895,-11.9029452329075,0.216028051557514,1
"357",2016,"D. Sturm","UTSA",263,0.0852931980950494,0.0148207483408044,-4.23265712845825,25.3243137794171,0.430167597765363,0.270949720670391,0.111486486486486,-24.6302578176921,0.0589152420417845,1
"358",2016,"D. Washington","Old Dominion",309,0.170372954515827,0.0160914625110166,60.8128789083501,-12.1069730314303,0.455525606469003,0.309973045822102,0.0462962962962963,-30.6988126909653,0.1312827651669,1
"359",2016,"D. Watson","Clemson",570,0.0769837618389902,0.293344166820294,91.6312140301119,6.41606491611712,0.502724795640327,0.302452316076294,0.0289608177172062,-105.894951540545,0.133579399109304,1
"360",2016,"D. Webb","California",608,0.129819031076562,0.0719882889429909,68.7621241314238,4.52034524338363,0.440438871473354,0.299373040752351,0.0256410256410257,-60.6556250164859,0.114862804662708,1
"361",2016,"E. Dungey","Syracuse",354,-0.0234163353371374,0.244335704008713,29.8460406747767,-2.79734001014606,0.458333333333333,0.272916666666667,0.056,-47.327421969978,0.0563514597179806,1
"362",2016,"G. Cuiellette","Tulane",219,-0.197406570586836,-0.622693042933003,-70.9737098323297,-43.1539160270322,0.31858407079646,0.209439528023599,0.0759493670886076,-48.3632536302293,-0.336659663301952,1
"363",2016,"G. Kiel","Cincinnati",124,0.0385987046780489,-0.284063572857326,-3.4060304391105,-5.73467945962158,0.396946564885496,0.251908396946565,0.0236220472440945,-12.9923857482071,-0.0697764114407029,1
"364",2016,"G. Minshew","East Carolina",194,0.0198379491512063,0.486836061788811,38.5567702620458,-5.82456427279374,0.406542056074766,0.294392523364486,0.0443349753694581,-21.312983919701,0.152954233594636,1
"365",2016,"G. Ragland","Miami (OH)",175,0.13169142434541,0.284646591861672,43.4033808808557,1.41155975074389,0.482625482625483,0.343629343629344,0.0885416666666667,-25.8279516763492,0.173030658809265,1
"366",2016,"G. Rescigno","Rutgers",161,-0.202669302024073,-0.441405197272351,-59.0047376942151,-3.0102291042053,0.363636363636364,0.231818181818182,0.0955056179775281,-36.1312588487303,-0.281886212720093,1
"367",2016,"G. Smith","UL Monroe",177,0.0338406783039187,0.11062170319534,-4.64551979102922,17.963651266566,0.443037974683544,0.29535864978903,0.0327868852459016,-36.9888683901258,0.0561946475761046,1
"368",2016,"G. Ward","Houston",466,-0.0317168807177547,0.459875470477358,59.0115766538955,13.8542705084998,0.461538461538461,0.280542986425339,0.0661322645290581,-64.7274959911867,0.109903238555649,1
"369",2016,"G. Windham","Ohio",277,-0.0273753735838737,0.0485472457623341,-25.7022634505132,23.7182673667026,0.422043010752688,0.263440860215054,0.0314685314685314,-53.3315423636051,-0.00533332280594247,1
"370",2016,"H. Klugh","Charlotte",215,-0.0241221001628521,0.137502470781146,-16.687799607524,24.9430062691293,0.382059800664452,0.259136212624585,0.0611353711790393,-23.0896847948913,0.0274259357528415,1
"371",2016,"H. Moore","Cincinnati",245,-0.0709025671670955,0.125579416290892,-7.20531384814528,4.02711189419477,0.410774410774411,0.272727272727273,0.0684410646387833,-41.0730689404716,-0.0107010166799681,1
"372",2016,"J. Allen","Wyoming",343,0.138205581518224,0.304772057694905,69.085446356565,23.1880790499761,0.472340425531915,0.35531914893617,0.0653950953678473,-80.6717971895617,0.196326649801151,1
"373",2016,"J. Barrett","Ohio State",370,0.0523593002071441,-0.100376985047935,-8.12625803572921,14.3492942394712,0.42907180385289,0.248686514886164,0.0656565656565656,-44.5854514919055,0.010898487221965,1
"374",2016,"J. Bentley","South Carolina",188,-0.0591717313855787,0.0892108845403449,-8.5021520157925,6.2006783355583,0.409282700421941,0.286919831223629,0.109004739336493,-27.293911792181,-0.00971085941027085,1
"375",2016,"J. Browning","Washington",389,0.324755126257759,-0.0601211886203658,80.2769186981501,19.437245577985,0.502202643171806,0.330396475770925,0.0603864734299518,-54.0797037769882,0.219634723075188,1
"376",2016,"J. Dobbs","Tennessee",349,0.187646120295005,-0.198911543271975,4.50968039543039,35.4167492419208,0.444444444444444,0.311111111111111,0.0618279569892473,-68.9609963255242,0.0806594538128305,1
"377",2016,"J. Driskel","Florida Atlantic",305,0.183844129262854,-0.190765425335143,-4.08619126489748,30.6899387728219,0.46684350132626,0.307692307692308,0.0644171779141104,-43.2032012225597,0.0705669695170408,1
"378",2016,"J. Eason","Georgia",365,-0.172639840907768,0.122358350920718,-31.9200253509957,5.68910829300582,0.391959798994975,0.271356783919598,0.0544041450777201,-51.2506265003825,-0.065906826778869,1
"379",2016,"J. Ertz","Kansas State",263,0.0812425454250258,0.29192883915082,8.94032274934456,57.2113062192797,0.464125560538117,0.295964125560538,0.0804195804195805,-18.412818344893,0.148322038046243,1
"380",2016,"J. Evans","Virginia Tech",422,0.140556759446886,0.168912766954343,71.9611241612055,20.8479285288127,0.488817891373802,0.346645367412141,0.0704845814977973,-72.147401073377,0.148257272667761,1
"381",2016,"J. Hansen","Arkansas State",332,0.0902174079188617,0.0142830367653509,38.9011683995648,-10.9482213200992,0.414634146341463,0.302439024390244,0.0514285714285714,-41.6053545824248,0.0681779197060135,1
"382",2016,"J. Herbert","Oregon",250,0.217815505336637,0.116062570314062,52.1354725282562,4.96560584792424,0.429967426710098,0.319218241042345,0.0706319702602231,-13.1773878643586,0.185996997968014,1
"383",2016,"J. Hubenak","Texas A&M",102,-0.00404446173308284,-0.0575908395832193,-0.401608760689409,-2.49234527521662,0.368421052631579,0.270676691729323,0.0727272727272727,-17.8649836805527,-0.0217590529015491,1
"384",2016,"J. Hurts","Alabama",382,0.0342234433287364,-0.0316535883068364,-11.8882332158688,21.7142421178413,0.431818181818182,0.288461538461539,0.0473815461346633,-58.3630988877886,0.0171783372412106,1
"385",2016,"J. Knapke","Bowling Green",115,-0.445569017039818,-0.497240139629778,-65.260742428687,5.92217881731195,0.294573643410853,0.193798449612403,0.0650406504065041,-41.1912973847601,-0.459988865204458,1
"386",2016,"J. Lanning","Iowa State",167,-0.034287890828268,0.242894232075819,-8.18942771527188,22.9837240951944,0.434027777777778,0.270833333333333,0.106951871657754,-25.6837285269142,0.0513690846525088,1
"387",2016,"J. Morgan","Bowling Green",282,-0.128061714806957,-0.126564306195643,-47.4113458242813,6.06160404490204,0.429012345679012,0.280864197530864,0.0505050505050505,-64.118553931166,-0.127622659812899,1
"388",2016,"J. Park","Iowa State",222,0.0495155487879176,0.258923959599502,37.1951477229405,-7.45805485991945,0.449612403100775,0.306201550387597,0.0512820512820513,-23.1150960415343,0.115260049856671,1
"389",2016,"J. Rosen","UCLA",228,0.0988250430054598,0.211539817282394,35.9117895048842,-3.31549455413386,0.464,0.324,0.0539419087136929,-30.0274760904925,0.130385179803002,1
"390",2016,"J. Stanton","UNLV",102,-0.0370786156813509,-0.140326531774815,-8.84453192150431,-0.269895085436451,0.407142857142857,0.3,0.0192307692307692,-31.3157089291774,-0.0651030500495768,1
"391",2016,"J. Thomas","Georgia Tech",147,0.231196514691317,0.0735722956117943,47.6307199078809,3.23337292668982,0.385714285714286,0.275,0.069620253164557,-2.25244916242361,0.181657474409181,1
"392",2016,"J. Urzua","Middle Tennessee",126,-0.0618022801057839,-0.544997649184637,-23.1022016198878,-2.5743372011259,0.380597014925373,0.253731343283582,0.0454545454545455,-40.6205883567748,-0.191615961350849,1
"393",2016,"J. Wolford","Wake Forest",292,-0.0183881791784753,-0.363383541360485,-76.3926304776583,25.14501505023,0.41371158392435,0.264775413711584,0.101538461538462,-54.1231451049563,-0.121152755147585,1
"394",2016,"K. Benkert","Virginia",400,-0.122062634192433,-0.115297925362661,-38.1515283700671,-17.0566909558572,0.405228758169934,0.26797385620915,0.0654205607476636,-75.9331913184287,-0.120279344936654,1
"395",2016,"K. Chryst","Stanford",135,0.0304009721386253,-0.257399119742196,-11.7597866114162,2.11435195787293,0.377142857142857,0.245714285714286,0.0753424657534246,-7.90633617046467,-0.055116769448819,1
"396",2016,"K. Ellison","Georgia Southern",106,0.179595266919547,-0.0718144914361468,20.2531189282235,6.90326765723409,0.416326530612245,0.277551020408163,0.0535714285714286,-19.0876482294399,0.110842394226357,1
"397",2016,"K. Hill","TCU",430,0.0657627760112658,0.335139552532957,6.48369611812357,69.0742771637741,0.468468468468469,0.313513513513514,0.0570175438596491,-71.3136716921018,0.136140492399816,1
"398",2016,"K. Myers","Utah State",356,-0.0388622433322329,0.0373347183270479,-32.021988130881,25.4133413735963,0.411016949152542,0.273305084745763,0.0704960835509139,-45.2545298227507,-0.0140013702484845,1
"399",2016,"K. Olsen","Charlotte",141,-0.188554593247301,-0.245488730343185,-28.3432479994546,-3.46617989636849,0.326797385620915,0.209150326797386,0.0472972972972973,-13.4075732579876,-0.20790475748904,1
"400",2016,"K. Potter","San José State",305,-0.0930100264149867,0.237557831690231,-16.5615518394851,20.976474556166,0.415349887133183,0.288939051918736,0.115942028985507,-48.6473948361101,0.00996596550040852,1
"401",2016,"K. Shurmur","Vanderbilt",369,-0.0189890507026197,-0.19190096999815,-33.4635734017045,0.108098071566619,0.380382775119617,0.258373205741627,0.0798004987531172,-38.1103372984758,-0.0797977878711435,1
"402",2016,"L. Falk","Washington State",630,0.116537444309086,0.206460585067525,102.474383525027,-6.43708092000231,0.477011494252874,0.28735632183908,0.0454545454545454,-55.3001964995947,0.137984630179633,1
"403",2016,"L. Jackson","Louisville",409,0.141050674790688,0.301760010362262,32.4924542042248,86.0161648880434,0.484257871064468,0.295352323838081,0.0931263858093127,-62.1564315903172,0.177674091592606,1
"404",2016,"L. Rio","Florida",197,-0.0681452861460386,0.00947469701221492,-10.8063051559901,1.48242338147465,0.39622641509434,0.30188679245283,0.0390243902439024,-28.5393496673544,-0.0439805744080918,1
"405",2016,"L. Woodside","Toledo",383,0.302932232161986,0.5181426362774,164.449364015604,-11.7434653259068,0.487980769230769,0.362980769230769,0.0279187817258883,-38.4425643574245,0.36708148723485,1
"406",2016,"M. Cozart","Kansas",188,-0.126016144118296,-0.0973927852041052,-21.4551776398448,-3.73205100679963,0.402777777777778,0.240740740740741,0.0157068062827225,-44.3084971220323,-0.116607540030761,1
"407",2016,"M. Fafaul","UCLA",255,-0.0899581806632664,-0.180407931242575,-29.2047620477661,-3.30995833487249,0.335714285714286,0.253571428571429,0.0413533834586466,-57.0578878990179,-0.116124001366566,1
"408",2016,"M. Fine","North Texas",255,-0.174873005825172,-0.159410591077669,-63.8691144620651,4.4156017333253,0.389684813753582,0.234957020057307,0.123711340206186,-44.2168551399028,-0.170353904666876,1
"409",2016,"M. Leidner","Minnesota",302,0.0833553063931211,-0.0650502520479087,-7.34532785688949,23.3504750962156,0.450121654501216,0.29683698296837,0.0443037974683545,-36.2855417636543,0.0389419640859518,1
"410",2016,"M. Mcmaryion","Oregon State",169,0.0434539828092573,-0.174404916161219,-6.12841954865375,-0.0820969851057121,0.368686868686869,0.262626262626263,0.0397727272727273,-39.0121149752415,-0.0313662451199973,1
"411",2016,"M. Milton","UCF",281,-0.0825801476985417,-0.264056759258904,-48.0838714821144,-2.05394089870191,0.408602150537634,0.217741935483871,0.075657894736842,-35.8665806570537,-0.134779065539829,1
"412",2016,"M. Rudolph","Oklahoma State",441,0.196465914629941,0.243596812023753,102.139164480725,6.68445230948089,0.46360153256705,0.312260536398467,0.0636942675159236,-39.7261601488356,0.208474361667062,1
"413",2016,"M. Trubisky","North Carolina",441,0.237591105869587,0.306521446561348,133.586161924797,3.55810937263527,0.464419475655431,0.327715355805243,0.0433839479392625,-39.5882077727104,0.256824478085078,1
"414",2016,"M. White","Western Kentucky",374,0.406396770698491,0.082094153862545,136.073545368523,-3.83916876259403,0.517587939698492,0.344221105527638,0.0410256410256411,-47.041774709185,0.33224717740183,1
"415",2016,"M. Wilkins","Arizona State",309,0.109540045281826,-0.163369580292732,4.02848835808267,9.45389860768117,0.4279176201373,0.292906178489702,0.0938416422287391,-37.0787284102337,0.0308521440864161,1
"416",2016,"N. Fitzgerald","Mississippi State",355,0.0956111821455895,0.246104919478987,-13.5382260238206,90.4229043979896,0.454212454212454,0.305860805860806,0.037940379403794,-64.0000177637407,0.14081442925672,1
"417",2016,"N. Holley","Kent State",144,-0.0295712059158161,-0.171401085958883,-34.2389858065608,11.8280573245927,0.401812688821752,0.211480362537764,0.0769230769230769,-18.490174911687,-0.0677067325739216,1
"418",2016,"N. Mullens","Southern Miss",376,0.0789685440189262,0.40458837604879,69.597503214756,8.08074240535715,0.449648711943794,0.320843091334895,0.0481012658227849,-64.3511685218186,0.181916266089258,1
"419",2016,"N. Peterman","Pittsburgh",304,0.216289874894887,0.46701678394134,99.8744853462467,15.5493672445485,0.492021276595745,0.340425531914894,0.0318471337579618,-49.5509842323257,0.306978331358498,1
"420",2016,"N. Romine","Air Force",101,0.290805561753185,-0.41335019919396,37.4708934740557,-19.3698311468368,0.38860103626943,0.253886010362694,0.0818181818181818,-15.5502221647786,0.0937878877057973,1
"421",2016,"N. Stevens","Colorado State",167,0.535923413863928,-0.000884815243912044,54.0302795372385,11.8360962686339,0.472527472527472,0.368131868131868,0.0233918128654971,-18.2221551167446,0.36190316376853,1
"422",2016,"P. Hills","Maryland",194,0.0253984005319765,-0.374671180368873,-27.6899795683894,-0.779262582300824,0.402135231316726,0.277580071174377,0.149122807017544,-47.4019012279832,-0.101314029006015,1
"423",2016,"P. Mahomes","Texas Tech",586,0.190769654509447,0.713026453261299,182.659403994874,41.8115283139339,0.505602240896359,0.343137254901961,0.0440456769983687,-46.8825699222697,0.314385059256034,1
"424",2016,"P. Nelson","East Carolina",343,-0.0657502841822137,0.472763219537695,30.8976287517794,1.10572777571185,0.440886699507389,0.288177339901478,0.0524861878453039,-58.8752252547682,0.0788260012992396,1
"425",2016,"P. Towles","Boston College",270,-0.0354030917005342,-0.321507316742247,-69.8913627565117,5.90682884446462,0.371428571428571,0.262337662337662,0.0878378378378379,-59.6362828585837,-0.166193594576746,1
"426",2016,"P. Walker","Temple",390,0.0503479395218898,-0.0307865604846538,17.9337728604845,-6.78996287897347,0.417582417582417,0.294505494505495,0.0669856459330143,-68.1773997340277,0.024491890069255,1
"427",2016,"Q. Flowers","South Florida",303,0.289297237519875,0.372046077341827,54.072482448203,95.8785360974787,0.491666666666667,0.320833333333333,0.0319488817891374,-28.262971592395,0.312397955303504,1
"428",2016,"Q. Maxwell","Ohio",161,-0.0250587779298555,-0.0752648669529339,-7.40167065487456,-2.02689276767692,0.417391304347826,0.265217391304348,0.0584795321637427,-26.9523696130684,-0.0409937540110934,1
"429",2016,"R. Burns","Stanford",164,-0.234976693200226,-0.018504173547941,-23.0626763215132,-12.8852147685636,0.394618834080717,0.255605381165919,0.122994652406417,-50.0982966728146,-0.161201305336667,1
"430",2016,"R. Ferguson","Memphis",442,0.167472810240286,0.0739115791181948,79.7751608992666,-8.2307395347943,0.473581213307241,0.320939334637965,0.0675105485232067,-58.9038338651267,0.140008652376658,1
"431",2016,"R. Finley","NC State",395,0.0974463590135899,0.0447614290739913,49.2006591179408,-11.9726669599768,0.427350427350427,0.282051282051282,0.0365853658536585,-49.5187462191595,0.0795469917905211,1
"432",2016,"R. Graham","Northern Illinois",124,0.0355211447414081,-0.0881209346377066,6.85140183498472,-7.93144804303769,0.375,0.279761904761905,0.00799999999999999,-15.3475612465567,-0.00642884647650576,1
"433",2016,"R. Higgins","Louisiana Tech",490,0.318923153296793,0.426798141928482,178.528184848766,17.6756465062669,0.515570934256055,0.337370242214533,0.0448343079922028,-42.0554453938854,0.339452995423931,1
"434",2016,"R. Lagow","Indiana",439,0.139616547569053,-0.238567519448098,11.3040006029013,-3.42438877200053,0.41544885177453,0.336116910229645,0.0579399141630901,-80.1164715440862,0.0164501290833001,1
"435",2016,"R. Metz","UTEP",173,-0.0767924562635285,-0.0214706522764631,-18.2190001498462,6.37054354719392,0.416666666666667,0.318627450980392,0.0648648648648649,-23.4113657419034,-0.0580806696208447,1
"436",2016,"R. Neal","Ball State",383,0.0613434244036681,-0.0782053946209399,2.06216326386138,8.72616875560924,0.478346456692914,0.27755905511811,0.0401002506265664,-65.095041102215,0.0212368740540761,1
"437",2016,"R. Willis","Kansas",115,-0.297449827281172,-0.34036082125057,-30.8929215051112,-16.2475198397452,0.300653594771242,0.209150326797386,0.115384615384615,-37.218280599671,-0.308107459770303,1
"438",2016,"S. Buechele","Texas",385,0.205658191271302,-0.450018527171289,12.9368142351472,3.61386957848256,0.450939457202505,0.265135699373695,0.0677966101694916,-36.9337386373306,0.0345525758113354,1
"439",2016,"S. Darnold","USC",366,0.220305814189726,0.338628574971567,112.11837521262,-5.06496828235242,0.533799533799534,0.361305361305361,0.0161290322580645,-65.5973308001725,0.249541741096195,1
"440",2016,"S. Howard","West Virginia",402,0.108394030027494,0.213897189961009,52.1475810498485,22.2193417653074,0.456721915285451,0.314917127071823,0.0585480093676815,-64.6011432234015,0.136955658959771,1
"441",2016,"S. Johnson","Kentucky",262,0.0346039519745337,0.00589128004079716,-10.1912396204513,18.9439839235612,0.397183098591549,0.281690140845071,0.0676156583629893,-59.2352593681542,0.0246556177552391,1
"442",2016,"S. Liufau","Colorado",291,0.0383909261020977,0.0440925493924172,30.6608997411301,-13.0930598340892,0.436073059360731,0.28310502283105,0.0673076923076923,-38.1261526433749,0.040109223532057,1
"443",2016,"S. Montez","Colorado",139,0.0602156820636705,0.0881747922490098,1.55415569572814,11.4847906386266,0.460732984293194,0.287958115183246,0.054421768707483,-20.0277057435542,0.0682667347348415,1
"444",2016,"S. Patterson","Ole Miss",128,-0.0825368861345816,0.176219433364504,-6.72965485893283,3.82490595451463,0.417647058823529,0.3,0.0588235294117647,-27.4615621882206,-0.0170867582612835,1
"445",2016,"S. Russell","Baylor",277,0.110362111425535,0.370797944711823,20.9192422684687,42.943454399598,0.455525606469003,0.288409703504043,0.0448275862068965,-46.7120198927808,0.172136648700988,1
"446",2016,"S. White","Auburn",207,0.128229051617939,-0.212523537134786,-9.43432379337401,12.021849740776,0.465648854961832,0.316793893129771,0.0633484162895928,-28.8127876707385,0.00987605323435889,1
"447",2016,"T. Armstrong","Nebraska",289,0.0629035016631067,0.388211314204735,52.1762756232894,17.6781023634825,0.45771144278607,0.330845771144279,0.0203389830508475,-36.7093921525093,0.173767109419831,1
"448",2016,"T. Gangi","Nevada",126,-0.0477447188209265,0.406634599430586,8.84178160581597,4.63616774655223,0.406060606060606,0.272727272727273,0.0381679389312977,-25.1978837719664,0.0816845415295043,1
"449",2016,"T. Hill","BYU",331,-0.0569862126130296,0.229655024320894,-35.3601934529603,47.6687236514697,0.461368653421634,0.271523178807947,0.0542857142857143,-67.9688325269611,0.0271711483410805,1
"450",2016,"T. Jackson","Buffalo",299,-0.0459595788512563,-0.145810490502113,-37.5976322396246,7.0620855486722,0.39493670886076,0.260759493670886,0.0323624595469256,-49.3207714179032,-0.0773051814960821,1
"451",2016,"T. Jones","Texas State",336,-0.138866321182929,-0.529132007481202,-96.1043775914159,-15.8103427796,0.387527839643652,0.240534521158129,0.0991957104557641,-82.5054010073945,-0.24925327476841,1
"452",2016,"T. Knight","Texas A&M",347,0.0418378409680603,0.311648867933959,21.7615040760346,28.526684972856,0.435374149659864,0.292517006802721,0.0280112044817928,-42.7092717318339,0.114032174714038,1
"453",2016,"T. Lamb","App State",292,0.0945527947970272,-0.053708446442807,0.739404513115071,17.0748058282299,0.450666666666667,0.306666666666667,0.0394736842105263,-35.972864102929,0.0475045609102532,1
"454",2016,"T. Mcsorley","Penn State",381,0.242812645763478,-0.112988595975249,84.888191843062,-4.9590951604374,0.417457305502846,0.294117647058824,0.056930693069307,-45.5421466042838,0.151668115147295,1
"455",2016,"T. O'connor","Michigan State",260,0.108145037657151,0.0579073078939375,31.5920781904285,-2.76300506290967,0.425,0.3125,0.068100358422939,-40.4578400532066,0.0900908535234962,1
"456",2016,"T. Porter","Eastern Michigan",140,0.0261093990737805,-0.0444685442076201,-4.4185085099443,5.33310080510294,0.464088397790055,0.320441988950276,0.020979020979021,-53.08966845144,0.00505299610584885,1
"457",2016,"T. Rogers","New Mexico State",362,-0.0661879391057568,-0.0512832760844012,-63.1234800302934,33.6134797718341,0.39873417721519,0.280590717299578,0.0670103092783505,-68.8084345319772,-0.0622573845115174,1
"458",2016,"T. Stehling","Rice",307,-0.0405018486209678,0.0388589207027043,-27.8611322330629,20.0272037006092,0.398034398034398,0.26044226044226,0.0780780780780782,-39.9661368155159,-0.0192479816522203,1
"459",2016,"T. Stewart","Nevada",159,0.0250067863077736,0.332849731291148,13.3265940744891,8.21550034795448,0.4688995215311,0.30622009569378,0.0809248554913295,-13.6430574763237,0.103072222116955,1
"460",2016,"T. Williams","Utah",386,0.0299115361444977,-0.258384628224864,-12.647192564723,-13.5145639203445,0.376518218623482,0.263157894736842,0.0631067961165048,-53.3519893779751,-0.0529590212248331,1
"461",2016,"T. Woodson","Akron",235,0.135893034685971,0.0638485297741221,37.1314433269854,-4.24401004315342,0.458483754512635,0.332129963898917,0.0562248995983936,-41.8886939118199,0.118727195970513,1
"462",2016,"W. Lunt","Illinois",226,-0.14546891411881,-0.103005536708894,-19.2258815401806,-13.1624011402534,0.41869918699187,0.264227642276423,0.0583333333333333,-30.4764649211199,-0.131659685692821,1
"463",2016,"W. Speight","Michigan",322,0.0944493251480789,0.00495191723890331,23.7210611708862,-1.01083326585064,0.439775910364146,0.316526610644258,0.0584795321637427,-44.2416876570791,0.0636140837676066,1
"464",2016,"W. Worth","Navy",117,0.163555679135056,0.671615121562292,56.9052076389076,52.3145304939895,0.523560209424084,0.303664921465969,0.106870229007634,-26.5032140790227,0.285915544850516,1
"465",2016,"Z. Greenlee","UTEP",100,-0.0284265460126276,-0.0683732988531484,-3.64150794505889,-0.90120274704732,0.428571428571429,0.276190476190476,0.029126213592233,-18.0083110310821,-0.0432639113533924,1
"466",2016,"Z. Mahoney","Syracuse",129,-0.179097973541849,0.705491625759557,22.3504814762113,-8.04126336103759,0.401162790697674,0.232558139534884,0.0979020979020979,-12.1357553710181,0.0831931285765914,1
"467",2016,"Z. Smith","Baylor",193,0.253596743131325,-0.184505767049225,31.2974167736586,-1.23876659445246,0.456221198156682,0.28110599078341,0.0585365853658536,-24.569491110296,0.138519125249798,1
"468",2016,"Z. Terrell","Western Michigan",363,0.403840803339971,0.403197450834384,144.6683877673,32.1463320825206,0.534246575342466,0.36986301369863,0.0371352785145889,-18.2409525662145,0.403686574999591,1
"469",2017,"A. Allen","Arkansas",185,0.0788509440202815,-0.0485477367540206,12.0308658748559,-4.46305340274896,0.396396396396396,0.315315315315315,0.0931372549019608,-28.5658842964831,0.034089245369851,1
"470",2017,"A. Brown","Boston College",254,-0.0647212801508559,-0.201240693406424,-46.5449149057838,10.5955281506956,0.35472972972973,0.260135135135135,0.0230769230769231,-34.9679856979771,-0.121450630929352,1
"471",2017,"A. Erdely","UAB",335,-0.00960320123917224,0.114015791931282,-13.2629300664027,26.2289421501604,0.43141592920354,0.305309734513274,0.0642458100558659,-36.9374399694971,0.0286858674419418,1
"472",2017,"A. Ford","Massachusetts",350,0.190648147243365,-0.00069094267824904,57.0452470830907,-0.118145694610173,0.465853658536585,0.321951219512195,0.095607235142119,-47.16309770382,0.138846588752391,1
"473",2017,"A. Hornibrook","Wisconsin",318,0.0966481016538511,0.0694292145458015,42.5334682562891,-12.5350323064492,0.478386167146974,0.360230547550432,0.0619469026548673,-83.4614448774942,0.0864508240629391,1
"474",2017,"A. Mcgough","Florida International",352,0.172660624150731,0.28850889061903,58.497907727662,31.7332214297776,0.481395348837209,0.346511627906977,0.0563002680965147,-53.720645340097,0.20983983524986,1
"475",2017,"A. Rogers","UNLV",181,0.0322312068248412,-0.120916962360127,-35.048591740743,31.498564807449,0.422018348623853,0.284403669724771,0.108374384236453,-30.7903946143643,-0.0108563514779633,1
"476",2017,"A. Worthman","Air Force",109,0.0387600037056837,-0.136476190315975,3.42872801828357,-5.41509092143971,0.435185185185185,0.262345679012346,0.128,-51.6909255146363,-0.00613074970109928,1
"477",2017,"B. Bahl","Miami (OH)",115,0.179687380835249,-0.399743687032737,2.57045582981073,-3.46646332095931,0.459677419354839,0.282258064516129,0.0336134453781513,-17.6817608616381,-0.00722586686410138,1
"478",2017,"B. Dawkins","Arizona",110,0.0625809130549587,0.337322361927033,-1.53009690775545,28.6670843791734,0.491620111731844,0.307262569832402,0.0517241379310345,-21.9162988369283,0.151603281963229,1
"479",2017,"B. Dinucci","Pittsburgh",158,0.0573092654215994,-0.287349346511311,-18.094219797206,8.18563290287874,0.39622641509434,0.245283018867925,0.0813953488372093,-15.0736306740015,-0.0467386174260717,1
"480",2017,"B. Hicks","SMU",462,0.123303546474033,0.299966700136229,86.5124251623621,4.24838654293108,0.441634241245136,0.30739299610895,0.0395010395010395,-57.2709913799536,0.176577454679559,1
"481",2017,"B. Lewerke","Michigan State",405,0.111777295080613,0.270805981661331,49.1503024116331,37.5391008559753,0.475378787878788,0.308712121212121,0.044811320754717,-38.4339792871349,0.164184475885622,1
"482",2017,"B. Mayfield","Oklahoma",398,0.551650891435707,0.254872889401981,216.716221881373,22.2214991454237,0.557575757575758,0.391919191919192,0.0613207547169811,-29.4848686210977,0.482702466720801,1
"483",2017,"B. Peters","Michigan",107,0.165180114574724,-0.918483079544036,-19.9695488104396,-14.8149398823514,0.338709677419355,0.258064516129032,0.0614035087719298,-17.4151176808928,-0.280520070103153,1
"484",2017,"B. Roback","Eastern Michigan",397,0.06249529760377,-0.233277819092356,-10.6383642650263,-1.68478831940702,0.418764302059497,0.288329519450801,0.0387409200968523,-71.5279756617318,-0.0281994338316552,1
"485",2017,"B. Rypien","Boise State",343,0.172164357433231,0.163951502715467,63.5534913067787,0.940911934741809,0.460526315789474,0.326315789473684,0.0550964187327823,-40.0617762591492,0.169722113793475,1
"486",2017,"B. Shirreffs","UConn",258,0.185780655284582,0.0937537689423331,53.5694333848747,1.51143847456609,0.459770114942529,0.310344827586207,0.0947368421052632,-30.4796323859906,0.158278367412186,1
"487",2017,"B. Silvers","Troy",406,0.0730725622003159,0.0565368968433691,17.3830757224098,13.5691584579302,0.437086092715232,0.269315673289183,0.0356294536817103,-53.4944479037512,0.06832722777117,1
"488",2017,"B. Stockstill","Middle Tennessee",225,0.109264525889532,-0.155496913565833,11.5671640002408,-1.73792041851434,0.412213740458015,0.290076335877863,0.0546218487394958,-41.6850379942292,0.0375161968768184,1
"489",2017,"B. Wimbush","Notre Dame",270,-0.00641881688677075,0.28050612323305,-19.4285607185336,51.8081073064624,0.415647921760391,0.288508557457213,0.0753424657534246,-45.6402085597217,0.0791675955695083,1
"490",2017,"C. Brewer","Baylor",200,0.0519448177716293,0.20016198245931,28.9385058036873,-2.42645293106493,0.422641509433962,0.316981132075472,0.0697674418604651,-32.9780593144511,0.100045482538197,1
"491",2017,"C. Chapman","San Diego State",241,-0.0292028657678839,0.0274581931204939,2.57956564926447,-5.9406346279976,0.431309904153355,0.29073482428115,0.104089219330855,-30.2586195092213,-0.0107382395486681,1
"492",2017,"C. Evans","UL Monroe",336,0.234871059545505,0.157448018585613,77.8143319677338,22.6727225857851,0.456659619450317,0.310782241014799,0.0481586402266289,-36.5487218775558,0.212446204130061,1
"493",2017,"C. Garvin","South Alabama",225,-0.119667237554865,-0.166000132920186,-36.3071305155223,1.79201594104781,0.409266409266409,0.274131274131274,0.0585774058577406,-37.7801157150618,-0.133262990635036,1
"494",2017,"C. Kelley","Arkansas",148,-0.0969872168484855,0.364093111364389,-0.176706335032779,12.1327252838111,0.42,0.29,0.0975609756097561,-27.5815411169279,0.0597800947438917,1
"495",2017,"C. Litton","Marshall",435,0.0258769709919619,0.319096686856408,60.7250139125519,-8.97817590462964,0.442553191489362,0.302127659574468,0.0246636771300449,-76.1129756588744,0.110099655336005,1
"496",2017,"C. Manning","Georgia State",320,0.0719500746919298,0.156001858616766,42.7159422713065,-6.68061483571077,0.454054054054054,0.305405405405405,0.0447761194029851,-38.9541222366845,0.0973927768529614,1
"497",2017,"C. President","Tulsa",155,0.00706644864222097,0.339693071530786,-13.1237359292365,38.981297447317,0.390134529147982,0.291479820627803,0.0432098765432099,-10.502404373767,0.115953190664038,1
"498",2017,"C. Rhoda","Minnesota",108,0.140871745917741,-0.49626263911425,-0.0203992420632861,-9.76741107459473,0.408,0.288,0.00917431192660551,-23.439298504113,-0.0783024825332642,1
"499",2017,"C. Stanley","Kansas",179,-0.105650584272195,-0.515658509669716,-40.8820599377363,-12.4350809755116,0.360515021459227,0.218884120171674,0.06282722513089,-46.6873621506366,-0.228828930958145,1
"500",2017,"C. Surratt","North Carolina",182,-0.00752959658549566,-0.24297601345528,-21.9484842240903,0.639005349026124,0.421052631578948,0.255639097744361,0.0714285714285714,-26.5934955890728,-0.080110822838587,1
"501",2017,"C. Thorson","Northwestern",444,-0.00341744590854872,-0.125804960922371,-53.4416909397047,30.2057945889378,0.441729323308271,0.281954887218045,0.0691823899371068,-76.0613976814388,-0.0436764968999376,1
"502",2017,"D. Blough","Purdue",144,-0.0555321486232506,-0.180242215157216,-24.1931238819184,7.42110715756333,0.448087431693989,0.224043715846995,0.0886075949367089,-22.4850131922331,-0.0916503646139621,1
"503",2017,"D. Brown","Hawai'i",403,-0.0363925555224301,-0.050939439148886,-21.4386575807754,2.74150084624294,0.40997830802603,0.288503253796095,0.0671296296296296,-53.2908080321452,-0.0405578237191593,1
"504",2017,"D. Croft","Minnesota",119,-0.317076969167913,-0.323476078292578,-71.0577045593601,7.90531633488273,0.328282828282828,0.212121212121212,0.13768115942029,-37.6235119262606,-0.318951455679179,1
"505",2017,"D. Davis","South Alabama",170,-0.0708734382317937,-0.114912764596764,1.16171898151221,-19.6432657180967,0.429864253393665,0.257918552036199,0.0607734806629835,-36.1243055608478,-0.0836269083103371,1
"506",2017,"D. Etling","LSU",276,0.152301748728563,0.042625699073512,25.3583618240843,12.9460560796788,0.419540229885058,0.290229885057471,0.0891089108910891,-14.7563888541834,0.110070166390124,1
"507",2017,"D. Garretson","Oregon State",220,0.0687932728050149,-0.265705364017179,3.61322479154181,-13.21518762726,0.409090909090909,0.287878787878788,0.0517241379310345,-50.1921108676105,-0.0363710713474173,1
"508",2017,"D. Jones","Duke",444,-0.0622563134302874,-0.106914457467954,-75.2501417287957,29.8592131849556,0.401652892561983,0.249586776859504,0.0553191489361702,-66.2380667300157,-0.0750263281716368,1
"509",2017,"D. Lock","Missouri",410,0.22859332789036,0.200206240478888,100.785142014755,-0.0128024181473649,0.464757709251101,0.325991189427313,0.0261282660332542,-77.0030495214641,0.221965505719399,1
"510",2017,"D. Pindell","UConn",154,0.111027529457039,-0.362895729596306,-11.2820148861397,6.51707122306985,0.398230088495575,0.252212389380531,0.0493827160493827,-32.717272031213,-0.0210838215180083,1
"511",2017,"D. Sturm","UTSA",296,0.0684408866789058,0.252860912779166,19.3021657650758,33.8130857041049,0.460240963855422,0.310843373493976,0.0721003134796238,-34.0121509393933,0.127988557757062,1
"512",2017,"D. Wade","Boston College",102,-0.137468170438847,0.171707247276579,5.23349922438571,-5.549840725332,0.436507936507936,0.317460317460318,0.0727272727272727,-25.4044100464574,-0.00251064683290705,1
"513",2017,"D. Williams","Texas State",275,-0.0743956779742772,-0.287708856974996,-48.0142395231174,-2.31164507707833,0.3828125,0.263020833333333,0.0863787375415283,-46.2506899805572,-0.131056991146343,1
"514",2017,"E. Dungey","Syracuse",373,-0.0188730554499444,0.245527357677573,-10.2184485417665,38.8180118330852,0.439922480620155,0.255813953488372,0.0651629072681705,-34.8343825645577,0.0554255102544935,1
"515",2017,"E. Sindelar","Purdue",317,-0.106028420091487,-0.0618251191447958,-30.1389844924358,-2.88663703429101,0.378223495702006,0.249283667621776,0.0508982035928144,-34.4994891621721,-0.0946292880421971,1
"516",2017,"F. Franks","Florida",225,-0.103682660472769,-0.032704477144194,-20.6757257230194,-2.13647432454538,0.374558303886926,0.250883392226148,0.110671936758893,-26.0892391494325,-0.0806084807334445,1
"517",2017,"F. Nutile","Temple",196,0.0643383535084821,0.47570067247968,45.8272197310685,-1.8870121306711,0.45414847161572,0.344978165938865,0.0344827586206897,-33.8397892559019,0.191878635809596,1
"518",2017,"G. Bollas","Kent State",173,-0.226351993946011,-0.395471205533786,-71.5029432064521,-5.68357853078342,0.326086956521739,0.235507246376812,0.103626943005181,-59.4411864331459,-0.279661310642158,1
"519",2017,"G. Minshew","East Carolina",302,0.179374181166151,0.0955551772080558,54.6676531924812,-5.31453959928991,0.446875,0.284375,0.0258064516129032,-32.5259678209071,0.154228479978723,1
"520",2017,"G. Ragland","Miami (OH)",263,-0.0141501762131895,0.133033596334757,12.5686617114884,-3.92939761725695,0.44047619047619,0.300595238095238,0.0607142857142858,-60.4352083707026,0.025712095518546,1
"521",2017,"H. Klugh","Charlotte",273,-0.111827772382329,-0.380740135745549,-105.630238780438,22.8946015043234,0.338235294117647,0.25,0.0777027027027027,-67.3427479964809,-0.202783424696359,1
"522",2017,"H. Moore","Cincinnati",415,0.00875215486811467,0.123053089889469,27.3513610667986,-6.45468390558939,0.406311637080868,0.291913214990138,0.0348837209302326,-60.9685574746828,0.0412163257617538,1
"523",2017,"J. Allen","Wyoming",261,-0.0297064259274613,0.138313141616486,-6.62081270824213,16.8008511637538,0.427762039660056,0.30028328611898,0.07773851590106,-39.3533544808213,0.0288386358513077,1
"524",2017,"J. Banks","Tulane",209,0.0812893910371333,0.206344356461369,24.5686202813764,16.3819213663068,0.444759206798867,0.308781869688385,0.0873362445414847,-30.5144075793775,0.11600720013508,1
"525",2017,"J. Barrett","Ohio State",366,0.225342145378405,0.077475566322714,57.2545325906243,42.9612337362802,0.509398496240602,0.287593984962406,0.0493506493506494,-42.9971799665803,0.188375500614482,1
"526",2017,"J. Bentley","South Carolina",392,0.0929588018503154,-0.153369952352398,-2.18788793868849,10.5280065041501,0.427038626609442,0.300429184549356,0.0688836104513064,-51.4180905418142,0.0178972501404756,1
"527",2017,"J. Blackman","Florida State",295,0.0522053213859241,-0.37536981118863,-10.6228217414275,-14.6757065362048,0.426183844011142,0.286908077994429,0.0895061728395061,-62.7331663186893,-0.0704694380992544,1
"528",2017,"J. Browning","Washington",335,0.23334696853018,0.00317284446897042,60.0599916045445,6.08969356808392,0.491048593350384,0.301790281329923,0.0536723163841808,-30.5137082982914,0.169180780492656,1
"529",2017,"J. Davis","Louisiana",186,-0.0609602345959242,0.026935001910868,-29.3312527879477,19.9532399830108,0.405622489959839,0.257028112449799,0.0558375634517766,-53.175160525874,-0.0376627020278588,1
"530",2017,"J. Doege","Bowling Green",186,0.0043075849456916,0.139201022537633,12.7652991190174,-4.28082826559931,0.435185185185185,0.263888888888889,0.07,-23.522286724641,0.0392799576547135,1
"531",2017,"J. Driskel","Florida Atlantic",279,0.160453394443992,0.189551809257376,42.2306576012187,18.9096289688525,0.442307692307692,0.296703296703297,0.0244755244755245,-12.1386534421295,0.167967820247448,1
"532",2017,"J. Fromm","Georgia",289,0.0727000038451245,0.346454926785813,58.5348221814716,0.967099431777954,0.456395348837209,0.334302325581395,0.0616883116883117,-45.491696558187,0.172970702364098,1
"533",2017,"J. George","Illinois",177,-0.260929596805156,-0.0912938165344225,-41.8289324432301,-0.20474380715336,0.36764705882353,0.264705882352941,0.101522842639594,-59.3496663243567,-0.206047432599919,1
"534",2017,"J. Guarantano","Tennessee",138,-0.107193807243773,-0.46007947451508,-31.8861221324772,-16.3406457833567,0.354679802955665,0.241379310344828,0.153374233128834,-9.03644828275401,-0.237570285299675,1
"535",2017,"J. Hansen","Arkansas State",483,0.139928765804359,-0.0154818193493298,43.1527745435059,19.7627210576245,0.477198697068404,0.322475570032573,0.062135922330097,-87.7072245252082,0.102468233878063,1
"536",2017,"J. Herbert","Oregon",205,0.243696163360349,0.374369766115351,51.2054123116728,17.7073693386193,0.481927710843374,0.337349397590362,0.0465116279069767,-35.1671159359554,0.276758159238121,1
"537",2017,"J. Hurts","Alabama",255,0.17696600125912,-0.00649318316374035,15.1866479230687,35.000378459909,0.450980392156863,0.286764705882353,0.0860215053763441,-19.0250550902176,0.123007417605337,1
"538",2017,"J. Jackson","Virginia Tech",395,0.0102519115055947,0.0423941803635512,-2.44191416205547,13.5804068967493,0.439306358381503,0.289017341040462,0.0504807692307693,-64.6570630013898,0.0214614503558647,1
"539",2017,"J. Love","San José State",165,-0.209567334340495,-0.126379622661476,-33.0460557528552,-0.855821911770754,0.375,0.271739130434783,0.0625,-44.7094413649417,-0.184249335133837,1
"540",2017,"J. Love","Utah State",225,0.04442927248681,-0.198706224150687,-5.9780352208134,-1.27819471459693,0.408921933085502,0.278810408921933,0.0217391304347825,-46.422269208171,-0.0269748324736443,1
"541",2017,"J. Luton","Oregon State",134,-0.175880415772243,0.165327895933162,-10.967856109175,-0.918129269101238,0.437086092715232,0.298013245033113,0.0428571428571429,-41.5865759528027,-0.0787151349554718,1
"542",2017,"J. Milas","Ball State",203,-0.23158807912518,-0.444615229357497,-73.124082899627,-0.657168504627456,0.346938775510204,0.216326530612245,0.0772727272727273,-48.2281038493342,-0.301147964915324,1
"543",2017,"J. Morgan","Bowling Green",206,-0.183408515042614,-0.0893195509223457,-39.9311918992668,3.58551862812005,0.367965367965368,0.251082251082251,0.0462962962962963,-42.2914156772087,-0.157340576931371,1
"544",2017,"J. O'korn","Michigan",157,-0.318148610835506,-0.322165640104598,-59.9061888804591,-4.32689097558316,0.343283582089552,0.248756218905473,0.112994350282486,-36.7279588673529,-0.319567561472847,1
"545",2017,"J. Park","Iowa State",159,0.0566873189199244,-0.0532490366243713,-3.30331010433081,7.22346383241456,0.470588235294118,0.31764705882353,0.0304878048780488,-20.3535013111274,0.0230597278122573,1
"546",2017,"J. Rosen","UCLA",445,0.184278963134639,0.127182969411117,76.5000264246649,8.03782906132919,0.476767676767677,0.313131313131313,0.0552016985138004,-65.1300483941054,0.170783546436352,1
"547",2017,"J. Stidham","Auburn",368,0.0671856835742102,-0.0130013513621785,29.697773107454,-10.1355557166714,0.420042643923241,0.285714285714286,0.0845771144278608,-57.3679904785425,0.041710484841754,1
"548",2017,"J. Ta'amu","Ole Miss",170,0.175627886702472,-0.0610753940848727,22.2113771391481,5.58428582215853,0.462555066079295,0.312775330396476,0.0710382513661203,-31.6574677016544,0.122447854455095,1
"549",2017,"J. Urzua","Middle Tennessee",218,-0.0822274177242751,0.0343766658349275,-8.48656381288625,-4.05293992610413,0.418410041841004,0.301255230125523,0.0396475770925109,-52.0934864063093,-0.0524665428409639,1
"550",2017,"J. Wassink","Western Michigan",186,0.149785001547813,-0.0790596091716166,12.1182592559224,7.39500022773092,0.466666666666667,0.293333333333333,0.0558375634517766,-24.1714829844224,0.0867255977051257,1
"551",2017,"J. Wolford","Wake Forest",371,0.194973410177268,0.275829300889106,84.23833148719,24.9340762173908,0.49119373776908,0.317025440313112,0.0363636363636364,-44.3952687869543,0.213644633472761,1
"552",2017,"K. Allen","Houston",105,-0.0686751563028075,-0.0364563836627019,0.951681227740591,-7.79034231646256,0.431034482758621,0.267241379310345,0.0277777777777778,-18.0686421201233,-0.0589539749027757,1
"553",2017,"K. Anderson","Coastal Carolina",105,-0.0573757268943633,-0.41790093228875,-16.6122789926893,-7.84091823479003,0.352564102564103,0.25,0.117647058823529,-24.401959955065,-0.156751264278714,1
"554",2017,"K. Benkert","Virginia",498,-0.069200339286906,-0.161364107787161,-48.7058346162659,-5.46097820480423,0.394316163410302,0.255772646536412,0.0586011342155008,-71.2891548205594,-0.0962110352061637,1
"555",2017,"K. Bolin","Rutgers",125,-0.192482107138809,-0.196742776790131,-25.0786968595939,-1.11942108671142,0.385185185185185,0.214814814814815,0.015748031496063,-28.9180386417836,-0.194060132935595,1
"556",2017,"K. Bryant","Clemson",394,0.0115769916691272,0.198219756038691,14.0053140027005,24.3098533021952,0.464957264957265,0.266666666666667,0.0596658711217184,-40.5170850097958,0.0654960124870012,1
"557",2017,"K. Chryst","Stanford",143,-0.0443696571235519,0.0268583887956193,-3.12790975299616,-0.427344359141511,0.376543209876543,0.277777777777778,0.0529801324503311,-16.5001404666637,-0.0219460130378868,1
"558",2017,"K. Costello","Stanford",211,0.156325943064268,0.509648849493438,57.25706910472,6.957372176257,0.460251046025105,0.338912133891213,0.0365296803652968,-12.350213529031,0.268679670631703,1
"559",2017,"K. Griggs","Southern Miss",261,0.113437273491362,-0.14526311402966,8.32106776831912,5.3487163356492,0.427325581395349,0.281976744186047,0.0369003690036901,-23.2795240873458,0.03973774448828,1
"560",2017,"K. Hill","TCU",398,0.0992066310944861,0.298675085585719,72.3145716247578,4.01962720891485,0.471774193548387,0.304435483870968,0.036319612590799,-36.6810003948077,0.153899594422727,1
"561",2017,"K. Howard","Southern Miss",165,0.0367284976174758,-0.0877187878952557,1.09584420814534,-2.13695507234753,0.388127853881279,0.292237442922374,0.0236686390532544,-37.9689902984076,-0.004753930886768,1
"562",2017,"K. Kempt","Iowa State",242,0.0521668460214071,0.517794410845353,63.4696872108192,-4.99351958870018,0.450549450549451,0.322344322344322,0.047244094488189,-15.7430960492813,0.214198416198238,1
"563",2017,"K. Mond","Texas A&M",223,-0.069767865714124,-0.146317402483557,-39.9951948667588,10.9486330998007,0.356913183279743,0.237942122186495,0.0785123966942149,-26.2101894714044,-0.0933973047169069,1
"564",2017,"K. Myers","Utah State",195,-0.0205379262977489,-0.268389416719612,-37.8573404466632,13.1659218048944,0.41025641025641,0.263736263736264,0.0930232558139534,-41.5789347779276,-0.0904447569295563,1
"565",2017,"K. Nelson","Akron",137,-0.0462780130126754,-0.342664059148648,-30.0054762330735,1.18942839983849,0.366379310344828,0.262931034482759,0.132911392405063,-18.8577494523766,-0.124207102729461,1
"566",2017,"K. Postma","Houston",164,-0.180670533492462,0.560340281573685,-0.44325785741248,3.99905146769973,0.433333333333333,0.3,0.0179640718562874,-31.7039907493113,0.0169323505251774,1
"567",2017,"K. Shurmur","Vanderbilt",376,0.101124758671188,0.278497999894828,65.8293053390712,0.3629747287543,0.474327628361858,0.330073349633252,0.0456852791878173,-53.5945427502322,0.161839315569256,1
"568",2017,"K. Tate","Arizona",177,0.275714202193824,0.140121345123755,25.4796978110363,53.4382246336895,0.454545454545454,0.339393939393939,0.0634920634920635,-44.4090990821472,0.239145219529472,1
"569",2017,"L. Falk","Washington State",524,-0.103289205201677,0.327541450308962,5.72215759907177,-4.08905441381691,0.446519524617996,0.252971137521222,0.0676156583629893,-75.023902174806,0.00277267094270781,1
"570",2017,"L. Jackson","Louisville",425,0.256145444425863,0.394430341959851,88.5344812188872,102.570083862013,0.509893455098935,0.330289193302892,0.0618101545253863,-61.0530620994416,0.290874528281431,1
"571",2017,"L. Marchi","Temple",239,-0.126845061117696,0.113620104585927,-10.6495848207371,-3.00574762205166,0.388679245283019,0.279245283018868,0.044,-40.5132010436524,-0.0515295563878823,1
"572",2017,"L. Skipper","Tulsa",126,0.0165296228636248,-0.0359437573219037,-8.10118118757242,7.94175560316215,0.375,0.255434782608696,0.118881118881119,-19.3631875371697,-0.000866443393534021,1
"573",2017,"L. Woodside","Toledo",407,0.24956069255217,0.120674767575575,103.914763284378,-5.46893486760499,0.493449781659389,0.360262008733624,0.0512820512820514,-56.3443173911838,0.214947223617407,1
"574",2017,"M. Aaron","San José State",219,-0.24397276723441,-0.122288405101252,-47.3928222672646,-7.77099697534021,0.37546468401487,0.275092936802974,0.0912863070539419,-75.401815617576,-0.205069960009683,1
"575",2017,"M. Bortenschlager","Maryland",228,-0.209036839433768,-0.332553030693056,-66.1717199920535,-8.89095096400576,0.313333333333333,0.223333333333333,0.116279069767442,-45.157763725884,-0.250208903186864,1
"576",2017,"M. Browne","Pittsburgh",132,0.190879558748135,-0.578870676532471,-2.86668555517441,-2.75838210273635,0.467105263157895,0.289473684210526,0.0827586206896552,-13.5333547700914,-0.0370070240652023,1
"577",2017,"M. Childers","Northern Illinois",259,0.0224308831364155,-0.325733043773512,-31.609294443864,-1.1531617644882,0.393034825870647,0.238805970149254,0.0615942028985507,-35.2425960084018,-0.0814986472844583,1
"578",2017,"M. Fine","North Texas",501,0.114928523207347,0.223309926841782,84.8733690557183,1.79574349811323,0.469522240527183,0.308072487644152,0.0705009276437847,-77.9106020244783,0.142782722493956,1
"579",2017,"M. Mcmaryion","Fresno State",347,0.240307760903045,-0.273664385509271,17.7245876353784,18.9513422537013,0.459259259259259,0.291358024691358,0.0225352112676056,-33.6964663337297,0.0905578515779748,1
"580",2017,"M. Milton","UCF",388,0.398916199175655,0.399178627749836,149.228182216877,47.069291920724,0.540650406504065,0.357723577235772,0.0275689223057644,-43.6057116421866,0.398978605970734,1
"581",2017,"M. Rosier","Miami",414,0.0977527734385526,-0.147891544543063,-8.9454160974696,27.9783646485976,0.419117647058823,0.28125,0.0590909090909091,-59.9601859967091,0.0349870377778088,1
"582",2017,"M. Rudolph","Oklahoma State",484,0.381478107799511,0.456816070251973,212.71146087983,4.76202910236627,0.51743119266055,0.381651376146789,0.0415841584158416,-43.7099087187708,0.399033926572837,1
"583",2017,"M. White","Western Kentucky",544,0.0785267156603992,0.183166893722239,58.8161634202086,6.84766361229018,0.482701812191104,0.316309719934102,0.0732538330494037,-61.4578397244972,0.108177639262766,1
"584",2017,"M. Wilkins","Arizona State",402,0.0562590002237687,0.270556050923814,44.2870047783683,21.6661657586744,0.442592592592593,0.290740740740741,0.0904977375565611,-36.53384282589,0.122135500994523,1
"585",2017,"N. Elliott","North Carolina",145,0.10460333089829,-0.200032376371039,-3.11531406829892,8.27200394457354,0.427083333333333,0.302083333333333,0.0645161290322581,-22.2401519819971,0.0268577597722637,1
"586",2017,"N. Fitzgerald","Mississippi State",282,0.0423899969551239,0.0931225955598685,-32.5560945187953,58.33596177737,0.460496613995485,0.302483069977427,0.0242214532871972,-61.3928534667554,0.0581938312834642,1
"587",2017,"N. Rourke","Ohio",262,0.175566890415296,-0.0844909656173056,-37.29550331031,80.6254695027305,0.467866323907455,0.326478149100257,0.0541516245487364,-62.2001080263258,0.111388087898253,1
"588",2017,"N. Shimonek","Texas Tech",481,0.121934479517564,0.259868507120577,81.8046967139234,2.66101595196792,0.472222222222222,0.327777777777778,0.0531496062992126,-61.3301137279766,0.156417986418317,1
"589",2017,"N. Stanley","Iowa",332,0.0219242116935856,-0.0617141904573344,12.791231763176,-15.3110993875395,0.391076115485564,0.286089238845144,0.0700280112044818,-57.7411293642544,-0.00661382578573096,1
"590",2017,"N. Starkel","Texas A&M",202,0.241704208437402,0.363194506935584,60.8313639142313,-1.81724539873641,0.514018691588785,0.327102803738318,0.0380952380952381,-36.4462963020155,0.275766908950911,1
"591",2017,"N. Stevens","Colorado State",451,0.249854517967034,0.29002736217016,117.261254883928,15.0215490082989,0.499009900990099,0.36039603960396,0.0280172413793103,-49.9975661322553,0.261946146321242,1
"592",2017,"P. Bender","Kansas",268,-0.248910164590721,0.136959027721337,-31.7328085477545,-2.22508125380896,0.341296928327645,0.252559726962457,0.0596491228070175,-46.3668053925994,-0.115897234817623,1
"593",2017,"P. Ramsey","Indiana",203,-0.0128891598120715,-0.0533976459153079,1.14247672195156,-8.15967943514742,0.409556313993174,0.242320819112628,0.0514018691588785,-20.7822697897631,-0.0239494973146616,1
"594",2017,"Q. Dormady","Tennessee",135,-0.0597367937551159,-0.201426248746449,-8.78963131935583,-7.09836597969398,0.413793103448276,0.23448275862069,0.0217391304347826,-35.6587304830398,-0.109572395165861,1
"595",2017,"Q. Flowers","South Florida",348,0.142702197232311,0.181362055214638,50.1857285860702,32.8179869678506,0.43014705882353,0.295955882352941,0.0465753424657535,-46.8960386810049,0.152580359474119,1
"596",2017,"R. Bowers","California",453,-0.042174955595853,-0.043189314031144,-22.1430564699791,0.389210572126364,0.41015625,0.29296875,0.0679012345679013,-78.0007683639216,-0.0424879802692436,1
"597",2017,"R. Ferguson","Memphis",467,0.301335752862395,0.249020167463619,133.057207218341,16.522464655871,0.494230769230769,0.355769230769231,0.0430327868852459,-41.8872164634257,0.287653215142715,1
"598",2017,"R. Finley","NC State",473,0.149493965169398,0.352937554306048,95.9135933698255,18.6803279595355,0.477859778597786,0.309963099630996,0.0267489711934156,-37.4036111487558,0.211427899131662,1
"599",2017,"R. Lagow","Indiana",285,-0.0707077092165069,0.177703743185325,6.2612504506265,-4.6848104829622,0.391304347826087,0.27639751552795,0.053156146179402,-34.5262098337205,0.00489577629709408,1
"600",2017,"R. Metz","UTEP",126,-0.278270935541367,-0.256345580988748,-45.3679005120352,3.76392164816396,0.311688311688312,0.181818181818182,0.0666666666666667,-20.7338051393834,-0.270155706908255,1
"601",2017,"S. Buechele","Texas",213,0.0866343339258352,-0.381080255995842,-27.8888647094508,6.34499131665284,0.414545454545455,0.24,0.0936170212765958,-9.67099835404784,-0.0783413577919927,1
"602",2017,"S. Darnold","USC",476,0.176417172658494,0.0725907905228894,83.7516672260018,-1.1752053649946,0.481949458483755,0.348375451263538,0.0574257425742574,-92.6658087848512,0.149054985308677,1
"603",2017,"S. Ehlinger","Texas",257,-0.0169066603528281,-0.0176414244630091,-5.73960229956623,-0.512152781335945,0.438356164383562,0.271232876712329,0.0374531835205992,-36.3632233472295,-0.0171280961120607,1
"604",2017,"S. Johnson","Kentucky",312,0.000968446235416119,0.0964874006048257,-24.5127108822397,36.9490358742476,0.451690821256039,0.294685990338164,0.0796460176991151,-54.2487072059138,0.0300394323478451,1
"605",2017,"S. Montez","Colorado",365,0.14631716321648,0.0525613817931818,45.5835940346892,14.426444209963,0.483870967741935,0.304435483870968,0.0852130325814537,-45.5061463443432,0.12098798033196,1
"606",2017,"S. Morris","Central Michigan",437,0.027072685930112,-0.160000902597764,-16.1839280916979,0.972389434269878,0.397705544933078,0.27151051625239,0.0479302832244009,-96.6728896533752,-0.0290851599568412,1
"607",2017,"S. Patterson","Ole Miss",256,0.257708078764642,-0.198854492893844,43.2617707516563,-0.33154090367303,0.465346534653465,0.283828382838284,0.069090909090909,-31.6381159258661,0.141683926891034,1
"608",2017,"S. Werts","Georgia Southern",149,-0.261883966016795,-0.189953381864918,-52.8064904097709,-31.7464391804218,0.338028169014085,0.202816901408451,0.133720930232558,-43.8278487890866,-0.238177266451247,1
"609",2017,"S. Williams","Old Dominion",261,-0.133844984368985,-0.27544811258414,-59.0144933665387,-1.96828955258312,0.382436260623229,0.240793201133144,0.0577617328519856,-50.6902015935096,-0.172755758977682,1
"610",2017,"T. Gangi","Nevada",366,0.048108288557713,0.208413042046094,32.8414264253601,5.91129788497385,0.410501193317422,0.276849642004773,0.0187667560321716,-60.372203216345,0.0924886021726347,1
"611",2017,"T. Hilinski","Washington State",168,0.0133971741855655,-0.320268489107874,-9.37273803535504,-1.50880844623847,0.451086956521739,0.25,0.0289017341040462,-37.8454970707066,-0.0591388395738779,1
"612",2017,"T. Huntley","Utah",309,0.0204594973229524,-0.106543419168314,-2.88117401646295,-1.22342315535976,0.460084033613445,0.283613445378151,0.0884955752212389,-77.4553787503326,-0.00862310330214854,1
"613",2017,"T. Jackson","Buffalo",231,0.306985086301685,0.109463327378634,57.859263507761,12.2734150470324,0.485611510791367,0.330935251798561,0.0375,-15.5348063849434,0.252275822139545,1
"614",2017,"T. Keane","Coastal Carolina",168,0.163396664446756,0.232165491434014,36.5691653984468,0.692385491394563,0.42512077294686,0.314009661835749,0.0718232044198895,-24.5434942221455,0.180007492221456,1
"615",2017,"T. Lamb","App State",331,0.225336221771743,0.200331373206766,42.5824995556511,46.4544090783697,0.471882640586797,0.303178484107579,0.0264705882352941,-42.5591231438879,0.217694153139415,1
"616",2017,"T. Lee","Nebraska",420,0.127094157408691,0.0542147952731992,43.632583810908,2.28215045886398,0.438752783964365,0.302895322939866,0.0389016018306636,-78.842845967215,0.1022599872378,1
"617",2017,"T. Mangum","BYU",257,-0.090712144729914,-0.173702232165816,-32.1679824549583,-1.61536944324194,0.412371134020618,0.274914089347079,0.0481481481481482,-38.8670847932708,-0.11609399277732,1
"618",2017,"T. Marshall","Georgia Tech",115,-0.00469709209027129,-0.00941583311621049,-25.4830960428043,23.2069324073475,0.390449438202248,0.235955056179775,0.141791044776119,-30.2278857875722,-0.00639371807712582,1
"619",2017,"T. Mcsorley","Penn State",444,0.1054156058608,0.446143704873862,100.944737447194,11.7346817076102,0.470686767169179,0.299832495812395,0.0593220338983051,-39.9526792772532,0.188742745652939,1
"620",2017,"T. Rogers","New Mexico State",542,-0.0756842429855366,0.422968423277037,22.5753062954792,10.0132897181938,0.423014586709887,0.286871961102107,0.0507880910683013,-96.7049404959883,0.0528178217401509,1
"621",2017,"T. Sirk","East Carolina",232,-0.118322987760196,0.358430261350164,11.6736066580793,1.93162037415925,0.429054054054054,0.320945945945946,0.0292887029288703,-49.2154631249041,0.0459636048386439,1
"622",2017,"T. Tuioti","New Mexico",116,0.0108301721340346,-0.298673839191984,-14.0581206026618,2.30899290294398,0.347222222222222,0.236111111111111,0.0169491525423729,-28.5321043927117,-0.0815911645813737,1
"623",2017,"T. Williams","Utah",104,0.100218210971903,0.112580177261905,2.14661005475069,12.7916529430934,0.4375,0.298611111111111,0.0714285714285714,-12.4576553326739,0.103737937485029,1
"624",2017,"T. Woodson","Akron",264,-0.196370102404441,0.160529724237595,-17.3913884179196,-11.4870482757447,0.390879478827361,0.270358306188925,0.0604982206405695,-49.2951958152745,-0.094066569034737,1
"625",2017,"W. Grier","West Virginia",382,0.245654992134484,0.0912483726070263,97.3190717165758,-7.24026941074197,0.47972972972973,0.324324324324324,0.0353535353535354,-59.2063505036125,0.2028801853735,1
"626",2017,"Z. Greenlee","UTEP",147,-0.0845890853902914,-0.413593734256701,-42.6493351804947,6.10388333392642,0.363636363636364,0.272727272727273,0.0576923076923078,-26.0987528073433,-0.19543022377844,1
"627",2017,"Z. Smith","Baylor",198,-0.0266927309262213,-0.259908798870018,-20.4101669955779,-3.37350408840288,0.356828193832599,0.268722466960352,0.0790697674418605,-44.930039462743,-0.104773881427228,1
"628",2018,"A. Bowman","Texas Tech",324,0.221152261406488,0.194907132516476,77.7268488141803,-1.53855858748448,0.533898305084746,0.336158192090396,0.0240963855421687,-43.408260115846,0.215221158832474,1
"629",2018,"A. Brown","Boston College",283,0.0389897537862315,0.0370288752697566,10.8635347521597,2.02894158072446,0.382789317507418,0.302670623145401,0.0566666666666667,-47.2021097101979,0.0382566063290332,1
"630",2018,"A. Bush","Illinois",214,-0.06029360567468,0.130096989675104,-39.0795668730709,38.288304983685,0.447293447293447,0.256410256410256,0.0655021834061136,-46.8490667551375,-0.00225430737716761,1
"631",2018,"A. Erdely","UAB",190,0.0482638460405635,0.13920605145736,9.97880284515953,10.2480407870482,0.416058394160584,0.295620437956205,0.0776699029126214,-27.0735729897699,0.0738205971978386,1
"632",2018,"A. Ford","Massachusetts",172,0.125631668944697,0.0857347923337253,22.8135371006378,-1.2176419679708,0.489473684210526,0.331578947368421,0.0652173913043478,-22.0938856598798,0.113662605961405,1
"633",2018,"A. Hornibrook","Wisconsin",205,-0.0873979772713228,-0.0305816061385713,-11.3476677438201,-3.65793470934188,0.444444444444444,0.315555555555556,0.0639269406392694,-60.5738300420557,-0.0666915664584978,1
"634",2018,"A. Martinez","Nebraska",338,0.0826471679334661,0.0741269596385423,11.7460287274674,26.9132620085162,0.48643006263048,0.302713987473904,0.0635359116022099,-73.1527281175936,0.0807083313903624,1
"635",2018,"A. Nunez","Louisiana",278,0.0378256544957582,0.354954864546116,51.0998559848271,-6.43603716815767,0.440119760479042,0.29940119760479,0.0733333333333334,-35.4965119308569,0.133724008433142,1
"636",2018,"A. Rogers","UNLV",115,0.119476781726987,-0.0833920839170195,-23.605280042098,33.9332843988599,0.391304347826087,0.27536231884058,0.1015625,-17.393845596344,0.0498937408539223,1
"637",2018,"A. Russo","Temple",341,0.125486391937662,-0.230766382066293,1.94437950107454,7.05458986255269,0.4453125,0.307291666666667,0.0394366197183099,-71.0031344762433,0.0234348160511126,1
"638",2018,"A. Sitkowski","Rutgers",266,-0.433949485017893,-0.454319003931474,-121.836991740042,-5.25888991212305,0.309027777777778,0.197916666666667,0.0397111913357401,-73.6402511160531,-0.441305144625575,1
"639",2018,"B. Barnett","South Florida",307,0.013739033424054,0.00282221434023674,0.573731529216108,3.75905458884044,0.454773869346734,0.304020100502513,0.0725075528700906,-66.8904765091094,0.0108863972815491,1
"640",2018,"B. Hicks","SMU",354,0.0175320687300455,-0.110819772086918,-13.5160268020134,5.47662478098669,0.391959798994975,0.276381909547738,0.0708661417322835,-51.3792190232483,-0.0201995025653937,1
"641",2018,"B. Larussa","Old Dominion",382,0.04872015617203,0.138762784003135,34.6505730813997,-3.65005639748925,0.46189376443418,0.302540415704388,0.0705596107055961,-67.3425047784519,0.0715947267526801,1
"642",2018,"B. Lewerke","Michigan State",330,-0.0738984181059691,-0.300025892519457,-71.004125033564,9.89183533206309,0.404761904761905,0.266666666666667,0.0544412607449856,-61.824460906942,-0.14550545167024,1
"643",2018,"B. Mcilwain","California",119,-0.270553086075771,0.153037291921717,-36.1044360078659,1.56097047698251,0.430769230769231,0.230769230769231,0.0403225806451613,-56.2616607428472,-0.177145977081454,1
"644",2018,"B. Perkins","Virginia",343,-0.00349370608345423,0.36062268511938,13.0554196957151,31.9835753053004,0.471971066907776,0.273056057866185,0.0804289544235924,-62.5737246320245,0.0814448372531926,1
"645",2018,"B. Purdy","Iowa State",219,0.246030454928632,0.149975838923384,47.8588936003614,22.2680699294156,0.476489028213166,0.351097178683386,0.0875,-36.6576220648565,0.219833741472655,1
"646",2018,"B. Rypien","Boise State",443,0.110803358885451,0.392703829273318,106.496542178615,-1.13659685009391,0.498098859315589,0.300380228136882,0.0634249471458774,-48.2222605071518,0.200304078571333,1
"647",2018,"B. Stockstill","Middle Tennessee",448,0.00667100341255298,0.0891129242798627,16.1488726094447,0.45211008038117,0.424083769633508,0.270506108202443,0.080082135523614,-65.4780819551878,0.0289720465791027,1
"648",2018,"B. White","Memphis",386,0.127012675026515,0.212258074791489,77.4167701490862,-8.74438317267361,0.445454545454545,0.325,0.0585365853658536,-53.7703253305072,0.156073606764574,1
"649",2018,"B. Wimbush","Notre Dame",102,-0.0351591573881902,-0.0107807380803605,-13.097997806194,8.43737569282447,0.4,0.264705882352941,0.0555555555555556,-25.093511239046,-0.0274154241962913,1
"650",2018,"C. Blount","Oregon State",151,0.006296128728379,0.292604944897892,21.9676556371747,-0.629035987262736,0.41747572815534,0.320388349514563,0.122093023255814,-8.71506060585861,0.103585532281126,1
"651",2018,"C. Brewer","Baylor",383,0.142642553686052,0.299961050353477,63.4995885551528,30.2700886062431,0.459143968871595,0.321011673151751,0.0771084337349397,-37.5202711928517,0.182431278524117,1
"652",2018,"C. Evans","UL Monroe",367,0.0896105206637803,0.205168739058116,15.1525959485769,46.3425303847724,0.457593688362919,0.319526627218935,0.0541237113402063,-74.9867575217782,0.121292162393194,1
"653",2018,"C. Garbers","California",255,-0.111006587141427,0.037869178043019,-39.7374937603847,18.4172603215945,0.407932011331445,0.294617563739377,0.0860215053763441,-57.3395879855223,-0.0603972618662613,1
"654",2018,"C. Grundy","UTSA",210,-0.133058544213613,-0.192788294108261,-49.248727249197,7.41500864414867,0.386861313868613,0.255474452554745,0.0748898678414097,-27.1813686191903,-0.152677805127914,1
"655",2018,"C. Hill","Colorado State",201,-0.0184267112510062,0.11302849649116,2.28521232492761,2.17111450957491,0.423580786026201,0.283842794759825,0.0607476635514019,-42.5324330020524,0.0194599425087447,1
"656",2018,"C. Mcdonald","Hawai'i",460,0.142373359769706,0.302881813743536,90.5298670087323,17.6890567112385,0.472081218274112,0.307952622673435,0.0707070707070707,-54.0874404023902,0.18311154605748,1
"657",2018,"C. Reynolds","Charlotte",153,0.127382966730446,-0.0661706862916739,18.6566857991472,-5.49143874847622,0.430051813471503,0.305699481865285,0.0946745562130177,-4.63059292727254,0.068213715288451,1
"658",2018,"C. Robison","Florida Atlantic",270,0.0657450755252345,0.172664571371046,33.1203448419745,-0.0338951584930918,0.433628318584071,0.300884955752212,0.0287769784172662,-53.5060806386608,0.0976001465589423,1
"659",2018,"C. Thorson","Northwestern",481,-0.00686369366750232,-0.100825468833111,-34.0583439621608,14.2480374238735,0.422182468694097,0.289803220035778,0.0660194174757282,-90.3684740221643,-0.0354388310166141,1
"660",2018,"C. Tune","Houston",116,0.0286639273194614,-0.20908345488511,-17.1750463769921,9.78791385591894,0.369426751592357,0.254777070063694,0.121212121212121,-8.06649083134548,-0.0470517994972812,1
"661",2018,"D. Blough","Purdue",453,0.131393483498127,0.018041950171969,39.695617949699,13.9242782049761,0.446969696969697,0.293560606060606,0.05625,-55.8907640770446,0.101552833626279,1
"662",2018,"D. Ellington","Georgia State",274,0.0525585920709465,0.453497178328981,46.7556213676119,21.4464548721691,0.462616822429907,0.301401869158879,0.0648464163822526,-52.2719350291101,0.159350645420049,1
"663",2018,"D. Francois","Florida State",395,-0.0618206246895028,-0.260402100246148,-55.3506492618945,-2.88340164751057,0.363636363636364,0.245243128964059,0.0683962264150944,-80.5736577282176,-0.123116386700645,1
"664",2018,"D. Haskins","Ohio State",528,0.292834045121369,0.241744331455771,184.979167094199,-15.5802062729419,0.515702479338843,0.348760330578512,0.0364963503649635,-58.7824647010834,0.279998282349186,1
"665",2018,"D. Jones","Duke",387,-0.0186538435525612,0.11983401429851,-4.93279854457963,14.0541585966135,0.437881873727087,0.276985743380855,0.0674698795180723,-62.9331462126611,0.0185771080489491,1
"666",2018,"D. Lock","Missouri",432,0.193998000751453,0.177472277063815,78.679463840045,13.1081802483279,0.48559670781893,0.323045267489712,0.027027027027027,-60.2157892680386,0.188863465202413,1
"667",2018,"D. Pindell","UConn",308,0.0619569967219275,0.240507606358269,-18.2862737056254,79.902805594302,0.445086705202312,0.292870905587669,0.0666666666666666,-52.9318274349546,0.118721641404001,1
"668",2018,"D. Plitt","Ball State",129,-0.021151340875932,-0.0260863254187906,-16.2966533884781,12.590954226768,0.451219512195122,0.280487804878049,0.0719424460431655,-35.3572308292923,-0.0225957265957931,1
"669",2018,"D. Ridder","Cincinnati",307,0.0877519360441774,0.0902741367889747,51.3082514740015,-10.965482541033,0.453947368421052,0.307017543859649,0.0611620795107034,-54.6022702355867,0.0884709845021239,1
"670",2018,"D. Shanley","Western Kentucky",139,0.0100513398012168,0.135081963374863,5.39502950710167,2.26049694567511,0.446327683615819,0.271186440677966,0.0671140939597315,-17.0214554653263,0.0432515618800948,1
"671",2018,"D. Thompson-Robinson","UCLA",156,-0.117931604184654,-0.135677753886405,-25.9193222601706,1.09706238784482,0.398009950248756,0.26865671641791,0.0877192982456141,-38.3344284013852,-0.123493830210576,1
"672",2018,"E. Dungey","Syracuse",368,0.0555627205488251,0.26162509528231,20.7887455887373,37.2881719937676,0.447463768115942,0.269927536231884,0.0636132315521628,-33.9533908237501,0.105211807214683,1
"673",2018,"E. Orth","South Alabama",205,0.0597454565355337,0.177648514757579,23.1883598360292,1.29973986868899,0.420634920634921,0.297619047619048,0.0552995391705069,-33.8404663296268,0.0971749988282467,1
"674",2018,"E. Peters","Toledo",260,0.144519513105056,-0.190929819068824,8.11563329800752,3.59929701159584,0.420494699646643,0.27208480565371,0.0370370370370371,-33.3632653241974,0.041395513461496,1
"675",2018,"E. Shirreffs","Charlotte",103,-0.250079384170262,-0.0617305980739773,-26.516388800855,2.48492122492809,0.360902255639098,0.255639097744361,0.112068965517241,-17.0725771956662,-0.180687726134789,1
"676",2018,"F. Franks","Florida",314,0.0807532933723795,0.212651329732182,38.6380440556688,10.2931791131455,0.468085106382979,0.288416075650118,0.0455927051671733,-36.162745704503,0.115676650517292,1
"677",2018,"G. Minshew","Washington State",650,0.148312016345057,0.218771095611501,102.454591682404,14.3169821273929,0.483050847457627,0.313559322033899,0.0196078431372549,-39.8768531317915,0.164931601426266,1
"678",2018,"G. Ragland","Miami (OH)",351,0.0240008658035711,0.354983708478912,47.9769803516955,7.90404918259397,0.437357630979499,0.334851936218679,0.046195652173913,-37.5730503783678,0.127291639030272,1
"679",2018,"H. Ahlers","East Carolina",259,0.0454365278767387,0.0977422665696715,2.52732772489241,19.8851228926243,0.40053050397878,0.297082228116711,0.0512820512820513,-36.107483861946,0.0594494711339966,1
"680",2018,"I. Book","Notre Dame",313,0.116635114121083,0.404194163695364,84.2640652768966,-0.67776869737745,0.46551724137931,0.334975369458128,0.0515151515151514,-35.3984649656961,0.205877577782067,1
"681",2018,"I. Green","Marshall",324,0.0418763632540626,-0.0774800199480361,8.28277412610959,-4.40796525596408,0.425474254742548,0.303523035230352,0.0270270270270271,-62.8749699324152,0.0105008370464648,1
"682",2018,"J. Abraham","Southern Miss",303,-0.0452169026691702,-0.134997440694574,-17.6026076935833,-6.66333208232715,0.440340909090909,0.315340909090909,0.073394495412844,-81.873548127293,-0.0689373289088366,1
"683",2018,"J. Adkins","New Mexico State",386,-0.113618389890478,0.0324373312031949,-29.4329385709547,-5.20769771517349,0.38135593220339,0.269067796610169,0.0631067961165049,-59.3217487970051,-0.0733911785723055,1
"684",2018,"J. Banks","Tulane",133,-0.0895526661502455,0.191695250397713,-4.95084829941348,4.61759823387693,0.393364928909953,0.28436018957346,0.147435897435897,-22.5171397797737,-0.00157938419685563,1
"685",2018,"J. Bentley","South Carolina",383,0.156775659131813,0.189030217633265,63.4042372063402,10.9643387062732,0.45413870246085,0.313199105145414,0.0496277915632754,-55.3454068538313,0.166372653048352,1
"686",2018,"J. Browning","Washington",385,0.0726755862035463,0.183062419281931,32.1783882309231,20.7071876611942,0.469214437367304,0.320594479830149,0.0540540540540541,-66.9398375445846,0.112283600620207,1
"687",2018,"J. Burrow","LSU",371,0.156681154865601,-0.134168860140718,12.9324736566337,20.3479588367036,0.433537832310839,0.29038854805726,0.0816831683168318,-35.482169403826,0.068058144158154,1
"688",2018,"J. Daniels","USC",357,-0.0111175914728991,-0.227398195142692,-19.5757976574097,-9.98202414039165,0.407960199004975,0.276119402985075,0.0654450261780105,-55.441176130561,-0.0735269198950283,1
"689",2018,"J. Doege","Bowling Green",384,-0.017024872617881,0.0413061014159053,7.4911490736267,-7.0222871678438,0.436781609195402,0.31264367816092,0.0702179176755448,-71.7618043166496,0.00107784346156998,1
"690",2018,"J. Duffey","Texas Tech",154,-0.0134048861266761,0.306284497365349,8.24347913920476,6.86888213845184,0.474137931034483,0.275862068965517,0.072289156626506,-40.6319023945412,0.0651394882657612,1
"691",2018,"J. Fromm","Georgia",303,0.34107699834912,0.284465692372139,115.670058758976,-4.17194500499516,0.524781341107872,0.329446064139942,0.0441640378548896,-19.9027556592829,0.325067387037845,1
"692",2018,"J. Guarantano","Tennessee",245,0.0576921831704812,0.153458633197762,27.3513333974081,-1.04511684101105,0.410526315789474,0.31578947368421,0.0789473684210526,-15.8441742614212,0.0923025142329721,1
"693",2018,"J. Hansen","Arkansas State",427,0.0829696963503759,0.0501104275785523,48.0045988886794,-7.11203651371379,0.438282647584973,0.288014311270126,0.0511111111111111,-54.4386410458168,0.073153063282586,1
"694",2018,"J. Herbert","Oregon",395,0.159451465638594,0.172208700464898,54.0930461191821,22.2907661450901,0.450643776824035,0.324034334763949,0.0481927710843373,-26.7291518870372,0.16391376022376,1
"695",2018,"J. Love","San José State",272,-0.00761366757149134,-0.180373034405024,-14.4524778170433,-3.55272483625563,0.373333333333333,0.283333333333333,0.0588235294117648,-42.3175792498332,-0.060017342177663,1
"696",2018,"J. Love","Utah State",408,0.171715911836693,0.670930892619718,126.921460817534,7.43292323007909,0.51219512195122,0.332594235033259,0.0215827338129496,-38.8480544869473,0.297903290571205,1
"697",2018,"J. Luton","Oregon State",217,0.163762085468371,0.141112009192281,50.3502680423061,-12.1085134334706,0.461224489795918,0.33469387755102,0.0686695278969957,-20.4139028858866,0.156088794321778,1
"698",2018,"J. Mcmillan","Tulane",142,0.18375086677299,-0.179843975440621,-4.72896629911576,14.1938989223634,0.390625,0.296875,0.0718954248366013,-24.7353309062762,0.049296524079415,1
"699",2018,"J. Morgan","Florida International",324,0.190080054071752,0.337832695641289,86.0711923261425,-0.989438379832626,0.474431818181818,0.340909090909091,0.0299401197604791,-36.042223413663,0.241709528256562,1
"700",2018,"J. Newman","Wake Forest",140,-0.00639097800398352,0.406395539756625,13.1885962337514,11.1004083545937,0.441176470588235,0.274509803921569,0.0728476821192053,-20.5777786476961,0.119063747982084,1
"701",2018,"J. Pass","Louisville",295,-0.122616348543149,0.0667930798308494,-34.459207906375,7.70910619477405,0.418478260869565,0.279891304347826,0.0866873065015479,-68.4463358977707,-0.0726904937815243,1
"702",2018,"J. Shelley","Utah",167,-0.0697210744221717,-0.329358298845031,-31.0587686512346,-2.04341420335145,0.423580786026201,0.240174672489083,0.0511363636363637,-42.7647823413849,-0.144551016832254,1
"703",2018,"J. Stidham","Auburn",364,0.0687534994884001,-0.0547437049672033,19.4222208083326,-5.39084420068425,0.412442396313364,0.253456221198157,0.0594315245478036,-35.2937278471312,0.0323303608471162,1
"704",2018,"J. Ta'amu","Ole Miss",378,0.263534988404683,0.00124596588300158,97.4049943634746,3.39370569306329,0.48659793814433,0.31340206185567,0.0620347394540943,-50.2725514497399,0.207832371250594,1
"705",2018,"J. Wassink","Western Michigan",237,0.208913938812681,0.0894172646836535,40.0716255604267,8.89380182259466,0.462897526501767,0.346289752650177,0.016597510373444,-33.2966489454536,0.173022711600782,1
"706",2018,"K. Anderson","Coastal Carolina",131,0.264205644628973,0.0390856600188802,19.094451954026,20.2597756041755,0.44973544973545,0.280423280423281,0.0902777777777778,-7.37055121297977,0.208223426233871,1
"707",2018,"K. Barker","Troy",125,0.14247918000696,0.197844524346374,11.4771457784595,16.9691223310921,0.497237569060773,0.265193370165746,0.0942028985507247,-11.4138838455992,0.157161702262716,1
"708",2018,"K. Carta-Samuels","Colorado State",286,0.119081491080311,-0.0105000527900901,36.1189644883706,-8.21474823967304,0.458966565349544,0.340425531914894,0.0561056105610562,-54.2096488179401,0.0848152469565274,1
"709",2018,"K. Costello","Stanford",408,0.19324230583594,0.322791074188541,102.680073855828,0.213462277714763,0.488888888888889,0.337777777777778,0.0533642691415313,-43.0936760504598,0.228652302518985,1
"710",2018,"K. Eleby","Western Michigan",145,0.121386518143013,-0.178824157949819,-1.43754348032067,8.02729866660593,0.468208092485549,0.242774566473988,0.0993788819875776,-13.7161787410927,0.0380910704409553,1
"711",2018,"K. Hill","Maryland",167,-0.404504524881458,0.145923102632465,-36.6896411598358,-0.806874779456501,0.323671497584541,0.236714975845411,0.0824175824175824,-29.3787929431566,-0.181142589078707,1
"712",2018,"K. Locksley","UTEP",163,-0.382709789521648,-0.0036408533599664,-82.9232520863836,11.4188361396801,0.372262773722628,0.255474452554745,0.109289617486339,-57.7905659049436,-0.260965021703297,1
"713",2018,"K. Mond","Texas A&M",402,0.131664290666881,-0.154296805512764,23.7424138295036,7.87103934297528,0.455719557195572,0.309963099630996,0.0758620689655173,-64.9394613894532,0.0583274043772672,1
"714",2018,"K. Murray","Oklahoma",374,0.479926789294907,0.845160270326629,222.382841148886,64.109977981154,0.575875486381323,0.406614785992218,0.0459183673469388,-43.969756248249,0.557379025544824,1
"715",2018,"K. Nelson","Akron",332,-0.04422811039864,-0.14343567366377,-25.6311438226438,-6.56371509967973,0.37527114967462,0.273318872017354,0.0828729281767956,-50.4819431658318,-0.0698370041698992,1
"716",2018,"K. Pickett","Pittsburgh",306,-0.0882354993625491,-0.213838171221806,-64.0347614168766,7.9963470794891,0.366430260047282,0.245862884160756,0.0892857142857142,-50.8866837273335,-0.132478520892169,1
"717",2018,"K. Shurmur","Vanderbilt",402,0.0686731525197575,0.143581908412078,38.45868690966,2.47568789500771,0.446469248291572,0.305239179954442,0.04739336492891,-39.4994108003527,0.0932445895322728,1
"718",2018,"K. Tate","Arizona",295,0.219551722514986,0.303005655048365,77.0570911442294,13.4712427726056,0.447154471544715,0.338753387533875,0.0453074433656957,-27.4300432601973,0.245334238257006,1
"719",2018,"L. Skipper","Tulsa",114,-0.430665109012005,0.679351058923046,-34.9345077335719,25.3563190920309,0.475609756097561,0.286585365853659,0.109375,-52.7687771209193,-0.0584035892776892,1
"720",2018,"M. Childers","Northern Illinois",388,-0.0757039218933288,-0.394328685037448,-118.506535174089,19.1575516888817,0.387931034482759,0.231034482758621,0.0934579439252337,-62.7106958358318,-0.171291350836564,1
"721",2018,"M. Collins","TCU",138,0.265000136602074,-0.31761392992222,13.2942996219779,3.36740689064607,0.405714285714286,0.28,0.0349650349650349,-10.2272231800499,0.0952097515007083,1
"722",2018,"M. Fine","North Texas",456,0.0974574474566292,0.267187707147822,84.9153309956699,-12.0246978404669,0.460952380952381,0.300952380952381,0.0480167014613779,-41.911370431337,0.138839301248006,1
"723",2018,"M. Gilliam","UNLV",221,-0.165869024297903,0.236265086484271,-3.37166925512027,-5.15050127273154,0.36764705882353,0.275735294117647,0.0714285714285715,-46.5116412736182,-0.0313315092935728,1
"724",2018,"M. Glass","Eastern Michigan",115,0.317368534528265,0.209809973167052,34.1248341519936,18.5756795986183,0.497267759562842,0.327868852459016,0.0573770491803279,-2.12537762670025,0.287980949456895,1
"725",2018,"M. Guadagni","Toledo",119,0.335727594325387,-0.0315784093033214,13.4970629393461,32.8699057654114,0.471794871794872,0.323076923076923,0.111940298507463,-9.65416261285963,0.237779326691065,1
"726",2018,"M. Mcmaryion","Fresno State",422,0.277055050878405,0.165656685203699,92.5892980637429,27.5118838994544,0.535496957403651,0.334685598377282,0.0298850574712644,-41.2750170913302,0.243612945158615,1
"727",2018,"M. Milton","UCF",285,0.232167978403056,0.569083639927055,94.3988761094461,18.0742679357581,0.516483516483517,0.35989010989011,0.0306122448979592,-36.2622801735315,0.308992153970341,1
"728",2018,"M. Rivers","Illinois",101,-0.164607585089206,-0.531644280113943,-31.506718313272,-10.8021808112963,0.333333333333333,0.206666666666667,0.0900900900900901,-9.10926363727812,-0.282059327497122,1
"729",2018,"M. Romero","New Mexico State",129,-0.212697547313418,-0.595230805866827,-50.7292817996787,-1.74964585317869,0.323170731707317,0.207317073170732,0.0979020979020979,-22.8287939012667,-0.31999346129791,1
"730",2018,"M. Rosier","Miami",153,-0.0628204547449038,0.194060638771191,-12.3838727847014,16.1457294603339,0.442857142857143,0.280952380952381,0.0613496932515337,-36.120205111733,0.0179136032172973,1
"731",2018,"M. Wilkins","Arizona State",384,0.13907654471476,0.19702530416964,69.9713061215311,7.00758886176336,0.457661290322581,0.30241935483871,0.04,-37.6571850772087,0.155199385046965,1
"732",2018,"N. Elliott","North Carolina",314,0.00617575264935902,-0.233795881389752,-8.31094978229376,-14.4722352251995,0.383522727272727,0.261363636363636,0.0125786163522013,-67.0158551882776,-0.0647249574076513,1
"733",2018,"N. Fitzgerald","Mississippi State",280,0.0384429257991527,-0.100222501911618,-52.5464753774148,52.4550008993949,0.412825651302605,0.256513026052104,0.0819672131147541,-40.41823863422,-0.000183315587214415,1
"734",2018,"N. Rourke","Ohio",270,0.193499191691798,0.523629226761819,31.6340110039813,79.2225359114373,0.507425742574257,0.331683168316832,0.0657439446366782,-65.130864228473,0.274397393354996,1
"735",2018,"N. Stanley","Iowa",393,-0.0103711851422835,0.41154798085984,51.3495488176455,5.80141099262496,0.431235431235431,0.331002331002331,0.0367647058823529,-55.0220830531614,0.133219020536761,1
"736",2018,"P. Bender","Kansas",313,-0.256649925992784,0.386873420988322,-7.8589699606225,-3.58887930015252,0.367816091954023,0.264367816091954,0.068452380952381,-33.9486246192391,-0.0328961185654454,1
"737",2018,"P. Ramsey","Indiana",440,0.0369904896755322,-0.0369441196889533,-14.7185696572659,23.7143996263534,0.446460980036298,0.286751361161525,0.055793991416309,-71.2584529487201,0.0163263701798321,1
"738",2018,"R. Agnew","San Diego State",215,-0.0284724208209079,0.200525660053543,3.88158129635097,11.3603643045771,0.418772563176895,0.303249097472924,0.0928270042194093,-26.9349488183076,0.0550250743715816,1
"739",2018,"R. Comis","Massachusetts",190,0.253683560308094,-0.0494782390679103,31.1654945600972,13.5340116545561,0.443223443223443,0.289377289377289,0.116279069767442,-21.1669792688839,0.16373445499873,1
"740",2018,"R. Finley","NC State",476,0.215812824987438,0.312763740333894,123.532438433415,2.99514404273897,0.528957528957529,0.347490347490348,0.0225872689938399,-49.7850243754602,0.244261742231958,1
"741",2018,"R. Herring","East Carolina",279,-0.11517663830053,0.196466461803136,-2.60194040970574,-1.44391408509197,0.382838283828383,0.29042904290429,0.0346020761245674,-36.6213068338615,-0.0133526550983423,1
"742",2018,"R. Lombardi","Michigan State",151,-0.0791969473601761,-0.45434644612484,-38.2961344582033,1.94438997754418,0.37037037037037,0.227513227513228,0.0443037974683544,-18.15252737289,-0.19233727238444,1
"743",2018,"R. Neal","Ball State",323,-0.018997637972236,0.279226654767624,-8.64968891654586,40.5434859203027,0.425427872860636,0.288508557457213,0.0415430267062314,-37.1998826794508,0.0779799437744667,1
"744",2018,"R. Willis","Virginia Tech",357,0.11894166711408,0.170592055238031,28.2474168817161,35.5936855421237,0.445628997867804,0.317697228144989,0.0580474934036939,-39.804113804639,0.136121753568955,1
"745",2018,"S. Boomer","Tulsa",195,-0.18141870222108,-0.0672128988316503,-27.8275916992885,-6.76496542709125,0.355731225296443,0.25296442687747,0.10958904109589,-42.9686795975001,-0.136729474807825,1
"746",2018,"S. Calvert","Liberty",427,-0.0982163112650208,0.153132256078611,-3.18540604310717,-3.14490109016666,0.421052631578947,0.328947368421052,0.0447427293064877,-97.4256030732178,-0.0138822524852497,1
"747",2018,"S. Duncan","Western Kentucky",181,-0.0947520937845142,-0.0403371776741089,-28.4054862804607,8.48806582202116,0.364705882352941,0.247058823529412,0.0717948717948718,-29.1812886404201,-0.0781075312095668,1
"748",2018,"S. Ehlinger","Texas",422,0.171274795633037,0.343463469713085,108.767240218575,21.3893445166796,0.495726495726496,0.299145299145299,0.0538116591928251,-26.5959300989098,0.222489888436333,1
"749",2018,"S. Hartman","Wake Forest",283,0.0190748002718203,0.0919478895254345,6.67062097138805,8.61976997374036,0.447300771208226,0.305912596401028,0.0751633986928104,-50.4770221347105,0.0393069175967311,1
"750",2018,"S. Jones","New Mexico",178,0.00932086612216383,-0.148850641568964,-21.1158703805632,10.0574339540913,0.39453125,0.3046875,0.0680628272251309,-62.8682655298053,-0.043197017290906,1
"751",2018,"S. Montez","Colorado",387,0.0730766129889375,0.0988848258536915,12.5670595625198,25.9465550087878,0.425887265135699,0.290187891440501,0.0697115384615385,-45.8884834629097,0.0804042057856108,1
"752",2018,"S. Patterson","Michigan",316,0.125121733052115,0.340063308751828,56.6994143278901,17.586289228053,0.478260869565217,0.322250639386189,0.0595238095238096,-37.71860274887,0.189989011652028,1
"753",2018,"S. Robinson","TCU",200,-0.00100919792072319,-0.101378531217915,-14.5648126037377,7.69015552178367,0.435483870967742,0.258064516129032,0.024390243902439,-42.6146138336848,-0.027720391459492,1
"754",2018,"S. Smith","Troy",226,-0.0256460018675543,-0.195850705945807,8.87416186758723,-31.5203303848722,0.384615384615384,0.264214046822743,0.0464135021097046,-40.9718637845607,-0.0757396940377425,1
"755",2018,"S. Stankavage","Rice",213,-0.0816844809228382,-0.00343331712160383,-15.2148646938593,2.36694076626143,0.392156862745098,0.270588235294118,0.0657894736842105,-37.6917718378821,-0.0503840154023445,1
"756",2018,"S. Thompson","Kansas State",203,0.0420615129708368,0.240585655645615,18.5947275822802,13.2200119668414,0.441558441558441,0.301948051948052,0.0772727272727273,-20.4769878404152,0.10329460892572,1
"757",2018,"S. Werts","Georgia Southern",115,0.162862482997121,0.116201840489957,11.3636678313136,32.4108660976535,0.412162162162162,0.290540540540541,0.135338345864662,0,0.147886938949213,1
"758",2018,"T. Cornelius","Oklahoma State",473,0.131979281801357,0.473881281791274,92.593121870068,39.8230875183449,0.478114478114478,0.353535353535353,0.0633663366336633,-57.4623341975164,0.222922911428304,1
"759",2018,"T. Gangi","Nevada",431,0.0425882591542589,0.168437933314857,31.4656082364209,4.45626607937687,0.433333333333333,0.314583333333333,0.0270880361173815,-77.6994662697403,0.074837238157912,1
"760",2018,"T. Huntley","Utah",232,-0.0333500184654631,-0.0222278855185394,-17.0137299397883,6.74244842443555,0.438235294117647,0.247058823529412,0.08300395256917,-42.1206534971193,-0.0302096515157435,1
"761",2018,"T. Jackson","Buffalo",397,0.0321060096725993,0.551853888358689,59.7241481107868,28.0722191559667,0.444690265486726,0.287610619469027,0.0387409200968523,-46.8016159376418,0.194239750590163,1
"762",2018,"T. Johnston","UAB",138,0.108957010484872,0.405200654947195,33.7537565117454,10.9367660577812,0.486842105263158,0.333333333333333,0.0482758620689655,-31.6756855790055,0.196011063901432,1
"763",2018,"T. Lawrence","Clemson",395,0.156722654127874,0.442249086494392,116.576268692007,-10.8754854016037,0.484581497797357,0.299559471365639,0.0270935960591133,-30.6062167053036,0.232821108569171,1
"764",2018,"T. Lazzaro","Central Michigan",137,-0.0975690171983843,-0.137105954451926,-36.3530161561901,10.7938174612738,0.371794871794872,0.243589743589744,0.0927152317880795,-32.521356962936,-0.10922734485007,1
"765",2018,"T. Mangum","BYU",181,-0.0284852754878583,-0.271622783929968,-13.6317593180646,-5.51008459933805,0.381443298969072,0.257731958762887,0.0320855614973262,-24.7890291263552,-0.0986692985433126,1
"766",2018,"T. Marshall","Georgia Tech",107,-0.031264440163687,0.0804649967406249,-5.10707803510181,5.43076593449559,0.394409937888199,0.24223602484472,0.0932203389830509,-23.0794985071678,0.00100524192358324,1
"767",2018,"T. Mcsorley","Penn State",356,0.0436814053329499,-0.17969260514036,-41.1223022362527,34.3462966431013,0.413333333333333,0.276190476190476,0.0680628272251309,-44.2888002937038,-0.0129066773202885,1
"768",2018,"T. Morgan","Minnesota",151,0.05561639997014,0.205841546580602,23.2257857681593,-4.43527905692744,0.46875,0.307291666666667,0.0679012345679012,-38.2638228631209,0.0978672224543324,1
"769",2018,"T. Poljan","Central Michigan",139,-0.284832356841326,-0.540290733553354,-73.8806191603561,-1.02668653800963,0.341584158415842,0.183168316831683,0.0855263157894737,-38.8234950426129,-0.370828246031514,1
"770",2018,"T. Storey","Arkansas",248,-0.0489416518958778,-0.167718083418096,-21.2244713906565,-5.00080422506681,0.380952380952381,0.241269841269841,0.0676691729323309,-51.8794834901741,-0.0832548432245184,1
"771",2018,"T. Tagovailoa","Alabama",354,0.380597480787621,0.643558145087381,167.208993030905,11.5682280382866,0.549878345498784,0.401459854014598,0.0354223433242507,-56.6088861554036,0.434981073161051,1
"772",2018,"T. Vitt","Texas State",190,-0.0758507287154826,-0.246562788076314,-36.4997531178597,0.580120293489079,0.420664206642066,0.280442804428044,0.0865384615384615,-51.3969319469969,-0.132544770569633,1
"773",2018,"T. Waal","Wyoming",243,-0.207981812106374,-0.357035382668058,-74.477916331435,-5.88971516349634,0.335526315789474,0.210526315789474,0.0898876404494382,-20.8125012589853,-0.264367208864906,1
"774",2018,"T. Wiegers","Eastern Michigan",256,-0.0133218024834475,-0.1659450512059,-4.54680022177327,-15.4230493888591,0.407523510971787,0.285266457680251,0.082437275985663,-32.0157343462261,-0.0626014094377191,1
"775",2018,"T. Wilson","Kentucky",263,0.0267484551771357,-0.176576660204081,-13.3485414496387,2.99844281551912,0.436868686868687,0.282828282828283,0.0962199312714776,-59.2549414515661,-0.0261366127124231,1
"776",2018,"W. Barrett","Kent State",377,-0.14190467871603,-0.038518294244189,-89.7440848174728,29.5539934418393,0.366666666666667,0.248148148148148,0.0980861244019139,-70.2841607396669,-0.111463132177099,1
"777",2018,"W. Grier","West Virginia",395,0.302742900404537,0.480790079460915,153.849711909718,0.0819813024583409,0.520361990950226,0.332579185520362,0.0550239234449762,-41.2817802440857,0.348261749348815,1
"778",2018,"W. Jones","Texas State",100,-0.0313831756177757,-0.0426476686100084,2.36437398955223,-8.49609551986132,0.329545454545455,0.238636363636364,0.0825688073394496,-19.6053233902508,-0.0348393268767563,1
"779",2018,"W. Speight","UCLA",203,0.0815549244449491,0.116671498515301,12.3708367805289,9.91764306598027,0.46058091286307,0.327800829875519,0.0558139534883721,-35.4598202218161,0.0924833188651831,1
"780",2018,"Z. Annexstad","Minnesota",181,-0.0572167192771091,-0.31048203371696,-19.184563042912,-6.92377061268973,0.401960784313726,0.308823529411765,0.0812182741116752,-37.1754947681981,-0.127982027723538,1
"781",2018,"Z. Noland","Iowa State",110,0.0910431490650113,-0.449527330637201,-16.8831631029877,4.29068091639889,0.401709401709402,0.290598290598291,0.0517241379310345,-18.083835550961,-0.107628052876827,1
"782",2018,"Z. Thomas","App State",252,0.209091841925112,0.243502561256413,51.6894668207576,24.1609488052493,0.473837209302326,0.328488372093023,0.0526315789473684,-25.8815340616488,0.220495394261648,1
"783",2018,"Z. Wilson","BYU",177,0.231358581954546,-0.0136026138496964,23.80751139168,16.3949279990511,0.48,0.328,0.110552763819095,-15.3944320550838,0.160809757562924,1
"784",2019,"A. Bowman","Texas Tech",150,0.0385250628932166,-0.149732341228808,-3.04859576575937,2.69627889984553,0.477707006369427,0.261146496815287,0.0131578947368421,-20.6656692334049,-0.00224405647078878,1
"785",2019,"A. Brito","Massachusetts",165,-0.392363433261132,-0.388518436181472,-64.5734441006851,-13.2569543081023,0.291457286432161,0.180904522613065,0.0983606557377049,-30.0317260938262,-0.391107529692399,1
"786",2019,"A. Brown","Boston College",134,0.362634568111326,0.435655720651234,47.3789127327993,17.6378216413147,0.487951807228916,0.367469879518072,0.0147058823529412,-6.16454174526484,0.391667074542855,1
"787",2019,"A. Gordon","Washington State",674,0.127013075546222,0.0188040687531001,82.7884707881255,-4.98757991380672,0.499310344827586,0.295172413793103,0.0288184438040346,-100.92031692541,0.10731157361975,1
"788",2019,"A. Hornibrook","Florida State",123,0.176806747956824,-0.475455106510324,-2.89291693474437,0.415759173159906,0.414473684210526,0.263157894736842,0.13986013986014,-7.55244076203393,-0.0162970905367399,1
"789",2019,"A. Kendall","West Virginia",301,-0.0567564786787935,-0.0123462976985585,-13.9638474100745,-1.01082520986337,0.395953757225434,0.236994219653179,0.0383386581469648,-51.7864333512121,-0.0432794006356585,1
"790",2019,"A. Martinez","Nebraska",246,-0.112847469498111,0.316090432392459,-4.19355605552914,12.6263144514134,0.434447300771208,0.287917737789203,0.082089552238806,-52.6674437381856,0.0216780421488028,1
"791",2019,"A. O'connell","Purdue",154,0.0390240655572287,0.42248723245689,24.7355308151674,-2.80193706000932,0.467455621301775,0.301775147928994,0.0314465408805032,-14.4012140471305,0.129784578432888,1
"792",2019,"A. O'hara","Middle Tennessee",321,0.17400579940748,-0.00762915695094795,22.9845039141858,44.2492373638249,0.453846153846154,0.286538461538462,0.0586510263929619,-41.65007010024,0.129295656303867,1
"793",2019,"A. Russo","Temple",409,0.0491040953855705,-0.158742235661571,-1.20821883444432,-4.84097117467933,0.405405405405405,0.277027027027027,0.0376470588235294,-66.9148510813586,-0.0136243018223506,1
"794",2019,"A. Smith","Northwestern",168,-0.0968407551264878,-0.585475870651081,-46.3167439026612,-14.4531004679631,0.368200836820084,0.225941422594142,0.0561797752808989,-37.2469924047203,-0.254267131257842,1
"795",2019,"B. Carpenter","Coastal Carolina",136,-0.0966412357896067,0.0976529653647954,8.15764568283814,-20.4720787372724,0.399159663865546,0.239495798319328,0.0684931506849315,-31.8044030601816,-0.0517413153547658,1
"796",2019,"B. Gabbert","Miami (OH)",308,-0.0405854949924676,-0.150758783983815,-20.4531185986641,-8.72935880832345,0.383838383838384,0.28030303030303,0.0750750750750751,-60.4010668286119,-0.07369312476512,1
"797",2019,"B. Hicks","Arkansas",134,0.0107322605833083,-0.5574118642615,-27.9159305981747,-2.23664000272186,0.348387096774193,0.290322580645161,0.0694444444444444,-18.0056236326286,-0.194532713554171,1
"798",2019,"B. Lewerke","Michigan State",428,-0.0245566204605786,0.0944762729179236,-3.73706592998367,10.0224420158062,0.434137291280149,0.291280148423006,0.0403587443946189,-84.726152150639,0.0116611801221196,1
"799",2019,"B. Nix","Auburn",376,0.0863566179919857,-0.114019163447984,12.6423122463622,0.75288600657119,0.439746300211417,0.281183932346723,0.0432569974554708,-43.8410192000548,0.0283196580400284,1
"800",2019,"B. Perkins","Virginia",489,0.0174417231434347,0.226018717171522,24.2841864056247,26.147658555043,0.458741258741259,0.267132867132867,0.0756143667296787,-69.6670060027618,0.0705340488960388,1
"801",2019,"B. Peters","Illinois",268,0.0948753115229631,-0.274792659799286,-23.1308606480711,15.1895330032763,0.419354838709677,0.266862170087977,0.0790378006872852,-52.8656947613232,-0.0232883508645007,1
"802",2019,"B. Purdy","Iowa State",465,0.214933935585654,-0.0868159070994418,89.8559041378191,-15.4869943264737,0.482078853046595,0.333333333333333,0.0332640332640333,-68.2929762530626,0.133277616149365,1
"803",2019,"B. White","Memphis",415,0.195672316268164,0.328234428480653,112.110486864692,0.251041949765153,0.468487394957983,0.34453781512605,0.0610859728506788,-80.0358346642512,0.236053631963145,1
"804",2019,"C. Brewer","Baylor",373,0.157221338987799,-0.0969110557805866,34.111559953911,11.9443804857561,0.447674418604651,0.294573643410853,0.0744416873449133,-33.7721177444187,0.0892556985264866,1
"805",2019,"C. Cordeiro","Hawai'i",116,0.11191947813651,0.552143449161984,14.8317380471112,17.9236200499394,0.503225806451613,0.283870967741935,0.056910569105691,-20.9091932772666,0.211324890948714,1
"806",2019,"C. Evans","UL Monroe",378,0.173411553491532,0.298599886855646,46.6888776717938,63.1202171549507,0.456479690522244,0.315280464216634,0.0381679389312977,-53.5634887215058,0.212396701792543,1
"807",2019,"C. Garbers","California",213,0.164650309850636,0.177207494305011,43.9670389902946,7.05215149534185,0.438943894389439,0.32013201320132,0.0936170212765958,-20.2855689729775,0.168380166619262,1
"808",2019,"C. Johnson","South Alabama",155,-0.147761583234483,-0.308719993695604,-46.4415629415372,0.183969120881024,0.325991189427313,0.220264317180617,0.0773809523809524,-32.6746620642358,-0.203777946346503,1
"809",2019,"C. Mcdonald","Hawai'i",504,0.160023304620104,0.361310546253851,105.027375510581,19.6831224976453,0.517298187808896,0.341021416803954,0.0363288718929254,-98.9651092888254,0.205453868217836,1
"810",2019,"C. Reynolds","Charlotte",290,0.0988043600117569,0.394851715234335,48.3599724743651,29.2585618662289,0.470720720720721,0.335585585585586,0.0584415584415586,-73.1163443537706,0.174816518785122,1
"811",2019,"C. Robison","Florida Atlantic",462,0.0395995042133443,0.205689041761716,67.7178858276789,-21.6813945075823,0.426739926739927,0.296703296703297,0.0513347022587269,-38.559080517645,0.0843159181686751,1
"812",2019,"C. Stanley","Kansas",363,0.0298511561910253,0.175454709477393,36.5625203289409,-5.11546727466728,0.428571428571428,0.274193548387097,0.0546875,-54.2099987159009,0.0724586475904922,1
"813",2019,"C. Strong","Nevada",362,0.000982913684911321,-0.250860758197141,-18.0256547452467,-9.52206656810776,0.41304347826087,0.258454106280193,0.0597402597402598,-46.5478479151166,-0.0665403896457838,1
"814",2019,"C. Tune","Houston",176,0.0420523514690118,0.0566322567426946,1.60156734197311,9.5373754615908,0.384297520661157,0.28099173553719,0.102040816326531,-40.5186839273003,0.0460286892709253,1
"815",2019,"D. Brown","Oklahoma State",105,0.0775763600171058,-0.0396347807933587,3.93752528976884,2.12428114567537,0.40625,0.2890625,0.0707964601769911,-7.25750040401667,0.047357862776908,1
"816",2019,"D. Crum","Kent State",307,0.0916841400958782,0.709074314601028,68.7250883875631,47.5852346094909,0.481012658227848,0.278481012658228,0.110144927536232,-12.3153601576772,0.245380428263827,1
"817",2019,"D. Ellington","Georgia State",312,0.19410507456999,-0.210754791184016,26.7622699640232,8.94040613391566,0.487858719646799,0.317880794701987,0.0516717325227963,-43.6879634932734,0.0788138545208363,1
"818",2019,"D. Gabriel","UCF",392,0.133276997156656,0.212808269766675,73.4626769415164,-1.97308072695249,0.436285097192225,0.311015118790497,0.0531400966183575,-48.4690334112332,0.154405175409425,1
"819",2019,"D. Grosel","Boston College",149,0.0415724907058832,-0.0429219748569646,-10.7217818900061,11.5967186091989,0.402912621359223,0.29126213592233,0.0628930817610063,-23.1973728704702,0.00424726562714953,1
"820",2019,"D. Hammond","Air Force",109,0.357047013952323,0.569897847902417,46.5020134836877,50.1613110879009,0.524017467248908,0.362445414847162,0.0353982300884955,-27.3874004538447,0.422110587648858,1
"821",2019,"D. Leary","NC State",205,-0.150674674345906,0.19521581843588,-7.35604346045178,-0.850340853406965,0.371428571428571,0.277551020408163,0.0420560747663552,-34.9320523350856,-0.0334954461790153,1
"822",2019,"D. Mills","Stanford",238,0.125854883965044,-0.0389016358151173,30.8480863085617,-7.90595446327067,0.485185185185185,0.314814814814815,0.048,-40.8085980486438,0.084970858686263,1
"823",2019,"D. Modster","California",120,-0.273699553958834,0.156209325212539,-41.2405276041017,20.1937175309572,0.363095238095238,0.214285714285714,0.124087591240876,-17.8149232352549,-0.125278631387765,1
"824",2019,"D. Moore","Central Michigan",162,-0.0261874448503855,0.107146708394845,3.73487622506613,-1.88665841527554,0.402173913043478,0.304347826086957,0.0414201183431953,-28.096619779951,0.0100446620097315,1
"825",2019,"D. Plitt","Ball State",364,0.146765311425424,0.0540070180129003,56.4043634638829,-2.55830082505555,0.458333333333333,0.30921052631579,0.0714285714285714,-51.8757880223523,0.118083470699183,1
"826",2019,"D. Ridder","Cincinnati",321,-0.0505170203359713,0.220956233566111,-36.7193998283215,51.9297384871984,0.428571428571428,0.285714285714286,0.0775862068965517,-47.7167439663342,0.03292281094995,1
"827",2019,"D. Thompson-Robinson","UCLA",357,0.00219887630043816,0.109469881805459,-0.882660930146625,15.977430017712,0.443037974683544,0.29746835443038,0.0846153846153846,-80.1274327359694,0.0318455044041464,1
"828",2019,"D. Wade","Bowling Green",128,-0.0505905462647607,-0.631257839994741,-37.8388900842056,-3.25245196823555,0.335443037974684,0.234177215189873,0.037593984962406,-22.8107814661542,-0.260071785142032,1
"829",2019,"E. Peters","Toledo",102,0.127763162636074,-0.11958165420213,16.1089163639034,-9.44258694534557,0.449152542372881,0.271186440677966,0.0467289719626168,-13.9240255510216,0.0564943171064223,1
"830",2019,"E. Sindelar","Purdue",111,0.216168761109626,0.430852693194018,31.0602447657266,2.18371474537354,0.504065040650407,0.349593495934959,0.0176991150442478,-14.8480858817364,0.27027609358618,1
"831",2019,"F. Payton","Coastal Carolina",181,0.243020082153379,-0.246567007008076,42.5833132175352,-10.9321225478868,0.472340425531915,0.302127659574468,0.0523560209424084,-34.8597778639183,0.134685917743185,1
"832",2019,"G. Gunnell","Arizona",148,0.169880068863717,0.37739021307563,32.304285256812,7.819593772405,0.455555555555556,0.305555555555556,0.0864197530864198,0,0.222910439051206,1
"833",2019,"G. Jensen","Texas State",177,-0.0989582108648315,-0.254650298613615,-29.3573521394554,1.41298752666842,0.412060301507538,0.246231155778894,0.0732984293193717,-38.4444858439405,-0.140423942777824,1
"834",2019,"G. Loy","Bowling Green",202,-0.041125447884009,-0.297572989944248,-45.8187381676264,8.52344132681257,0.377483443708609,0.245033112582781,0.0380952380952381,-42.263689162215,-0.123494360400046,1
"835",2019,"G. Shrader","Mississippi State",153,0.185404844704181,0.0625498497472066,8.21859183063282,32.6221022086482,0.466165413533835,0.308270676691729,0.0892857142857143,-35.9934092117944,0.153536443756695,1
"836",2019,"H. Ahlers","East Carolina",434,0.144296639702826,0.186431708891781,71.4154619533993,13.3242524898206,0.442804428044281,0.313653136531365,0.0376940133037694,-52.1709886356397,0.156346336611107,1
"837",2019,"H. Bachmeier","Boise State",215,0.02788927031954,0.287621849939102,21.8460799734139,5.81244701833368,0.46484375,0.3359375,0.0692640692640693,-46.4388495803084,0.108041121061514,1
"838",2019,"H. Hooker","Virginia Tech",161,0.135691271985563,-0.0204209902488465,30.8398153880007,-3.85580154944713,0.454225352112676,0.316901408450704,0.0955056179775282,-32.6323118041436,0.0950141332343436,1
"839",2019,"H. Johnson","Northwestern",106,-0.394077097837152,-0.458704257957113,-55.8079551572454,-7.45237604023974,0.322368421052632,0.18421052631579,0.0862068965517241,-29.6190063893199,-0.416186389457139,1
"840",2019,"H. Wolff","Old Dominion",126,-0.264956064044884,0.116377465040294,-22.4577722501284,2.29117716259706,0.405797101449275,0.260869565217391,0.0454545454545455,-22.2535394548236,-0.146134747011096,1
"841",2019,"I. Book","Notre Dame",398,0.173985879659093,0.227814245125386,69.0345890841009,27.8801210929129,0.445098039215686,0.301960784313726,0.0316301703163017,-23.1054103910717,0.190028843484341,1
"842",2019,"I. Green","Marshall",333,-0.047761974284925,-0.0839078376243856,-28.9834301663156,3.40476165023726,0.373601789709172,0.246085011185682,0.0672268907563024,-54.5227314876775,-0.0572229720717637,1
"843",2019,"J. Abraham","Southern Miss",398,-0.00416025880774805,0.304181863522758,27.1637135402104,15.2447881064714,0.436325678496869,0.32776617954071,0.0501193317422434,-97.277360994984,0.0885354940431768,1
"844",2019,"J. Adkins","New Mexico State",433,-0.216610863433456,-0.00198233597346825,-72.9604745529704,-11.1672623277707,0.371747211895911,0.247211895910781,0.0688172043010753,-99.0824679927967,-0.156371258142642,1
"845",2019,"J. Blackman","Florida State",288,0.0256728317409484,-0.18653208053619,-13.10126161632,-0.677340809833373,0.398876404494382,0.280898876404494,0.0828025477707006,-69.4264316206629,-0.038703939399307,1
"846",2019,"J. Burrow","LSU",526,0.477252877671533,0.395958880293377,261.209539741962,34.2226291837089,0.591263650546022,0.369734789391576,0.0607142857142857,-34.3693377940712,0.460892619228815,1
"847",2019,"J. Coan","Wisconsin",338,0.119190845969883,0.27349438217237,60.2299909482068,4.81982878985063,0.470737913486005,0.305343511450382,0.050561797752809,-39.1981330290324,0.16552116981694,1
"848",2019,"J. Daniels","Arizona State",336,0.170849530163809,0.00840480451818345,40.4103435973348,17.0962451621587,0.426724137931034,0.301724137931034,0.0869565217391305,-20.0148591288515,0.123936613705805,1
"849",2019,"J. Doege","West Virginia",119,0.0367503208572258,0.112991250666476,10.6181796975421,-3.13271483382692,0.387596899224806,0.310077519379845,0.0555555555555555,-8.80430813962092,0.0580268594086444,1
"850",2019,"J. Duffey","Texas Tech",356,0.151662994515842,-0.14135742131599,38.6202171992757,-3.74820095585793,0.423887587822014,0.302107728337237,0.0404312668463612,-33.695048263081,0.0816674853475825,1
"851",2019,"J. Eason","Washington",403,0.12004331722311,0.0562187747531426,43.1098982363461,2.04558887844472,0.456570155902004,0.309576837416481,0.0495283018867924,-53.0409271504986,0.100569013618688,1
"852",2019,"J. Fields","Ohio State",353,0.247272077156507,0.59728872532636,138.642703990414,19.7251230932925,0.529652351738241,0.355828220858896,0.0783289817232376,-37.8831946332614,0.323860587083244,1
"853",2019,"J. Fromm","Georgia",381,0.0159031317106094,0.196059320554163,40.6594181533198,-8.41382715078978,0.431980906921241,0.305489260143198,0.0378787878787879,-36.5563813386688,0.0769584510800239,1
"854",2019,"J. Graham","Georgia Tech",189,-0.156590687721017,-0.111623966685116,-38.7056066710123,-2.48040666251712,0.354166666666667,0.21875,0.0825242718446602,-46.1260731847782,-0.143006990741422,1
"855",2019,"J. Guarantano","Tennessee",247,0.0976699142108659,0.209834611367375,39.8813064187172,-0.0910361881195334,0.456081081081081,0.341216216216216,0.0572519083969466,-41.2817320117717,0.134426588616884,1
"856",2019,"J. Henderson","Boise State",140,0.134981212964096,0.277829628637206,26.0851208779816,7.73513808940007,0.456989247311828,0.311827956989247,0.0410958904109589,-13.5621828195499,0.181829349286998,1
"857",2019,"J. Herbert","Oregon",427,0.167801658554665,0.122495990462901,76.8021069761194,-1.83828643232497,0.46900826446281,0.340909090909091,0.0532150776053215,-45.1428216848505,0.154883926743377,1
"858",2019,"J. Hurts","Oklahoma",340,0.322581577003591,0.58149682223938,149.748525327562,69.9806100705589,0.554195804195804,0.363636363636364,0.0633608815426998,-70.58075581846,0.384141845101611,1
"859",2019,"J. Jackson","Maryland",203,0.0180670651488191,-0.639927890880118,-48.2163123835355,-4.40408011288431,0.34375,0.2421875,0.109649122807018,-27.1017212606122,-0.20554840818914,1
"860",2019,"J. Langan","Rutgers",155,-0.382386591240883,-0.0661173187057018,-81.6223040756377,1.60666400781132,0.32404181184669,0.18815331010453,0.119318181818182,-46.5675850678481,-0.278800139609151,1
"861",2019,"J. Love","San José State",474,0.279352935900216,-0.0490415217275274,95.4140119121272,0.733117738673468,0.466800804828974,0.325955734406439,0.026694045174538,-37.1965010000372,0.193454989237023,1
"862",2019,"J. Love","Utah State",464,0.0262957936285041,-0.0361453543037683,9.47253124774425,-3.5708786910663,0.43302752293578,0.29908256880734,0.0413223140495868,-73.2541665596483,0.0108287202874824,1
"863",2019,"J. Luton","Oregon State",356,0.150051707257921,0.197998081294963,52.1339076311707,13.4068208714043,0.458852867830424,0.321695760598504,0.0656167979002624,-15.9554605497971,0.163443213223379,1
"864",2019,"J. Mccloud","South Florida",217,-0.0949528873729399,-0.14758214072168,-59.7114920978176,23.5579615087645,0.372670807453416,0.254658385093168,0.1285140562249,-41.3164261208709,-0.112278045307618,1
"865",2019,"J. Mcmillan","Tulane",310,0.0856354807536992,0.206223366280086,8.53380560116355,49.3678936535525,0.471816283924843,0.319415448851774,0.0828402366863906,-58.8581701668845,0.120880374226965,1
"866",2019,"J. Morgan","Florida International",345,0.122398392543279,0.123150841969251,43.7558452880147,2.35925403707864,0.428191489361702,0.311170212765957,0.0308988764044944,-27.4225109969547,0.122646540758227,1
"867",2019,"J. Newman","Wake Forest",352,0.00330198919655855,0.341019194333926,59.9199468395432,-4.12853576499526,0.441729323308271,0.295112781954887,0.0588235294117647,-52.51778976953,0.104871073448398,1
"868",2019,"J. Plumlee","Ole Miss",149,0.161685573072128,-0.0906840524246125,-19.7995230557044,43.9870268772311,0.418604651162791,0.269102990033223,0.0448717948717949,-19.1699703107492,0.0803571555532448,1
"869",2019,"J. Plummer","Purdue",241,-0.109511254677649,0.202232384452895,-2.94612717172883,-1.55536819558878,0.422442244224423,0.257425742574257,0.0801526717557252,-40.1338811397076,-0.0148564203541835,1
"870",2019,"J. Reyna","Fresno State",351,0.0684980370199642,0.0208091420656371,24.8296885436432,-0.321315160696106,0.44988864142539,0.289532293986637,0.0614973262032085,-51.5599502324653,0.054584350518813,1
"871",2019,"J. Wassink","Western Michigan",401,0.0930137446624587,0.343152370516002,56.8598199613961,21.125631771895,0.45531914893617,0.312765957446808,0.0429594272076372,-38.1348986969564,0.165926493049555,1
"872",2019,"J. Williams","Miami",274,0.0994875239896548,-0.456223985957094,-9.9531316557772,-8.35850459874493,0.404692082111437,0.278592375366569,0.11038961038961,-33.6974010712123,-0.0536998130631148,1
"873",2019,"J. Zergiotis","UConn",250,-0.0422087647525173,-0.372224768927653,-27.5173878419792,-13.8067710684153,0.36426116838488,0.254295532646048,0.077490774907749,-60.1779002583452,-0.142007418936064,1
"874",2019,"K. Barker","Troy",450,0.13474910218868,0.265604004729599,74.6251374675954,15.6544636565359,0.480373831775701,0.321495327102804,0.0566037735849056,-54.4415946720722,0.168746917989031,1
"875",2019,"K. Bryant","Missouri",284,0.0900762512493052,-0.111435639705193,9.30433872238668,5.09103388498489,0.443298969072165,0.27319587628866,0.0657894736842105,-33.1682856340981,0.0371014757921947,1
"876",2019,"K. Costello","Stanford",167,-0.0564436822679298,-0.0118717442757724,-6.22138537818088,-1.94752700378612,0.4,0.254054054054054,0.0457142857142857,-14.2472059556589,-0.0441562831457675,1
"877",2019,"K. Locksley","UTEP",177,-0.0105136672015494,0.346789618818327,8.18612729222183,20.0709207154578,0.448844884488449,0.316831683168317,0.115,-24.3059604298364,0.0932575841837613,1
"878",2019,"K. Mond","Texas A&M",416,0.0967571714513773,-0.085441289072393,18.9516376158995,11.4447355873708,0.457564575645756,0.300738007380074,0.0693512304250558,-58.7277254930621,0.0560818693787274,1
"879",2019,"K. Nelson","Akron",266,-0.0881237208922528,-0.107814121243887,-36.8892032227797,1.76595373177755,0.377659574468085,0.242021276595745,0.136363636363636,-46.303418047197,-0.0934128975824524,1
"880",2019,"K. Oblad","UNLV",297,0.094067060117358,-0.330489393259873,-11.493980142672,1.11520230496799,0.387096774193548,0.269794721407625,0.0571428571428571,-42.4474627165627,-0.0304362986442934,1
"881",2019,"K. Pickett","Pittsburgh",462,-0.0889072012024996,-0.149230715813851,-57.5244270270025,-1.8930965804805,0.389189189189189,0.259459459459459,0.0571428571428571,-69.7600546532221,-0.107058601094564,1
"882",2019,"K. Slovis","USC",390,0.281685252888015,0.346585135849536,127.902064314599,0.796509573031981,0.551724137931034,0.331034482758621,0.0556900726392252,-42.0109276405679,0.295858790546279,1
"883",2019,"K. Tate","Arizona",259,-0.0663545438539807,0.345275684437275,0.370949828818248,20.9937335654521,0.419540229885057,0.270114942528736,0.0649819494584837,-49.8390267139666,0.0613927683743402,1
"884",2019,"K. Trask","Florida",353,0.181207527768918,0.0966100278735609,64.4048158238723,2.17937573888033,0.495192307692308,0.331730769230769,0.0586666666666667,-45.2589974968044,0.160058152795079,1
"885",2019,"K. Vantrease","Buffalo",169,0.0526053296542366,0.328930475692395,21.5997204410362,5.68526723659727,0.471502590673575,0.305699481865285,0.0116959064327485,-17.2504822738612,0.14137299314836,1
"886",2019,"L. Bonner","Arkansas State",150,0.0874611088987594,-0.103650124424518,2.9131674929466,2.5907705870019,0.4,0.247058823529412,0.0625,-5.7422035451489,0.0323761063526382,1
"887",2019,"L. Hatcher","Arkansas State",305,0.088156489205093,0.432424987628771,62.6284372196121,9.09318946174812,0.442708333333333,0.3359375,0.0895522388059702,-49.1726738864385,0.186775069482709,1
"888",2019,"L. Lewis","Louisiana",377,0.15149863641695,0.429611069959222,87.732053770495,8.20380629277649,0.486547085201794,0.318385650224215,0.0358056265984655,-43.6508258060894,0.215102825253972,1
"889",2019,"L. Narcisse","UTSA",194,-0.0106076118942357,-0.10898842642923,-28.4552881809653,15.7117626864985,0.398713826366559,0.286173633440515,0.0805687203791469,-27.9749007801858,-0.0409759662201505,1
"890",2019,"M. Corral","Ole Miss",175,0.134242317692758,0.0725594082816275,21.7075258924188,4.49118256054008,0.463203463203463,0.333333333333333,0.0641711229946524,-19.5575230473767,0.113414322307181,1
"891",2019,"M. Cunningham","Louisville",178,0.112703315664748,0.549638221502586,62.897797062936,13.7328184085965,0.463333333333333,0.333333333333333,0.127450980392157,-35.1291855165919,0.255435384905108,1
"892",2019,"M. Duggan","TCU",327,-0.068331055423901,0.183022442225944,-44.6711559549625,46.2101201001892,0.424778761061947,0.287610619469027,0.0710227272727273,-48.4202285854119,0.00340478793191758,1
"893",2019,"M. Fine","North Texas",408,0.0379710244688831,0.149690287530198,47.2994803819639,-13.743041435103,0.42548596112311,0.278617710583153,0.0577367205542725,-47.7373984917163,0.0724761100364167,1
"894",2019,"M. Glass","Eastern Michigan",394,0.205366105603507,0.0988100625260904,82.6665110265745,7.66964505466024,0.5,0.310546875,0.0343137254901961,-48.1746094499952,0.176437804846162,1
"895",2019,"M. Guadagni","Toledo",122,0.160504541559327,0.429638681451813,23.6302320178537,20.5963517248161,0.486486486486486,0.345945945945946,0.0757575757575758,-15.2422973362944,0.239062614825242,1
"896",2019,"M. Jones","Alabama",141,0.448577722199494,-0.215055691071858,33.9039729303624,6.65922585774725,0.503184713375796,0.369426751592357,0.013986013986014,-22.5354400141445,0.258364323491145,1
"897",2019,"M. Mckay","NC State",147,0.0854375217117996,-0.379549391231747,-7.47858492427732,1.24942757624726,0.436046511627907,0.279069767441861,0.02,-3.92752575853291,-0.036216031093198,1
"898",2019,"M. Myers","Buffalo",102,-0.00574000902200735,-0.325959563496943,-24.3358207319694,8.84804003521734,0.393939393939394,0.287878787878788,0.0555555555555555,-24.5313639117896,-0.117331671945091,1
"899",2019,"M. Penix","Indiana",156,0.232586966516509,0.34312975901494,39.2680929294278,5.55921367796226,0.539325842696629,0.320224719101124,0.00636942675159236,-20.1559536519791,0.251838801165112,1
"900",2019,"N. Rourke","Ohio",324,0.237583434098609,0.136578772268396,44.7706372910376,56.9766987739628,0.5,0.349372384937239,0.0608695652173913,-63.489270697912,0.212860535700837,1
"901",2019,"N. Stanley","Iowa",397,0.0336094622729234,0.140125018063923,16.7416741848884,16.3046059525553,0.441860465116279,0.304439746300212,0.0547619047619048,-37.5528206682485,0.0698652857028408,1
"902",2019,"N. Starkel","Arkansas",178,-0.0447975064100348,-0.213011492980138,-13.3356908586336,-3.65417762245811,0.402173913043478,0.28804347826087,0.0165745856353591,-37.9658224621039,-0.0923362417450639,1
"903",2019,"P. O'brien","Colorado State",333,0.114459313258686,-0.0207281592394423,35.3634508607933,-6.5097062958858,0.440506329113924,0.29620253164557,0.0646067415730337,-49.916326774628,0.0730474545947025,1
"904",2019,"P. Ramsey","Indiana",288,0.0705787207868563,0.511061907283944,47.7427946124733,23.3371740986015,0.483028720626632,0.315926892950392,0.0739549839228296,-28.4860338859522,0.185587385668603,1
"905",2019,"Q. Dormady","Central Michigan",290,0.0463157515110324,-0.0550762605922177,18.644986271631,-11.7037279988055,0.449230769230769,0.286153846153846,0.0460526315789474,-57.4141922927563,0.0213577177625402,1
"906",2019,"Q. Harris","Duke",348,-0.110002970534949,-0.209798120414445,-68.7581292077032,-2.29224260573422,0.374015748031496,0.234251968503937,0.0744680851063829,-81.4761523346753,-0.139862936640625,1
"907",2019,"R. Agnew","San Diego State",366,0.0622341898948361,0.0249968007628341,15.5170878955717,5.96969196290617,0.454337899543379,0.280821917808219,0.0493506493506494,-30.6225770607128,0.049056575019356,1
"908",2019,"R. Bowers","Northern Illinois",279,-0.0538847403262409,0.00327878737358012,-2.755037544622,-8.62318751830861,0.408945686900958,0.284345047923323,0.0510204081632654,-45.0073987394274,-0.036352156750577,1
"909",2019,"R. Hilinski","South Carolina",399,-0.0521658529434435,-0.306660787083369,-49.8720650854806,-8.29287416567661,0.409722222222222,0.252314814814815,0.0431654676258993,-53.0555583751458,-0.134641063081382,1
"910",2019,"R. Neal","Vanderbilt",255,-0.176663578474799,-0.169460814830258,-53.1221851016359,-0.533906885925318,0.366883116883117,0.217532467532468,0.0693430656934307,-34.7682614679174,-0.174208090868705,1
"911",2019,"R. West","Massachusetts",150,-0.026700432892507,0.000340238464183409,-5.78268447300565,2.65006603029156,0.39766081871345,0.269005847953216,0.0445859872611465,-28.4785885784343,-0.0183194060977433,1
"912",2019,"R. Willis","Virginia Tech",115,-0.150396439617583,0.721135194650062,19.9988431857904,0.266290386866396,0.464516129032258,0.329032258064516,0.08,-32.4055396497072,0.130742797242947,1
"913",2019,"S. Buechele","SMU",480,0.162086268657601,0.38432790055379,122.328045110117,2.51675430248891,0.455882352941176,0.318014705882353,0.0322580645161291,-41.430623946412,0.229494116567291,1
"914",2019,"S. Calvert","Liberty",415,0.249296380857863,-0.0981514702561656,85.3438831959027,-13.7059235095145,0.456140350877193,0.335526315789474,0.0589569160997733,-37.0025505357846,0.157100788785939,1
"915",2019,"S. Chambers","Wyoming",113,0.135953171858721,0.421970257429834,6.46078000482516,44.3050978137554,0.448275862068966,0.339901477832512,0.0661157024793388,-10.3233231086387,0.250078215855077,1
"916",2019,"S. Clifford","Penn State",318,0.13199650114303,0.160772907559455,44.0393493692186,16.6546336149338,0.431870669745959,0.311778290993072,0.0674486803519062,-23.3578400753572,0.140170861395271,1
"917",2019,"S. Duncan","Western Kentucky",118,0.106052148520646,-0.356829498861839,-3.12565917322976,-3.13619755835364,0.398496240601504,0.270676691729323,0.0166666666666667,-15.2127001796398,-0.0470816295607774,1
"918",2019,"S. Ehlinger","Texas",451,0.197455925714108,0.2434804646014,93.2631365711463,35.4500861156146,0.480392156862745,0.30718954248366,0.0701030927835051,-41.3795111020771,0.210315723344381,1
"919",2019,"S. Howell","North Carolina",402,0.166491275446532,0.379578300280525,107.750196448857,2.50408537375827,0.467479674796748,0.323170731707317,0.0779816513761468,-45.388073804005,0.224094068745152,1
"920",2019,"S. Montez","Colorado",390,0.111162070710619,-0.0428008482831557,16.0351250678954,13.9125859602703,0.45054945054945,0.274725274725275,0.048780487804878,-37.4191967035053,0.0658191451168477,1
"921",2019,"S. Patterson","Michigan",376,0.0865747372881856,0.0170931780838041,28.058618949027,3.13184483724216,0.447084233261339,0.298056155507559,0.0623441396508729,-47.4221755107669,0.0673660124973416,1
"922",2019,"S. Sanders","Oklahoma State",247,0.0536323080152056,0.0880554286299412,13.8536859110532,10.305910977504,0.464935064935065,0.262337662337662,0.0643939393939394,-67.5450641323656,0.0627521997105382,1
"923",2019,"S. Smartt","Old Dominion",172,-0.306382342055146,0.00999595430962131,-75.0300309504912,16.095146548817,0.365942028985507,0.231884057971014,0.152709359605911,-40.659609963564,-0.213532189861139,1
"924",2019,"S. Smith","Kentucky",123,-0.134587679287077,-0.155744169888773,-22.1389549556835,1.29674157039836,0.353741496598639,0.244897959183673,0.0610687022900763,-25.4696115956103,-0.14178376452575,1
"925",2019,"S. Thompson","Kansas State",288,0.0934044714020532,0.270640714949349,26.080656901161,36.1876102276837,0.466334164588529,0.326683291770573,0.076923076923077,-29.7838355907577,0.155282461667942,1
"926",2019,"S. Werts","Georgia Southern",122,0.0131372490779199,-0.294750268660652,-38.3521088412337,16.3387713310241,0.348122866894198,0.235494880546075,0.170068027210884,-7.69248439137838,-0.0751308447447424,1
"927",2019,"T. Devito","Syracuse",332,0.00296559436053878,-0.0768821747759856,-14.4642517057948,4.43962679012702,0.390519187358917,0.257336343115124,0.117021276595745,-19.754957860253,-0.0226289501482343,1
"928",2019,"T. Huntley","Utah",299,0.191532192317609,0.347736454073122,97.0713340473941,-0.826940609225089,0.523573200992556,0.332506203473945,0.0743034055727554,-35.522235238705,0.238819834834166,1
"929",2019,"T. Johnston","UAB",239,0.0106941794335931,-0.210026689693909,-1.66348648965353,-14.747171774771,0.442724458204334,0.306501547987616,0.0553359683794467,-83.5689708558885,-0.0508069915307261,1
"930",2019,"T. Lawrence","Clemson",405,0.316582978874125,0.174374348858231,95.8986168317448,48.287126724451,0.496062992125984,0.340551181102362,0.0402843601895734,-28.5324108258045,0.283830203850779,1
"931",2019,"T. Morgan","Minnesota",313,0.352360907085487,0.418547966303986,141.846768347905,-4.41455322712848,0.508064516129032,0.39247311827957,0.087463556851312,-48.6974646355271,0.369441438496712,1
"932",2019,"T. Pigrome","Maryland",116,-0.297459919442267,-0.385159219902699,-48.5401606545067,-3.99894930010115,0.354037267080745,0.217391304347826,0.0793650793650793,-42.0723067370311,-0.326329875494459,1
"933",2019,"T. Stevens","Mississippi State",160,0.0733562153167429,-0.0254108807991837,-12.9680343825645,25.0651031298093,0.460905349794239,0.296296296296297,0.0909090909090909,-27.2062464657626,0.0497821759145875,1
"934",2019,"T. Stewart","Rice",151,0.112308961247686,-0.257430060616257,9.18614996718685,-13.6358094905906,0.426470588235294,0.274509803921569,0.111764705882353,-18.9151553756868,-0.0218120564872734,1
"935",2019,"T. Storey","Western Kentucky",339,0.123236173336856,0.178060175978666,45.893338138445,17.4978894172918,0.470459518599562,0.304157549234136,0.053072625698324,-28.5064009360204,0.138711657671197,1
"936",2019,"T. Tagovailoa","Alabama",265,0.429710856137682,1.02669898175544,164.432389381241,2.14020496141053,0.539792387543252,0.41522491349481,0.0363636363636364,-19.1690397416942,0.576375758971111,1
"937",2019,"T. Tuioti","New Mexico",192,0.033825706003249,-0.108834071870778,-14.6117554239662,12.8452175315737,0.423868312757202,0.283950617283951,0.0541871921182267,-31.8490635644089,-0.00726970326087416,1
"938",2019,"T. Vitt","Texas State",228,-0.0866940507787621,-0.305176792661319,-43.9973196519396,2.55303810581428,0.383802816901408,0.246478873239437,0.0617283950617284,-58.4680186559568,-0.145930568824385,1
"939",2019,"W. Green","Rice",137,-0.274718278985746,-0.140615501669446,-21.3550190542372,-16.1890231697123,0.359756097560976,0.268292682926829,0.0616438356164383,-35.2034213688816,-0.228927086731399,1
"940",2019,"Z. Smith","Tulsa",414,-0.0523799671683681,0.165259706585077,23.2512304617094,-14.8608653343356,0.411885245901639,0.293032786885246,0.084070796460177,-81.2831826248373,0.0171933711626513,1
"941",2019,"Z. Thomas","App State",354,0.180810479088607,0.275989542130265,58.9481967799151,38.2445888089519,0.481400437636762,0.330415754923414,0.0483870967741936,-37.6927279314995,0.21267567962553,1
"942",2019,"Z. Wilson","BYU",309,0.108926589952813,-0.186507180370299,6.48271534469724,5.30331980598983,0.462566844919786,0.299465240641711,0.0521472392638037,-40.9283159637761,0.0315134629697515,1
"943",2020,"A. Allen","Louisiana Tech",119,-0.538752739477423,0.253677558555744,-36.6853117363689,-3.30298831516766,0.38235294117647,0.205882352941176,0.048,-39.2698960992532,-0.294031618026004,1
"944",2020,"A. Aune","North Texas",177,0.281030805282933,0.289631733084818,54.3004179545977,3.51151828002619,0.46078431372549,0.338235294117647,0.0327868852459016,-28.7366880500077,0.283391844287372,1
"945",2020,"A. Bowman","Texas Tech",224,0.142252667902625,-0.263224290101255,10.2568566043086,2.35094282670781,0.474358974358974,0.303418803418803,0.00884955752212388,-40.3052338157618,0.0538794847479336,1
"946",2020,"A. Martinez","Nebraska",122,0.200503796102811,-0.0669271202761795,-0.627622401553999,25.3517978421385,0.505263157894737,0.289473684210526,0.0615384615384615,-15.6519698053928,0.130127239160971,1
"947",2020,"A. O'connell","Purdue",131,0.171876156644651,-0.180331320794784,13.8816040074047,-3.39161270479702,0.433566433566434,0.27972027972028,0.0642857142857143,-11.0620284367898,0.0733565825357184,1
"948",2020,"A. O'hara","Middle Tennessee",285,-0.00878618147568377,0.00883196419991013,-20.096722751971,18.1338831147038,0.458149779735683,0.251101321585903,0.0686274509803922,-47.2795381829333,-0.00432343532437692,1
"949",2020,"A. Russo","Temple",135,0.0880457637970321,0.275814471573417,15.8957506629996,6.66451775482755,0.493589743589744,0.346153846153846,0.0287769784172662,-25.7989191323085,0.144617105242481,1
"950",2020,"B. Armstrong","Virginia",262,0.0855345740181919,0.252207091812281,7.747150899754,40.0219108111661,0.454780361757106,0.294573643410853,0.0676156583629893,-46.096567751147,0.123434267986874,1
"951",2020,"B. Hockman","NC State",260,0.0154557596806351,0.219480814438317,24.2598573549657,-1.39072095784775,0.433962264150943,0.336477987421384,0.0845070422535212,-49.7461332384534,0.0719155232613772,1
"952",2020,"B. Lucero","UAB",144,-0.297045042451394,-0.0115339814210021,-24.4294231064726,-6.1603592335893,0.394736842105263,0.296052631578947,0.0136986301369863,-58.3792984843311,-0.201248568026723,1
"953",2020,"B. Mcbride","Texas State",281,0.0325527371349163,-0.335017559221497,-1.97231798373182,-20.2784374102906,0.386627906976744,0.258720930232558,0.0570469798657718,-36.6827252892306,-0.0646824284709953,1
"954",2020,"B. Nix","Auburn",351,0.108421422929091,0.0134383478763882,5.86919488901674,30.7885738781632,0.450980392156863,0.287581699346405,0.0564516129032258,-27.2656344185465,0.0798644199720695,1
"955",2020,"B. Purdy","Iowa State",325,0.198093577778106,0.0942423014622187,45.1308401772759,22.6445146398043,0.495049504950495,0.339108910891089,0.0269461077844311,-35.896568250263,0.167760779250198,1
"956",2020,"B. White","Memphis",413,0.0630740194895403,0.390577539409648,65.0454785431602,15.0857932816376,0.453781512605042,0.319327731092437,0.0483870967741936,-69.7225346294945,0.168343008035289,1
"957",2020,"C. Baker","San Diego State",103,-0.0635936802124338,-0.600685840778126,-16.2600825412079,-12.2894106274799,0.359375,0.2734375,0.0636363636363636,-13.9744819969917,-0.223042915380374,1
"958",2020,"C. Bazelak","Missouri",276,0.118555427743445,0.314271968445712,51.9501128596214,3.83359602036157,0.473186119873817,0.312302839116719,0.0383275261324042,-22.1470881056154,0.175973845047265,1
"959",2020,"C. Brewer","Baylor",318,-0.12080721870969,0.0576405333366032,-37.7816917293715,11.0067730268052,0.382075471698113,0.231132075471698,0.0809248554913295,-30.5946047691374,-0.06314839316643,1
"960",2020,"C. Brice","Duke",302,-0.117105479810514,-0.245166903446328,-55.1417404553189,-3.2513013860284,0.411917098445596,0.272020725388601,0.0958083832335329,-86.0733348617205,-0.151277310469812,1
"961",2020,"C. Brown","Georgia State",295,0.00549599770952358,0.135622776875198,20.8533571242645,-3.60971563662264,0.421994884910486,0.294117647058824,0.0390879478827361,-63.9984973652673,0.0441013848788796,1
"962",2020,"C. Cordeiro","Hawai'i",303,0.0963781157804153,0.139755335520828,7.79401231955757,37.8804390007668,0.422434367541766,0.272076372315036,0.0845921450151057,-39.0954428697378,0.109008237041347,1
"963",2020,"C. Garbers","California",134,-0.10820030281631,0.107447478059899,-19.236525741793,13.0254446453915,0.410404624277457,0.236994219653179,0.100671140939597,-13.1864627899673,-0.0359022028693732,1
"964",2020,"C. Hill","South Carolina",211,-0.0860324649674093,0.0347292618908817,-15.0118370393091,3.42433772054188,0.385826771653543,0.28740157480315,0.0944206008583691,-33.5317946257608,-0.0456200760581386,1
"965",2020,"C. Reynolds","Charlotte",174,0.0889731773160273,-0.211486686783662,7.07676515189998,-8.77988364828751,0.392857142857143,0.258928571428571,0.0842105263157895,-13.4716289887759,-0.00760320757315868,1
"966",2020,"C. Strong","Nevada",348,0.0999842126327786,0.311358357647821,56.6391283355666,0.267155583860984,0.451443569553806,0.304461942257218,0.0543478260869565,-31.5930404365466,0.149360325247841,1
"967",2020,"C. Suits","UL Monroe",240,-0.0507114097601869,0.0411564492532672,-2.48563664943811,-3.60052160870952,0.390510948905109,0.281021897810219,0.0588235294117647,-44.5036304833365,-0.0222122564165972,1
"968",2020,"C. Tune","Houston",281,0.107682463878813,0.186806600081653,17.0744835443289,29.1663363699876,0.461756373937677,0.342776203966006,0.0538720538720538,-60.2306097422764,0.130993824119877,1
"969",2020,"D. Crum","Kent State",113,0.421894110735948,1.09671077438488,70.1160775248065,18.3902477611522,0.579617834394904,0.369426751592357,0.0258620689655172,-11.9839293508846,0.56373455596152,1
"970",2020,"D. Gabriel","UCF",399,0.253171173814437,0.237956852824773,105.881554070489,11.1918931775986,0.474468085106383,0.312765957446808,0.0500000000000001,-22.6046942553683,0.249092440953378,1
"971",2020,"D. Leary","NC State",108,0.058950939431311,0.576767674229911,24.3234654200118,2.84033981011144,0.448818897637795,0.330708661417323,0.0608695652173913,-11.9259631812753,0.213888230158451,1
"972",2020,"D. Mills","Stanford",145,0.0803304443608154,0.490907496988759,32.0317072285545,1.01084506148217,0.506024096385542,0.283132530120482,0.0522875816993464,0,0.199051519819498,1
"973",2020,"D. Morris","Washington",107,0.234115208294831,0.631468872157415,40.2244970020463,7.48141102805422,0.467741935483871,0.314516129032258,0.00925925925925927,-10.2235815177609,0.384725064758875,1
"974",2020,"D. Plitt","Ball State",183,0.0916133129514973,0.28280839710582,20.5531481219352,15.2996748167382,0.497907949790795,0.322175732217573,0.085,-20.7067750875392,0.150011811458884,1
"975",2020,"D. Richardson","Central Michigan",101,0.124742112802425,-0.191929446114116,6.94475162305148,-3.04957009501848,0.417391304347826,0.234782608695652,0.0648148148148148,-7.75781561027722,0.033871143722026,1
"976",2020,"D. Ridder","Cincinnati",250,0.315180995230292,0.180001053921278,59.7312834342013,34.9047747219163,0.51044776119403,0.334328358208955,0.0566037735849056,-33.1201330801075,0.282495695988411,1
"977",2020,"D. Thompson-Robinson","UCLA",123,0.196937828849281,0.581788038130518,36.3845765378112,14.216175955373,0.49112426035503,0.343195266272189,0.0538461538461539,-24.727030868365,0.29941273664606,1
"978",2020,"D. Trotter","South Alabama",245,-0.138843677661707,0.102734346201723,-8.44999913747409,-8.24020794961599,0.39209726443769,0.279635258358663,0.115523465703971,-31.6403877316345,-0.0507301127267175,1
"979",2020,"D.J. Uiagalelei","Clemson",113,0.216458152874117,0.389907082218247,34.258020604197,3.41840631291704,0.434782608695652,0.318840579710145,0.00877192982456139,-5.0374513987316,0.273017586355899,1
"980",2020,"E. Peters","Toledo",129,0.198840611418818,0.550136410330377,53.1630000448713,-5.6793475386184,0.512987012987013,0.383116883116883,0.0514705882352941,-12.129781359288,0.308335405884759,1
"981",2020,"F. Franks","Arkansas",233,0.152418728116782,0.0870011423335593,48.2598033680478,-3.24019781366485,0.465875370919881,0.320474777448071,0.114068441064639,-35.207035139942,0.133589333989267,1
"982",2020,"F. Harris","UTSA",219,0.0967618181099817,-0.00140973505088901,-10.4752971187499,30.8661556086387,0.444816053511706,0.327759197324415,0.0436681222707423,-40.2633869226296,0.0681968511367518,1
"983",2020,"G. Hardison","UTEP",197,-0.106495872565457,0.442367002517606,22.1407731975741,-5.82236289860734,0.385650224215247,0.300448430493274,0.0390243902439024,-22.9230083217841,0.0731767277980573,1
"984",2020,"G. Mccall","Coastal Carolina",244,0.374049807683194,0.368852885694524,126.632217290372,5.76049836602278,0.557746478873239,0.397183098591549,0.0431372549019608,-37.7334433403594,0.372937227201113,1
"985",2020,"G. Mertz","Wisconsin",172,0.0455260768342045,-0.279675909333211,-23.2698474713727,10.1637561768329,0.424390243902439,0.258536585365854,0.0601092896174863,-31.1833858302603,-0.0639321526562913,1
"986",2020,"G. Watson","Troy",299,-0.0256829367940049,0.293450935405952,24.9420725863261,-4.66971029355756,0.465045592705167,0.29483282674772,0.0416666666666667,-44.1951635463639,0.0616181224704211,1
"987",2020,"G. Wells","Marshall",244,0.132247008880187,-0.0379776771587304,18.1751642237009,8.75175068719111,0.454237288135593,0.305084745762712,0.0431372549019608,-31.8037610965551,0.0912776776640408,1
"988",2020,"H. Ahlers","East Carolina",242,-0.0102240786036802,-0.32134699853589,-30.9792653901997,-0.297903118698609,0.431034482758621,0.258620689655172,0.0727969348659004,-58.9538126195739,-0.107852305203098,1
"989",2020,"H. Bachmeier","Boise State",115,0.0317230312977935,0.438920114162189,22.3452918839501,2.26544845317397,0.5,0.291044776119403,0.0650406504065041,-5.74433023701627,0.183662241321821,1
"990",2020,"H. Colombi","Texas Tech",165,0.00736566810518932,-0.0782121009102575,-11.7674627825117,8.30935872132123,0.412037037037037,0.231481481481481,0.0782122905027933,-21.7350246343233,-0.01600974102403,1
"991",2020,"H. Hooker","Virginia Tech",149,0.351676715562526,-0.428230043579212,35.0678936943241,6.4994831703571,0.475836431226766,0.29368029739777,0.096969696969697,-20.8149186623596,0.154525564552718,1
"992",2020,"I. Book","Notre Dame",319,0.162261407645942,0.403861907142503,72.0713689899946,23.545123296003,0.485849056603774,0.313679245283019,0.0562130177514793,-31.3167782045129,0.225510595014145,1
"993",2020,"J. Abraham","Southern Miss",146,0.107881706873302,-0.0846727800492235,8.31521355920067,-0.711956804752565,0.419540229885058,0.304597701149425,0.0641025641025641,-26.7942318417159,0.043696877899127,1
"994",2020,"J. Bean","North Texas",139,0.177543267081166,0.49318580009826,30.1245705898099,20.5941356748893,0.451282051282051,0.348717948717949,0.0733333333333334,-25.1333669340856,0.26009592956256,1
"995",2020,"J. Bentley","Utah",110,0.200243384346434,-0.206540438490748,2.06869904284831,7.25961596928642,0.478260869565217,0.253623188405797,0.0517241379310345,-19.0779024826519,0.0675964855951792,1
"996",2020,"J. Daniels","Georgia",119,0.117201923119369,0.656320319800963,32.3708367762097,0,0.434108527131783,0.302325581395349,0.0775193798449612,-12.8547309972907,0.250936719195424,1
"997",2020,"J. Daniels","Kansas",147,-0.258448137802939,-0.332969927173226,-68.3368016102136,5.55610716362221,0.312217194570136,0.190045248868778,0.140350877192982,-20.2288792205067,-0.284075540482314,1
"998",2020,"J. Doege","West Virginia",366,9.16926057236893e-05,0.163217519026673,12.0975839747961,6.04651826324733,0.439506172839506,0.291358024691358,0.0493506493506494,-45.2464355269354,0.0448002524396133,1
"999",2020,"J. Fields","Ohio State",197,0.387610174795162,0.533455966776875,80.3117250512331,33.1476326749817,0.586466165413534,0.417293233082707,0.0837209302325582,-21.7552353016206,0.426538938820356,1
"1000",2020,"J. Free","Troy",147,-0.0418657152400997,-0.100521366596916,-10.6121079185819,1.29087910522591,0.434782608695652,0.291925465838509,0.0576923076923077,-28.6974596643838,-0.0578958311388568,1
"1001",2020,"J. Guarantano","Tennessee",164,0.0510390746478145,-0.0555303144440189,-14.5427930252324,17.2817682387746,0.465686274509804,0.313725490196079,0.0837988826815642,-26.0172280211164,0.0134263490859909,1
"1002",2020,"J. Haener","Fresno State",225,0.108559395216233,0.336091436675627,37.1266430866925,10.0969453908209,0.464539007092199,0.304964539007092,0.0963855421686747,-31.9069862398183,0.167459533608203,1
"1003",2020,"J. Hunt","UL Monroe",124,-0.157447069325136,-0.136553723495189,-17.3785645259135,-6.50638547613606,0.339622641509434,0.264150943396226,0.0746268656716418,-19.8297519166716,-0.150219811333645,1
"1004",2020,"J. Laura","Washington State",100,-0.131520493528264,0.283019929382711,-5.3678261465545,0.797937284085353,0.439024390243902,0.260162601626016,0.0476190476190476,-18.5673775649892,-0.0371535679875541,1
"1005",2020,"J. Mccloud","South Florida",158,0.123576908402545,-0.331079562945233,-6.75434344335436,7.45223446695596,0.423076923076923,0.346153846153846,0.0971428571428571,-15.8577943548432,0.00335524530577691,1
"1006",2020,"J. Milton","Michigan",137,0.053914480208275,-0.0224966430308011,13.4726387909611,-7.93457203970587,0.422857142857143,0.302857142857143,0.0551724137931034,-22.7343372664444,0.0316460957214584,1
"1007",2020,"J. Plummer","Purdue",122,0.232086681070206,0.0655597180397379,27.7400312561003,-1.37398601144778,0.442028985507246,0.282608695652174,0.024,-7.26875733144718,0.191058298874293,1
"1008",2020,"J. Sims","Georgia Tech",254,-0.136856288722669,0.0804729876276256,-44.9108029803798,17.6327713966339,0.443850267379679,0.310160427807487,0.0797101449275362,-90.7957652570021,-0.0729359133255238,1
"1009",2020,"J. Travis","Florida State",131,0.0930351196619282,0.17357605205372,-7.36112896414454,33.4861331229634,0.447368421052631,0.267543859649123,0.083916083916084,-21.7812180815481,0.114583351573767,1
"1010",2020,"K. Costello","Mississippi State",206,-0.328260601906573,-0.152222581853552,-60.2728035149597,-5.36900580058289,0.360869565217391,0.195652173913044,0.0636363636363637,-59.8330699305031,-0.285399170937142,1
"1011",2020,"K. Eleby","Western Michigan",150,0.421274903744796,0.428628412842045,78.8937208871751,-1.05558419785374,0.5,0.33695652173913,0.0445859872611465,-12.7419931490766,0.423033351572399,1
"1012",2020,"K. Mond","Texas A&M",289,0.182516442068539,0.100622833196963,64.3085972056179,-7.88713760051279,0.457627118644068,0.324858757062147,0.0203389830508474,-41.9941597514146,0.159382654251709,1
"1013",2020,"K. Pickett","Pittsburgh",321,0.0512289734059264,0.0712836662751934,17.8886706824056,5.04959121001553,0.435,0.2825,0.0530973451327433,-49.4444871631048,0.0573456547310529,1
"1014",2020,"K. Seals","Vanderbilt",242,-0.0813973614010823,-0.160668881306509,-28.598008023546,-1.48835884155196,0.405693950177936,0.288256227758007,0.0727969348659004,-54.9178745877938,-0.107068921228107,1
"1015",2020,"K. Slovis","USC",211,0.110542515818033,0.627336405359571,52.7403626196886,4.20884328049271,0.465217391304348,0.356521739130435,0.0495495495495495,-14.5079070540757,0.247605243044267,1
"1016",2020,"K. Trask","Florida",413,0.28995986303004,0.420301555560105,153.931245087142,-4.47236273683559,0.549356223175966,0.369098712446352,0.0372960372960373,-60.3574146107812,0.320727215344004,1
"1017",2020,"K. Vantrease","Buffalo",110,0.291246106169009,0.560810733486318,35.6223900272784,8.20109393562215,0.546218487394958,0.34453781512605,0,-6.88583691394941,0.368264571116811,1
"1018",2020,"L. Anthony","Louisiana Tech",219,-0.0640661614822264,0.164438315569938,-10.6350034108354,9.29614721168031,0.404494382022472,0.265917602996255,0.0912863070539419,-31.3232150529176,-0.00501444269346491,1
"1019",2020,"L. Bonner","Arkansas State",261,0.124537061568741,0.0762622419132037,43.8438044229629,-11.1884435335071,0.445578231292517,0.350340136054422,0.043956043956044,-28.0071623077072,0.111072656086584,1
"1020",2020,"L. Hatcher","Arkansas State",192,0.457817854772704,-0.00998344929922677,81.30057698619,-5.99167109556777,0.429787234042553,0.336170212765957,0.0634146341463414,-17.4223704399629,0.320463429321797,1
"1021",2020,"L. Lewis","Louisiana",289,0.16539368029869,0.330346464779357,45.4795085893814,26.4266208211086,0.479651162790698,0.290697674418605,0.0203389830508475,-32.9857522643816,0.209029445960727,1
"1022",2020,"L. Williams","Wyoming",110,0.0814472423175566,-0.418731810943389,-23.5723414368024,5.08112425281624,0.385542168674699,0.265060240963855,0.105691056910569,-16.0914613590156,-0.111392874602326,1
"1023",2020,"M. Brennan","LSU",131,0.377652206146799,-0.768576196935192,19.0741659571436,-3.29963355528704,0.452702702702703,0.304054054054054,0.0642857142857143,-11.0316929794758,0.106584678390923,1
"1024",2020,"M. Corral","Ole Miss",263,0.2195076649232,0.645941398771981,96.6461926103912,21.5455622960605,0.508571428571429,0.351428571428571,0.0539568345323741,-46.0954791668922,0.337690728304148,1
"1025",2020,"M. Cunningham","Louisville",295,0.0757004896212898,0.573533774195784,51.4430491514173,47.0171862756599,0.47887323943662,0.333333333333333,0.0809968847352026,-66.8717201243154,0.231127313209102,1
"1026",2020,"M. Duggan","TCU",234,-0.00148770157009809,0.0938814579311954,-8.99731873539126,18.3950157739914,0.4,0.245714285714286,0.078740157480315,-31.0464621712434,0.0268505629674291,1
"1027",2020,"M. Gilliam","UNLV",148,-0.188586714603209,0.297950698533992,-30.3005784174499,24.268449857243,0.40952380952381,0.276190476190476,0.119047619047619,-29.4081975754066,-0.0287244217152713,1
"1028",2020,"M. Jones","Alabama",359,0.609709954172712,0.32695564596664,207.40923006954,6.95324581447402,0.608695652173913,0.39386189258312,0.0297297297297298,-27.8808307597808,0.548241626301827,1
"1029",2020,"M. Kendrick","Kansas",118,-0.21906255795732,-0.07428039292659,-22.7325873435693,-5.51266017315756,0.35,0.2,0.119402985074627,-18.3418877592449,-0.176532796979543,1
"1030",2020,"M. Mcdonald","Bowling Green",122,-0.157137666322394,-0.625215692482404,-49.4956627388012,0.337859017963928,0.295302013422819,0.221476510067114,0.0757575757575758,-23.4409686834028,-0.329918145777432,1
"1031",2020,"M. Penix","Indiana",216,0.173631359169503,0.0833075888863124,25.3540967849378,9.22394865175216,0.427350427350427,0.320512820512821,0.031390134529148,-22.5953874702356,0.147769424943119,1
"1032",2020,"M. Pratt","Tulane",248,0.154541537020439,-0.12814866324833,13.3074772673486,15.4982999082486,0.441988950276243,0.30939226519337,0.114285714285714,-23.4889033500933,0.0795739700983347,1
"1033",2020,"M. Willis","Liberty",258,0.19536990758722,0.696824518000913,53.3060028507062,71.2818690450681,0.526315789473684,0.353383458646617,0.0685920577617328,-43.7139084484186,0.312250305503194,1
"1034",2020,"N. Starkel","San José State",202,0.154792742763548,0.28885750065075,45.646050998577,-4.80683204434901,0.469194312796209,0.33175355450237,0.0194174757281553,-31.507348921905,0.193550800730938,1
"1035",2020,"N. Tronti","Florida Atlantic",148,-0.272209310993451,0.0815598370700057,-12.1893139772439,-17.2440283457943,0.359605911330049,0.231527093596059,0.0691823899371069,-13.3484139725746,-0.144991834103637,1
"1036",2020,"N. Vedral","Rutgers",214,-0.0911673018931747,-0.263263063241033,-46.2996092655768,5.37531351607374,0.376344086021505,0.240143369175627,0.0655021834061135,-42.0328643493345,-0.14668206361829,1
"1037",2020,"P. Hutchinson","Eastern Michigan",198,0.111664608525346,0.552795609507931,55.0477675276752,12.0671259806551,0.501754385964912,0.329824561403509,0.0704225352112676,-27.8039857263004,0.235490854415194,1
"1038",2020,"P. Jurkovec","Boston College",305,0.109680247854681,0.265080535047626,42.4347240649873,13.1111152511058,0.479674796747967,0.306233062330623,0.046875,-33.7028518075873,0.150530729853911,1
"1039",2020,"P. Ramsey","Northwestern",244,0.0358896786513136,0.251791603828503,28.5399787381515,5.97444506692557,0.424528301886793,0.295597484276729,0.0393700787401575,-21.6412128167601,0.108535923915337,1
"1040",2020,"R. Bowers","Northern Illinois",208,0.0193776323031027,-0.309725609077069,-10.6640300696126,-8.59392551234926,0.414847161572052,0.25764192139738,0.0588235294117647,-29.7740108192739,-0.0840958759037634,1
"1041",2020,"R. Culpepper","Syracuse",186,-0.398590301723531,-0.105706968885693,-48.7509941878318,-12.2952455767105,0.301435406698565,0.200956937799043,0.0461538461538461,-50.8130267736986,-0.292087271600681,1
"1042",2020,"R. Lombardi","Michigan State",154,-0.183849599387498,0.188679496325793,-7.44739157577618,-3.09545128097365,0.372972972972973,0.275675675675676,0.0375,-44.443121953758,-0.0569883397662153,1
"1043",2020,"S. Bennett","Georgia",155,-0.0270120898566969,0.185561535992263,-1.43231749383747,9.13899733457736,0.430167597765363,0.318435754189944,0.03125,-30.0837261419978,0.0430540773225693,1
"1044",2020,"S. Buechele","SMU",367,0.084332018687562,0.427315257150336,65.5230161060578,13.8769631209283,0.456470588235294,0.322352941176471,0.0516795865633075,-37.0508536259266,0.186823480534085,1
"1045",2020,"S. Clifford","Penn State",221,0.121712275893875,0.0782744029178299,21.949797010955,12.5231680429427,0.448387096774194,0.319354838709677,0.0753138075313807,-49.105285476463,0.11120311307709,1
"1046",2020,"S. Ehlinger","Texas",303,0.154913068086405,0.0936119818529562,46.3793150566985,9.80790270132754,0.444987775061125,0.283618581907091,0.0590062111801243,-21.3982199978323,0.137377060533071,1
"1047",2020,"S. Hartman","Wake Forest",265,0.0558081703714592,0.317400143777466,55.7435700335116,-8.66337307701224,0.435975609756098,0.332317073170732,0.083044982698962,-30.2164264753954,0.143537185842986,1
"1048",2020,"S. Howell","North Carolina",348,0.300570007114745,0.269033037721946,114.066724767966,14.8726965762777,0.486363636363636,0.35,0.0866141732283465,-36.8621858284067,0.293044139418736,1
"1049",2020,"S. Noyer","Colorado",155,-0.250380432260681,0.311614706382862,-21.9501410286432,9.65019741386876,0.416666666666667,0.308823529411765,0.0372670807453416,-47.2008638537337,-0.0602938412488941,1
"1050",2020,"S. Petras","Iowa",242,0.00956496670821136,-0.193884265573613,-11.2748903238268,-2.58369661295107,0.441605839416058,0.266423357664234,0.0434782608695652,-30.9393304035544,-0.0505787844407952,1
"1051",2020,"S. Rattler","Oklahoma",272,0.240697868263129,0.368225259824838,101.827083458248,-8.52669992309101,0.510263929618768,0.36950146627566,0.0684931506849315,-26.3346360056458,0.273608162859699,1
"1052",2020,"S. Sanders","Oklahoma State",245,0.0333013397731348,0.0216234167564198,23.6178073320235,-13.3130635408889,0.460410557184751,0.302052785923754,0.0648854961832061,-48.2784350735477,0.0302191900033273,1
"1053",2020,"S. Werts","Georgia Southern",131,0.0916061025771249,-0.353092971084486,-19.4950231511527,9.73868674574909,0.429602888086642,0.263537906137184,0.0839160839160839,-34.2952810791605,-0.0352214310664393,1
"1054",2020,"T. Finley","LSU",138,-0.156954990171203,0.188273548227057,-11.4788097824336,2.18352480535739,0.425149700598802,0.275449101796407,0.0482758620689655,-36.0029661922958,-0.0556603890842883,1
"1055",2020,"T. Gebbia","Oregon State",127,0.0463977828423419,-0.195778735438816,-10.3749278546273,6.97759038180055,0.452054794520548,0.23972602739726,0.0592592592592592,-17.2710390831485,-0.0232694347453885,1
"1056",2020,"T. Lawrence","Clemson",296,0.294114406045996,0.224867060281149,94.6133377767159,2.21581288908964,0.521489971346705,0.349570200573066,0.0358306188925081,-27.1790070963669,0.277447423111191,1
"1057",2020,"T. Morgan","Minnesota",154,0.153300627380732,0.209248981297021,25.4689986062685,3.73753091857996,0.456647398843931,0.317919075144509,0.0609756097560975,-16.5453656192326,0.168823870085829,1
"1058",2020,"T. Pigrome","Western Kentucky",291,0.00122127954750409,-0.126878080159004,-30.7477765069898,15.4751819639009,0.411616161616162,0.265151515151515,0.0612903225806451,-16.8751099829873,-0.038567157937093,1
"1059",2020,"T. Shough","Oregon",151,0.264074062154748,0.556666649024774,54.9258824596626,14.0744851630015,0.51207729468599,0.376811594202899,0.05625,-28.1913467516061,0.333335109288232,1
"1060",2020,"T. Tagovailoa","Maryland",120,0.0602010759893696,0.0928572871359675,4.16445936158196,5.96891373618035,0.448275862068966,0.324137931034483,0.0697674418604651,-25.8309025689937,0.0698853317087055,1
"1061",2020,"T. Vitt","Texas State",114,0.015821092218518,0.0490660480680856,-7.23587262596654,10.9230136005084,0.449664429530201,0.322147651006712,0.073170731707317,-30.0358406863562,0.0247459125808181,1
"1062",2020,"T. Wilson","Kentucky",196,-0.0246314413729446,-0.374572674004184,-38.6897602610468,-0.519692878906359,0.391304347826087,0.234113712374582,0.0485436893203884,-31.3558126538871,-0.131135294782452,1
"1063",2020,"W. Howard","Kansas State",166,-0.100835956502825,-0.0504908750165305,-11.3260597585234,-8.99858170183089,0.385245901639344,0.282786885245902,0.0348837209302326,-44.219093253575,-0.0832977109030913,1
"1064",2020,"W. Rogers","Mississippi State",309,-0.077588537573626,-0.109380091326206,-38.7474670204957,10.2119826331246,0.414925373134328,0.229850746268657,0.055045871559633,-41.8908555498233,-0.085180550410063,1
"1065",2020,"Z. Gibson","Akron",131,-0.304386726268843,-0.377372856209394,-46.4375979025725,-11.4779742067562,0.368715083798883,0.251396648044693,0.16025641025641,-32.3987477782517,-0.323550682175021,1
"1066",2020,"Z. Smith","Tulsa",232,0.0230069580389614,-0.176085756309734,-1.86566476439382,-9.75674293231526,0.437735849056604,0.286792452830189,0.0607287449392712,-49.6508897635759,-0.0438581422517325,1
"1067",2020,"Z. Thomas","App State",284,0.0244122383798405,0.443148963051531,39.9212128903259,16.9449508763072,0.475935828877005,0.299465240641711,0.0657894736842105,-43.9267253462167,0.152048566220944,1
"1068",2020,"Z. Wilson","BYU",310,0.402077878217388,0.498888012520534,138.515018801141,20.6195317624598,0.554376657824934,0.387267904509284,0.03125,-22.5888172046312,0.422107561176659,1
"1069",2021,"A. Aune","North Texas",249,0.057744229102719,0.210488448345015,23.5890146323277,12.0864548572648,0.423948220064725,0.3042071197411,0.0348837209302325,-30.0142614680004,0.117062372497785,1
"1070",2021,"A. Brown","Oregon",385,0.121988069888815,0.350576123851692,57.7030835042849,34.7471242219988,0.476547842401501,0.302063789868668,0.0540540540540541,-56.6106076866114,0.173452547328862,1
"1071",2021,"A. Kendall","Louisiana Tech",227,0.160903108505004,0.26791084075479,48.0749772355072,7.0928644144111,0.45993031358885,0.313588850174216,0.065843621399177,-39.1889168837526,0.192222444773234,1
"1072",2021,"A. Martinez","Nebraska",293,0.319240352961238,0.186873976407441,72.582710003271,46.9690932425386,0.477541371158392,0.312056737588652,0.0815047021943573,-42.0981340719589,0.282628376467635,1
"1073",2021,"A. Marty","Northwestern",104,0.0132744494893818,0.143752995693175,-3.87099934754977,11.3688146104951,0.453947368421052,0.263157894736842,0.0956521739130436,-25.3006449328065,0.0493277319930615,1
"1074",2021,"A. Mayer","Miami (OH)",120,0.264848380526525,0.055411207153843,25.2892478930342,3.668555287382,0.454545454545454,0.342657342657343,0.04,-7.01713190564804,0.196012386480958,1
"1075",2021,"A. O'connell","Purdue",420,0.292213452171918,0.266446643921016,123.314968102538,3.56768894594295,0.515765765765766,0.36036036036036,0.0389016018306636,-62.1259854550178,0.285771750109192,1
"1076",2021,"A. Padilla","Iowa",104,-0.147927188407822,-0.119582721135969,-16.9641449526192,0.198733846146833,0.338842975206612,0.190082644628099,0.063063063063063,-5.82105985026714,-0.138557116582416,1
"1077",2021,"A. Sitkowski","Illinois",154,-0.0122221297342652,-0.057694529473188,-20.8332102001663,15.4433266278776,0.409574468085106,0.228723404255319,0.0609756097560975,-10.3226061113873,-0.0286695934696203,1
"1078",2021,"B. Armstrong","Virginia",489,0.224247560353926,0.523494084112628,136.31454351681,29.8821225700052,0.507692307692308,0.343589743589744,0.0578034682080925,-54.7573213473194,0.284096865105666,1
"1079",2021,"B. Bryant","Eastern Michigan",392,0.0909869978048714,0.295672811774037,63.571890640181,4.04996881618233,0.462845010615711,0.299363057324841,0.0841121495327103,-23.1492819078849,0.14357082687126,1
"1080",2021,"B. Burmeister","Virginia Tech",235,0.232749752564566,0.00712042936947395,27.2282624738788,28.695314826457,0.453488372093023,0.296511627906977,0.0926640926640927,-18.1277332207895,0.162568538663767,1
"1081",2021,"B. Gabbert","Miami (OH)",273,0.402582733559501,0.00524678007953917,103.36556321316,-5.5050589451585,0.470769230769231,0.329230769230769,0.048780487804878,-24.4670635522694,0.301109243901542,1
"1082",2021,"B. Lewis","Colorado",234,0.0180570665958873,0.0109088356135701,-10.2729282070652,12.6425150128099,0.390769230769231,0.258461538461538,0.110266159695817,-12.4320577506114,0.0156596598972024,1
"1083",2021,"B. Mcbride","Texas State",223,-0.085140110172772,0.379868106592546,9.77570011149902,1.64055340411621,0.419928825622776,0.295373665480427,0.0666666666666667,-47.4449457213892,0.0406272367103746,1
"1084",2021,"B. Nix","Auburn",323,0.0932627930726932,0.023820560158048,15.6785942038096,12.2853265691901,0.446194225721785,0.280839895013123,0.0386904761904762,-27.4349181867216,0.0733961175144351,1
"1085",2021,"B. Olson","Massachusetts",205,-0.195720513913973,-0.426363999372901,-60.4129249485677,-1.55182494561618,0.35,0.266666666666667,0.0375586854460094,-56.8609293547557,-0.258186457892433,1
"1086",2021,"B. Peters","Illinois",160,0.198388580778137,-0.0650371897755684,11.518501477099,7.8071161446661,0.390862944162437,0.294416243654822,0.0804597701149425,-4.34792498065924,0.0980995818363712,1
"1087",2021,"B. Purdy","Iowa State",398,0.246955595677032,0.0765544376496178,92.3867382279383,3.3354848040917,0.49163179916318,0.294979079497908,0.0478468899521531,-40.9503628864193,0.200255696719728,1
"1088",2021,"B. Schager","Hawai'i",106,-0.222883405583483,-0.28249916006049,-27.5956148782578,-1.41579246188643,0.391666666666667,0.241666666666667,0.0782608695652174,-29.3125459182418,-0.241761727834535,1
"1089",2021,"B. Young","Alabama",541,0.171963154438216,0.540614761819677,158.949524976751,11.4196335534313,0.47588424437299,0.326366559485531,0.0672413793103448,-38.3023316224426,0.273905399566209,1
"1090",2021,"B. Zappe","Western Kentucky",679,0.371931369977656,0.381073549287478,268.421322941834,3.93255562008357,0.536351165980796,0.352537722908093,0.0216138328530259,-52.3372282258979,0.373599284721423,1
"1091",2021,"C. Bazelak","Missouri",342,0.0754989197440343,0.271037805180775,46.4458991564512,-0.121929063369778,0.475935828877005,0.283422459893048,0.0311614730878187,-41.9783025431574,0.136147344104093,1
"1092",2021,"C. Bradley","Toledo",116,-0.0454698447092964,-0.909475414257851,-39.5107499861074,-7.48790379109006,0.345323741007194,0.18705035971223,0.0866141732283465,-8.04331086965187,-0.331399745423206,1
"1093",2021,"C. Brice","App State",372,0.231600907586801,0.229725998910459,95.311963576891,6.83064853531408,0.490950226244344,0.341628959276018,0.0437017994858612,-55.4406224200901,0.231091882606799,1
"1094",2021,"C. Cordeiro","Hawai'i",309,0.151787365392559,0.296919433098403,54.5947384078616,21.1740110044495,0.467005076142132,0.286802030456853,0.060790273556231,-53.5934440492101,0.192306470589622,1
"1095",2021,"C. Cunningham","Middle Tennessee",163,0.31270055508909,0.141998705484192,45.8643768337203,8.45334225894185,0.482587064676617,0.313432835820895,0.0467836257309941,-10.5870303192875,0.270237408421205,1
"1096",2021,"C. Friel","UNLV",205,-0.017367608662077,0.137462707916154,13.5689979108722,-5.24807117292022,0.423868312757202,0.312757201646091,0.092920353982301,-32.836566044717,0.0342424968639999,1
"1097",2021,"C. Garbers","California",346,0.105347884343097,0.115063882146378,8.25146442998151,40.5736192036912,0.473333333333333,0.273333333333333,0.0623306233062331,-29.4986197966681,0.108500185852606,1
"1098",2021,"C. Mcnamara","Michigan",322,0.121439632178966,0.274692755927799,59.2779672245142,-0.202573773633285,0.456824512534819,0.289693593314763,0.033033033033033,-30.3924599376437,0.164555413512203,1
"1099",2021,"C. Nolan","Oregon State",302,0.303547530494769,0.246992328123722,84.4992854079539,21.5922286142955,0.502702702702703,0.327027027027027,0.0412698412698413,-29.6770054485253,0.286733821681755,1
"1100",2021,"C. Reynolds","Charlotte",297,0.147725813965285,0.617606924503704,106.686147995865,0.745728296686714,0.477690288713911,0.362204724409449,0.054140127388535,-59.866856788865,0.27845389196285,1
"1101",2021,"C. Rising","Utah",292,0.295738340893384,0.50474197292254,82.3279143483364,45.0894520707608,0.570247933884298,0.393939393939394,0.0201342281879195,-23.1261717949377,0.351012028702748,1
"1102",2021,"C. Rogers","UL Monroe",168,-0.0137710804478395,0.127167441599299,13.8162877969217,-5.80258459189272,0.399305555555556,0.232638888888889,0.120418848167539,-16.8636103421509,0.0278253583507952,1
"1103",2021,"C. Strong","Nevada",503,0.174911763474518,0.310788090829361,123.392069687588,-8.43966660163436,0.46,0.301818181818182,0.0598130841121496,-33.0030929400986,0.209004369247188,1
"1104",2021,"C. Stroud","Ohio State",441,0.394118258717431,0.692781713218095,217.072452710471,0.70514638544354,0.551797040169133,0.346723044397463,0.0286343612334801,-37.6235050364618,0.460417757073815,1
"1105",2021,"C. Thompson","Texas",250,0.245724851771868,0.409818446977091,72.1598678225864,15.9145306663232,0.495049504950495,0.33003300330033,0.0566037735849057,-24.0097909095955,0.290674582471649,1
"1106",2021,"C. Tune","Houston",412,0.108032132820597,0.514373779597666,92.7204931415965,17.473868061959,0.474806201550387,0.327519379844961,0.0782997762863535,-47.7059418466959,0.213554963572782,1
"1107",2021,"C. Williams","Oklahoma",211,0.306550335004661,0.503459315581536,76.1860177798509,29.2114135703667,0.461016949152542,0.345762711864407,0.102127659574468,-13.9333206593025,0.357279428305822,1
"1108",2021,"D. Brin","Tulsa",383,0.164073420411589,0.0575011079982062,63.9339235951043,-5.64509043216007,0.487528344671202,0.321995464852608,0.0448877805486284,-80.2454165945095,0.132174224859284,1
"1109",2021,"D. Crum","Kent State",361,0.24621118749262,-0.0157119997986095,56.2803794360289,39.6585820217012,0.49609375,0.298828125,0.092964824120603,-44.2430267891332,0.187380784097129,1
"1110",2021,"D. Finn","Toledo",237,0.0880612030287025,0.498247931791627,25.0661105365038,46.7137448270734,0.408823529411765,0.285294117647059,0.07421875,-12.9997321533142,0.21111722165758,1
"1111",2021,"D. Grainger","Georgia State",196,0.294688913556789,0.181583955430398,64.4355643119567,18.0481060838261,0.490196078431373,0.339869281045752,0.0531400966183575,-15.6802391995487,0.269554478417591,1
"1112",2021,"D. Grosel","Boston College",173,-0.0253372577053804,0.0411011221085956,-15.5648368831237,15.3152839663603,0.428571428571428,0.267281105990783,0.0648648648648648,-19.5047932912074,-0.00115001344130613,1
"1113",2021,"D. Hopkins","UAB",235,0.130151814956755,0.231191748243482,41.1640357515214,11.32492977799,0.479750778816199,0.336448598130841,0.116541353383459,-41.2411776164742,0.163517026571687,1
"1114",2021,"D. Irons","Akron",109,0.06618550800761,0.035083400997255,3.47275806489325,7.93653356610676,0.417525773195876,0.324742268041237,0.192592592592593,-37.8056083286544,0.058810781603093,1
"1115",2021,"D. Leary","NC State",422,0.171012470271083,0.123524283707329,75.7875688096842,-1.27142001239306,0.439075630252101,0.30672268907563,0.053811659192825,-28.4338905919051,0.156546531086746,1
"1116",2021,"D. Mack","Old Dominion",147,-0.0118907486256622,0.247452054391629,-9.14879540613343,19.0645204936973,0.403755868544601,0.267605633802817,0.0925925925925926,-28.1841135252878,0.0465526999416146,1
"1117",2021,"D. Morris","Washington",306,0.00648265289612263,0.395810417674936,34.0347334818829,7.54333396862795,0.448275862068966,0.270114942528736,0.0555555555555556,-32.7545355257674,0.11947720531756,1
"1118",2021,"D. Plitt","Ball State",374,0.0406610901900146,0.0109797317234184,3.6252939895152,10.2309725577254,0.441241685144124,0.257206208425721,0.0579345088161209,-32.7250379349524,0.0307234291513095,1
"1119",2021,"D. Richardson","Central Michigan",283,0.300876923316067,0.393068338247833,108.353329565538,-10.850716848999,0.47682119205298,0.317880794701987,0.0207612456747405,-30.6491689944555,0.322856333498474,1
"1120",2021,"D. Ridder","Cincinnati",387,0.204518315059386,-0.203536806676481,23.111637672693,28.3422034299274,0.482828282828283,0.292929292929293,0.0537897310513447,-64.8080103242449,0.103947153742667,1
"1121",2021,"D. Smith","Texas Tech",136,0.0625392034839862,-0.0222350091676238,16.9878037539156,-10.1515036567384,0.421875,0.239583333333333,0.0620689655172414,-22.107678744483,0.0356057296727977,1
"1122",2021,"D. Thompson-Robinson","UCLA",276,0.307669468529906,0.28961482879937,73.4599505585572,48.1288375817229,0.539800995024876,0.323383084577114,0.0515463917525774,-23.9839726748362,0.302459671990746,1
"1123",2021,"D. Trotter","South Alabama",123,-0.0719475676924807,0.21975894997658,4.92956740575076,0.845370120518507,0.429447852760736,0.263803680981595,0.0538461538461538,-22.4821927625712,0.0354290645783391,1
"1124",2021,"D.J. Uiagalelei","Clemson",366,-0.0343698759338203,-0.149246442647701,-44.3752891768069,12.9998369279204,0.410752688172043,0.253763440860215,0.0493506493506494,-59.0391907311439,-0.0674740908578204,1
"1125",2021,"E. Jones","Florida",336,0.126197070778074,0.0579238552638341,47.6029416284555,3.98028661764106,0.48326359832636,0.307531380753138,0.031700288184438,-72.1029384092014,0.107914703443717,1
"1126",2021,"F. Harris","UTSA",386,0.207599489227861,0.292542762494705,93.3477737881448,20.3811730189477,0.478701825557809,0.324543610547667,0.0374064837905236,-37.3581942861666,0.230687518878484,1
"1127",2021,"G. Bohanon","Baylor",276,0.225153565587196,0.0381388285432093,38.3603670758412,24.0968210997642,0.488505747126437,0.316091954022988,0.031578947368421,-36.5202112532744,0.179474678665533,1
"1128",2021,"G. Hardison","UTEP",291,0.268523506026208,0.62007227384145,130.827904078851,-3.51352252784834,0.468277945619335,0.362537764350453,0.0459016393442623,-40.5928007430297,0.383228239935713,1
"1129",2021,"G. Holmberg","Duke",320,0.0431960269357965,0.104477233578862,23.2204360421705,1.38477049246824,0.459057071960297,0.287841191066998,0.0504451038575668,-45.0128239847651,0.0615955951834663,1
"1130",2021,"G. Mccall","Coastal Carolina",235,0.365319060902182,1.01402126820568,171.243297308432,-12.0116825160045,0.595679012345679,0.388888888888889,0.06,-20.7803502286411,0.491455601211195,1
"1131",2021,"G. Mertz","Wisconsin",271,0.147734795260052,-0.278055491974509,-13.771789608247,10.7340138036029,0.467532467532468,0.292207792207792,0.0457746478873239,-47.8709070713171,-0.00986290845663659,1
"1132",2021,"G. Shrader","Syracuse",224,0.079384392201029,0.0146518149373492,-14.0570773666882,37.328465445649,0.40920716112532,0.250639386189258,0.0931174089068825,-13.6905060547388,0.0595176165702323,1
"1133",2021,"G. Watson","Troy",198,0.0305333027446227,0.537603774083232,38.9548013699869,0.844239081818129,0.46875,0.294642857142857,0.0790697674418605,-19.7128959190825,0.177674287731273,1
"1134",2021,"G. Wells","Marshall",429,0.181498796938917,-0.101383488161596,52.235471083508,9.66489171445813,0.452674897119342,0.283950617283951,0.0359550561797753,-56.9551800387614,0.127367001641906,1
"1135",2021,"H. Ahlers","East Carolina",392,0.096529922478395,0.199322191323977,44.6675613877807,21.5484728211905,0.444664031620553,0.292490118577075,0.0841121495327103,-51.5568372786017,0.130861727685714,1
"1136",2021,"H. Bachmeier","Boise State",367,0.149959962944539,0.451202331028136,89.3246138470874,11.0099793475957,0.47877358490566,0.334905660377359,0.0541237113402062,-27.4877989079735,0.236638191496894,1
"1137",2021,"H. Colombi","Texas Tech",147,0.178612727170914,0.144870865766073,29.4368048508224,1.48484400825646,0.445054945054945,0.291208791208791,0.0576923076923077,-23.3386445252177,0.169899169555378,1
"1138",2021,"H. Hooker","Tennessee",296,0.183231179819468,0.301389716252665,81.1966073176093,16.1933461930915,0.471615720524018,0.294759825327511,0.103030303030303,-36.2931779325062,0.21264181989236,1
"1139",2021,"H. Wolff","Old Dominion",213,0.201124679120107,0.137677512589077,41.8441741839175,-0.387168194228185,0.464601769911504,0.327433628318584,0.0533333333333334,-29.3818387370776,0.183438079600395,1
"1140",2021,"J. Bean","Kansas",181,0.0322150216030665,-0.229705156790211,-19.3899431553355,2.94366186240881,0.385185185185185,0.248148148148148,0.0423280423280423,-35.0557493219677,-0.0609121529367654,1
"1141",2021,"J. Bentley","South Alabama",240,0.221015374527777,0.775626256376027,94.1240315562828,9.58539460675647,0.509225092250923,0.380073800738007,0.0588235294117648,-26.6522713255676,0.38269160945771,1
"1142",2021,"J. Blackman","Arkansas State",167,0.158531934096039,-0.0759723392264127,20.7393119916256,-1.63994535953341,0.421052631578947,0.278947368421053,0.0722222222222222,-13.7061676422222,0.100522982274169,1
"1143",2021,"J. Brown","South Carolina",104,-0.169348830098628,0.382117249886333,1.4810682211278,-0.508519133337376,0.398305084745763,0.279661016949153,0.0714285714285714,-23.3193334798884,0.0082419414219527,1
"1144",2021,"J. Coan","Notre Dame",382,0.0945530958111183,0.311029257424711,73.6527872647688,-4.00207719392069,0.446469248291572,0.30751708428246,0.0772946859903382,-27.6491668702149,0.158657653919927,1
"1145",2021,"J. Constantine","Rice",205,0.23650222136342,0.207835415454781,54.1332511613342,-1.12091041498794,0.489270386266094,0.343347639484979,0.0596330275229358,-27.5895545043122,0.227520775735392,1
"1146",2021,"J. Daniels","Arizona State",296,0.123415338154322,0.174802652461907,3.85431933643657,55.7303590917559,0.472222222222222,0.296296296296297,0.0807453416149068,-56.5014367353603,0.137927496361557,1
"1147",2021,"J. Daniels","Kansas",114,0.193775402746855,0.136570827915366,20.2704289991731,4.96677565754646,0.462068965517241,0.331034482758621,0.05,-11.5438128410679,0.174049687287721,1
"1148",2021,"J. Dart","USC",211,0.0738393209406604,0.401289560593292,40.1442642875761,-2.49010900805774,0.421276595744681,0.285106382978723,0.0276497695852534,-22.2502666346393,0.16023044799795,1
"1149",2021,"J. Doege","West Virginia",400,0.0267708009917477,0.35960627280357,57.0340516374359,-1.5963117105647,0.45610278372591,0.306209850107066,0.0825688073394495,-46.7911348426987,0.118710363869103,1
"1150",2021,"J. Haener","Fresno State",467,0.179674813699996,0.317053141026375,113.429278390109,0.365765809912305,0.512104283054004,0.325884543761639,0.0469387755102041,-72.5458543564402,0.211908834636912,1
"1151",2021,"J. Hall","BYU",294,0.305269834577955,0.168149659933422,73.9910665015384,22.8926595887838,0.491573033707865,0.328651685393258,0.0423452768729642,-20.3437482774985,0.272145298006523,1
"1152",2021,"J. Johnson","New Mexico State",404,-0.0493695411869001,0.0879372458679541,-15.0920215233735,8.14295268683254,0.450867052023121,0.28131021194605,0.071264367816092,-63.7960190365047,-0.0133893426522947,1
"1153",2021,"J. Lange","Southern Miss",128,-0.0735335799497702,-0.236236508451116,-13.9928983082397,-3.36691712717648,0.381578947368421,0.296052631578947,0.117241379310345,-24.7697954963937,-0.114209312075107,1
"1154",2021,"J. Laura","Washington State",349,0.102214490372977,0.153169069868239,42.8246335681112,2.39046984988209,0.441624365482233,0.291878172588832,0.0438356164383562,-40.8160673941189,0.114759145730948,1
"1155",2021,"J. Lynch","Temple",137,0.0694817600290982,-0.437432339594459,-21.9545291452907,4.9780610546826,0.384615384615385,0.245192307692308,0.0551724137931034,-8.3073942351561,-0.0816176350510006,1
"1156",2021,"J. Plummer","Purdue",121,0.0695424084514249,0.248634080958159,24.4148938457057,-7.67531718465242,0.466216216216216,0.256756756756757,0.0692307692307692,-4.81605890240477,0.11310524770982,1
"1157",2021,"J. Sims","Georgia Tech",171,0.174778972529876,0.472307035528125,34.7255812694197,24.4966891179943,0.485106382978723,0.285106382978723,0.05,-30.8954162151473,0.252009661223039,1
"1158",2021,"J. Sirmon","Central Michigan",107,0.0517724588181434,0.00224632479655513,-0.691043637220887,2.69279151321601,0.390977443609023,0.263157894736842,0.130081300813008,-14.2617277220345,0.0372497578644446,1
"1159",2021,"J. Tomlin","Georgia Southern",133,-0.159066110514149,-0.236775800005334,-29.3523455823647,-7.90784824791153,0.356435643564356,0.222772277227723,0.0699300699300699,-37.5386091567642,-0.184456405100378,1
"1160",2021,"J. Travis","Florida State",188,0.150757928145862,0.143528765329967,25.1813449921458,22.303184409849,0.442006269592477,0.278996865203762,0.121495327102804,-17.849705449517,0.148854324144184,1
"1161",2021,"J. Yates","Georgia Tech",142,0.0064790170928453,-0.200915866167694,-13.4026694764216,3.0584433640291,0.413265306122449,0.224489795918368,0.1125,-3.74616764505338,-0.0527766638387374,1
"1162",2021,"K. Eleby","Western Michigan",337,0.245319647531019,0.504293535963692,124.008061024706,10.3347229568716,0.497630331753555,0.341232227488152,0.0741758241758242,-31.2982707756163,0.318347829340232,1
"1163",2021,"K. Jefferson","Arkansas",279,0.221827871372099,0.311629705184542,78.0092011423965,24.2076795504666,0.467153284671533,0.301703163017032,0.0792079207920792,-20.6195958669899,0.248702872732027,1
"1164",2021,"K. Pickett","Pittsburgh",463,0.171402478052683,0.556535253336447,125.267393401334,28.7104191159506,0.496415770609319,0.336917562724014,0.0589430894308943,-52.2161722958871,0.271481783457963,1
"1165",2021,"K. Rourke","Ohio",246,0.0581352727641202,0.121500791554841,10.5237669662349,12.1662949970493,0.45859872611465,0.277070063694267,0.0646387832699619,-43.491500091047,0.0722613438321151,1
"1166",2021,"K. Seals","Vanderbilt",194,-0.240441348616489,0.292247607712058,-16.0068575980119,-0.5119712899877,0.407079646017699,0.234513274336283,0.0536585365853658,-38.8306883777118,-0.0730921632212374,1
"1167",2021,"K. Slovis","USC",278,0.312073861848368,-0.262350139854474,60.8059598587882,-7.70555528532509,0.491638795986622,0.317725752508361,0.0313588850174216,-35.915181393073,0.177593326332652,1
"1168",2021,"K. Vantrease","Buffalo",248,0.117626100723296,0.187639012187286,34.0385826508569,4.98784884903322,0.457142857142857,0.310714285714286,0.0387596899224806,-33.990522337926,0.139380112499607,1
"1169",2021,"L. Bonner","Utah State",389,0.184865200378876,0.600237981054891,149.876945749268,-7.0851683928132,0.482608695652174,0.36304347826087,0.0535279805352798,-48.1270462776065,0.31308897180495,1
"1170",2021,"L. Doty","South Carolina",141,-0.0155217408124345,-0.388179180921449,-15.0192685092144,-8.16215185733259,0.352601156069364,0.260115606936416,0.0662251655629139,-24.0405107915629,-0.133996649517613,1
"1171",2021,"L. Hatcher","Arkansas State",314,0.136625796701887,0.159591272350035,42.2976377673052,8.82141722856644,0.424157303370787,0.311797752808989,0.0598802395209581,-50.323797321274,0.143592851111999,1
"1172",2021,"L. Johnson","San Diego State",206,0.063638455241178,-0.156556855843189,0.074937677656844,2.84823134317949,0.447470817120623,0.284046692607004,0.0593607305936073,-29.0982117876618,0.011374198524655,1
"1173",2021,"L. Lewis","Louisiana",364,0.143987166813389,0.267522758286516,55.3067346623694,24.4966516979246,0.456953642384106,0.311258278145695,0.0594315245478037,-23.5943810004639,0.176166415806389,1
"1174",2021,"L. Williams","Wyoming",111,0.0909628467559688,0.322861767566215,10.6741400808629,20.9545278813895,0.43956043956044,0.307692307692308,0.075,-24.651416130047,0.173783889902485,1
"1175",2021,"M. Bortenschlager","Florida International",254,0.33509495851553,0.242094648707327,91.2557988868803,-3.47196388568233,0.396491228070176,0.301754385964912,0.0797101449275363,-34.9240959346647,0.306379073381769,1
"1176",2021,"M. Corral","Ole Miss",380,0.280192348347345,0.215977568252941,71.3431487027406,67.3923644431881,0.483870967741935,0.341555977229601,0.0523690773067332,-30.5600885631945,0.263255243161155,1
"1177",2021,"M. Cunningham","Louisville",333,0.219303581239445,0.331692189737289,73.0384720499306,54.5845486579344,0.49203187250996,0.326693227091634,0.0485714285714286,-22.0288939618791,0.254229124916066,1
"1178",2021,"M. Duggan","TCU",216,0.191891236517448,0.527285618362292,70.1832624397871,22.2684464837966,0.468152866242038,0.321656050955414,0.076923076923077,-35.9897095664988,0.294432194024152,1
"1179",2021,"M. Johnson","LSU",348,0.142019379873938,0.11743993995833,62.3590468088948,-6.02367439082826,0.45346062052506,0.303102625298329,0.0744680851063831,-39.5446146385357,0.134451962811615,1
"1180",2021,"M. Keene","UCF",251,0.0134320993785376,0.177064650133476,21.6760095590475,-3.47506096848681,0.399293286219081,0.275618374558304,0.0528301886792453,-26.4107567243789,0.0643143059737127,1
"1181",2021,"M. Mcdonald","Bowling Green",354,-0.0460914208108174,0.326168362052779,3.66421655907457,23.3751137122763,0.387470997679814,0.250580046403712,0.0923076923076923,-40.106032050274,0.0627362651307445,1
"1182",2021,"M. Milton","Florida State",136,-0.149437157522993,-0.413176612695934,-21.7086044834231,-16.6981130367367,0.389221556886228,0.209580838323353,0.0684931506849315,-32.7041095926359,-0.229980344432095,1
"1183",2021,"M. Penix","Indiana",161,-0.223629417938719,-0.0534505581780212,-30.0892007256104,-0.303547822465146,0.389830508474576,0.248587570621469,0.0473372781065089,-32.0955805243478,-0.171710443774438,1
"1184",2021,"M. Pratt","Tulane",318,0.0713671955752567,0.0331469375000161,30.7690427919238,-5.5672795891458,0.408114558472554,0.281622911694511,0.0728862973760933,-57.1156941792005,0.0601474062118806,1
"1185",2021,"M. Willis","Liberty",328,0.222372077665774,0.283164067575562,26.0248329529459,99.2921783988656,0.481904761904762,0.333333333333333,0.136842105263158,-49.7828566372761,0.238699069241546,1
"1186",2021,"M. Wright","Vanderbilt",166,-0.0631812793862526,0.296311751892636,-8.40467685621316,21.1356690394547,0.379032258064516,0.25,0.0777777777777778,-31.539012391973,0.0513346459001674,1
"1187",2021,"N. Nash","San José State",122,0.237500428656747,0.325106337543298,36.7988622178396,12.0563019961833,0.473404255319149,0.329787234042553,0.0542635658914728,-8.73209555818973,0.259867894755441,1
"1188",2021,"N. Starkel","San José State",201,0.234119813153145,-0.0735255665785086,29.3355391880709,0.769151144144617,0.47196261682243,0.336448598130841,0.0563380281690141,-29.1007996084884,0.140676123047736,1
"1189",2021,"N. Vattiato","Middle Tennessee",147,0.164423837831177,-0.315756575138366,2.92338077252274,4.01279292385269,0.408805031446541,0.245283018867925,0.0264900662251656,-21.1301770928239,0.0436237339394681,1
"1190",2021,"N. Vedral","Rutgers",290,0.00432131913693119,-0.34256032907045,-39.9910997158763,2.13622760277493,0.383631713554987,0.230179028132992,0.0614886731391586,-26.5272609601953,-0.0968155297010267,1
"1191",2021,"P. Thorne","Michigan State",374,0.210875343810995,0.368789112312122,97.3009045052141,20.6493813683266,0.463576158940397,0.32008830022075,0.0483460559796438,-37.1338271041671,0.260375907005609,1
"1192",2021,"R. Hilinski","Northwestern",166,-0.0771869267495433,-0.313011106195379,-21.6393423979028,-7.49289895665314,0.345744680851064,0.23936170212766,0.0459770114942529,-21.1139592744641,-0.15495873060934,1
"1193",2021,"R. Lombardi","Northern Illinois",326,0.205197491415969,0.461929121651494,79.7000327147737,43.5562757753504,0.48910411622276,0.331719128329298,0.021021021021021,-42.0904147085183,0.298441424915555,1
"1194",2021,"R. Rodriguez","UL Monroe",107,-0.079543291553342,0.681570131787725,24.0303242507165,0.924118995059153,0.411764705882353,0.330882352941176,0.0614035087719298,-5.58307074564183,0.183488553277762,1
"1195",2021,"S. Bennett","Georgia",287,0.409657030614346,0.0296096133953341,80.9651408593681,23.4427160055464,0.527696793002915,0.34402332361516,0.0465116279069768,-37.22213116043,0.30439608415427,1
"1196",2021,"S. Chambers","Wyoming",163,0.00258504296892251,0.079303156520622,-7.97376758777066,14.097201732283,0.413793103448276,0.245689655172414,0.0738636363636364,-35.1987845523551,0.0263941126918636,1
"1197",2021,"S. Clifford","Penn State",423,0.0146371816489172,0.417000437886654,55.6639248534518,10.7509937412905,0.41412213740458,0.297709923664122,0.0703296703296704,-36.6311863576052,0.126746027852562,1
"1198",2021,"S. Hartman","Wake Forest",501,0.153464138920079,0.523617092268429,123.643266535834,34.6834003658669,0.496732026143791,0.351307189542484,0.0600375234521577,-55.8848140750575,0.258703704087747,1
"1199",2021,"S. Henigan","Memphis",374,0.16488025258805,0.51332263105186,116.153873320323,-0.317940986709334,0.445414847161572,0.338427947598253,0.0579345088161209,-41.538232838461,0.261500737445919,1
"1200",2021,"S. Howell","North Carolina",341,0.144508893798715,0.258758499678361,35.8356338569163,55.0519647876844,0.479923518164436,0.315487571701721,0.121134020618557,-54.0499248542173,0.173781259358701,1
"1201",2021,"S. Krajewski","UConn",206,-0.0896563768924243,-0.164593756234041,-35.0303104539451,4.06266316310661,0.345864661654135,0.225563909774436,0.0678733031674208,-35.9053999289178,-0.116419726657287,1
"1202",2021,"S. Petras","Iowa",282,0.0154194572859423,-0.171732630272304,-19.2845826119603,3.78627388491411,0.403030303030303,0.275757575757576,0.0784313725490196,-28.8075167064943,-0.0469645719001399,1
"1203",2021,"S. Rattler","Oklahoma",187,0.163006650397738,0.200773362359647,38.3756694865517,1.24273577734498,0.515151515151515,0.303030303030303,0.0696517412935324,-20.6298816316919,0.171508247895657,1
"1204",2021,"S. Sanders","Oklahoma State",392,0.113479449562449,0.111408015354315,35.1811165560572,24.2232159930684,0.473384030418251,0.313688212927757,0.0368550368550368,-51.4542893977553,0.112935993439402,1
"1205",2021,"S. Thompson","Kansas State",227,0.0268073090065831,0.842877487334637,63.4332487401533,12.4350415982004,0.45054945054945,0.315018315018315,0.069672131147541,-17.7350560290666,0.277905825415215,1
"1206",2021,"T. Centeio","Colorado State",346,0.163349916852479,0.320347089017688,91.8855608899452,11.2644249544749,0.474468085106383,0.357446808510638,0.0648648648648647,-41.4308387878039,0.219468054988128,1
"1207",2021,"T. Dyke","Miami",302,0.218617645600912,0.696705405010882,110.504220943022,11.3894396930362,0.465909090909091,0.34375,0.05625,-31.8424491385626,0.346288808625165,1
"1208",2021,"T. Finley","Auburn",123,-0.167441184637235,-0.365907794585822,-32.5030615402278,-1.59385039558617,0.359154929577465,0.211267605633803,0.0681818181818181,-9.16716786760266,-0.240119098139535,1
"1209",2021,"T. Mcclain","South Florida",248,0.0531250756040555,0.0794199314304052,26.3952075602974,-4.32194430657818,0.396174863387978,0.286885245901639,0.0780669144981413,-28.5515015227455,0.060309462441856,1
"1210",2021,"T. Mckee","Stanford",305,0.128141978727601,-0.0281249544006853,34.2376694539941,-3.09254053124837,0.438356164383562,0.284931506849315,0.0701219512195122,-30.0933921317929,0.0853291203362896,1
"1211",2021,"T. Mordecai","SMU",440,0.264495570649507,0.511399247139789,162.524754834107,8.92732221186289,0.487279843444227,0.338551859099805,0.0350877192982455,-50.3736397745818,0.33552265566726,1
"1212",2021,"T. Morgan","Minnesota",232,0.154770507477467,0.162277460916174,40.7405194524847,4.79603266514816,0.424137931034483,0.351724137931034,0.0793650793650794,-24.5441053873,0.157022593509079,1
"1213",2021,"T. Powell","Troy",168,-0.0195532140581033,0.575936104434404,26.871828398881,1.13011828902306,0.43010752688172,0.295698924731183,0.0666666666666667,-16.5112517197971,0.146927670681738,1
"1214",2021,"T. Tagovailoa","Maryland",455,0.231701046014516,0.00204410495940432,90.3782437720893,4.41129612175876,0.515947467166979,0.302063789868668,0.0501043841336117,-54.9885959686014,0.177841538262379,1
"1215",2021,"T. Vitt","Texas State",136,0.0607175007950369,-0.339526068802299,-13.709224847792,2.68569616384018,0.386740331491713,0.248618784530387,0.0285714285714286,-7.09211403457589,-0.0609034733919988,1
"1216",2021,"T. Wilson","New Mexico",145,0.00785291540487021,-0.22568010790646,-3.91283949104191,-8.63849964233206,0.360215053763441,0.252688172043011,0.0764331210191083,-9.80397381515526,-0.0674803179213655,1
"1217",2021,"W. Levis","Kentucky",352,0.112396109966178,0.435247935747677,48.1826707660947,49.4625586851692,0.51528384279476,0.336244541484716,0.0588235294117649,-46.8009329042272,0.213199190941624,1
"1218",2021,"W. Plummer","Arizona",256,-0.0754847414836465,0.156349517198881,-1.42285993565528,2.91510056470217,0.380952380952381,0.263492063492064,0.072463768115942,-40.6305375155279,0.00473727183824408,1
"1219",2021,"W. Rogers","Mississippi State",668,0.160615222539827,0.197707099363363,124.808622827834,-2.34180345688697,0.503429355281207,0.299039780521262,0.0484330484330485,-51.4585803539665,0.167992893512958,1
"1220",2021,"Z. Calzada","Texas A&M",327,0.0936075667601181,-0.432843470619802,-21.9764161738903,-0.0350621879786415,0.42382271468144,0.290858725761773,0.0466472303206997,-41.8171845311587,-0.060973624271105,1
"1221",2021,"Z. Gibson","Akron",130,0.380546223149449,0.284435345481906,54.3335869124909,1.66384589293836,0.496815286624204,0.337579617834395,0.0845070422535212,-3.83488169094586,0.356671546531397,1
"1222",2022,"A. Aune","North Texas",364,0.328170815833574,0.625167698408773,154.719161757283,12.2511383516878,0.5,0.375621890547264,0.0241286863270777,-50.380564700778,0.415349005246195,1
"1223",2022,"A. Kaliakmanis","Minnesota",105,0.22412361932763,-0.374478426779941,1.18970438190275,7.81520299865774,0.503597122302158,0.330935251798561,0.0707964601769911,-16.5093243428656,0.0647835063349675,1
"1224",2022,"A. Martinez","Kansas State",177,0.140213508108628,0.0801726612835509,-5.87863588260627,41.056704358568,0.449826989619377,0.280276816608997,0.0634920634920635,-7.05766450308692,0.121723420332047,1
"1225",2022,"A. O'connell","Purdue",451,0.116012072551004,0.213221150988615,73.0418121198247,-3.34549522195456,0.484725050916497,0.331975560081466,0.0465116279069767,-61.9865976152369,0.141947692256355,1
"1226",2022,"A. Peasley","Wyoming",229,0.0177109610673435,-0.0963037371414457,-26.8924672275068,21.8912998257168,0.444444444444444,0.232323232323232,0.0766129032258064,-30.9879087228292,-0.0168389474807745,1
"1227",2022,"A. Reed","Western Kentucky",499,0.290081356496396,0.470046550208569,186.904021707306,3.53804768534432,0.519163763066202,0.334494773519164,0.0157790927021696,-47.4703235046516,0.331780608697997,1
"1228",2022,"A. Richardson","Florida",324,0.171948162454298,0.1680527558526,23.4325144497824,50.1590544899943,0.410672853828306,0.317865429234339,0.0414201183431953,-65.0162143712221,0.170746099628252,1
"1229",2022,"A. Smith","Miami (OH)",155,0.0614652661230969,0.214094735117181,8.53180805521589,19.2527585523204,0.449152542372881,0.288135593220339,0.0882352941176471,-26.7190544000501,0.117731214438713,1
"1230",2022,"A. Swann","Vanderbilt",180,0.0288275115903749,-0.138747853558686,6.85396931162665,-11.6457149979425,0.39,0.3,0.0575916230366492,-23.6525315155516,-0.0239587284315795,1
"1231",2022,"B. Armstrong","Virginia",305,-0.072475159843013,-0.0739678610906231,-49.0250497923215,18.3323906474523,0.403800475059382,0.256532066508314,0.0976331360946745,-57.0490661168619,-0.072904178491376,1
"1232",2022,"B. Braxton","Tulsa",152,0.196719388037262,0.0970093489153616,9.91146457523983,23.4363072338658,0.419512195121951,0.278048780487805,0.0787878787878788,-10.917015559906,0.162672057605393,1
"1233",2022,"B. Bryant","Cincinnati",326,0.121454894277111,0.330187837293676,67.2990009800584,-1.46847143820679,0.454794520547945,0.312328767123288,0.0605187319884727,-33.3881696448451,0.180357615183155,1
"1234",2022,"B. Cook","Missouri",357,0.0463415508013018,0.344026946595956,38.4644990604266,31.6408164053495,0.461855670103093,0.305154639175258,0.062992125984252,-35.0363685522513,0.144547042197477,1
"1235",2022,"B. Domann","Louisville",135,-0.0982879177995482,-0.0413664435349037,-9.94050230637515,-3.34289888159396,0.407185628742515,0.269461077844311,0.0559440559440559,-24.3167283365119,-0.0795413244788569,1
"1236",2022,"B. Finley","NC State",116,-0.137843741394424,0.0332276505012519,-9.14456445429776,-0.829516319994954,0.377049180327869,0.262295081967213,0.0333333333333333,-7.67927858678625,-0.0817547604450223,1
"1237",2022,"B. Gulbranson","Oregon State",186,0.0234739748339935,0.497072573607214,11.4633538584493,19.8662134117263,0.502222222222222,0.315555555555556,0.0558375634517766,-39.6154595725349,0.139242521200781,1
"1238",2022,"B. Morton","Texas Tech",159,-0.0609672320499452,0.298224773614409,-5.19485784725962,11.3202037261527,0.42,0.29,0.0701754385964912,-20.8604385351861,0.0306267293944653,1
"1239",2022,"B. Nix","Oregon",400,0.285358867000296,0.597526779472544,131.585402696843,47.3150492832773,0.555327868852459,0.334016393442623,0.00990099009900989,-25.3339516882267,0.366599286844508,1
"1240",2022,"B. Olson","Massachusetts",135,-0.113755610502352,-0.391668532499761,-23.1223215674699,-11.5387924202632,0.361963190184049,0.220858895705521,0.0357142857142857,-33.4168292958962,-0.212644871090387,1
"1241",2022,"B. Schager","Hawai'i",328,0.0429341737450142,0.37717626363472,42.7247859901263,9.25900400361724,0.421621621621622,0.289189189189189,0.032448377581121,-18.0299066121537,0.14049672971282,1
"1242",2022,"B. Shapen","Baylor",345,0.0402413069722094,0.113249980375232,29.7645406096845,-4.10215087299378,0.438095238095238,0.261904761904762,0.0547945205479451,-40.326393887888,0.0611009279445016,1
"1243",2022,"B. Wooldridge","Louisiana",216,0.120535971164399,-0.0194161141619904,11.664833735674,10.0995286223892,0.429657794676806,0.26615969581749,0.0442477876106194,-22.787277426628,0.0827542294983394,1
"1244",2022,"B. Young","Alabama",377,0.187906435623304,0.454787392716046,93.015145914694,17.0026373766902,0.501176470588235,0.334117647058824,0.0455696202531646,-41.2346066564641,0.258865372450316,1
"1245",2022,"C. Bazelak","Indiana",406,-0.0182468705459377,-0.18867068918607,-24.6068936145121,-3.03251345613497,0.393333333333333,0.242222222222222,0.0491803278688525,-36.9697470804019,-0.0614209046014379,1
"1246",2022,"C. Bradley","South Alabama",409,0.165984594296779,0.293033739747507,91.8876982424166,4.39965242414915,0.470588235294118,0.336134453781513,0.0510440835266822,-37.8179810682102,0.202284350139844,1
"1247",2022,"C. Brice","App State",350,0.209691871532485,0.229702027833034,89.1020737725331,1.24007978084603,0.45346062052506,0.300715990453461,0.0463215258855586,-33.9041758641298,0.215613731630976,1
"1248",2022,"C. Cordeiro","San José State",382,0.196478007658689,0.312868614166068,96.7145778198359,19.842637173802,0.472972972972973,0.316602316602317,0.0947867298578199,-24.5501070051027,0.225013928559147,1
"1249",2022,"C. Cunningham","Middle Tennessee",421,0.0416018389440552,0.2067905205659,43.423444359464,0.922346277371024,0.438223938223938,0.268339768339769,0.0623608017817374,-35.0737306719094,0.0856096344340447,1
"1250",2022,"C. Fancher","Marshall",191,0.000943283151482699,0.0499820898094833,10.5785813613102,-7.03074859911197,0.438848920863309,0.266187050359712,0.0544554455445544,-36.3805734060821,0.0127619883532311,1
"1251",2022,"C. Fields","Louisiana",167,0.0663212591407917,0.467032302613872,30.1134186094624,5.7896154306108,0.443349753694581,0.25615763546798,0.0617977528089887,-11.981976522064,0.176862236650607,1
"1252",2022,"C. Klubnik","Clemson",100,0.0483556825450784,-0.029600178621493,3.54359651298985,0.828322851081004,0.471830985915493,0.253521126760563,0.0566037735849057,-8.89365073536156,0.0307881645357102,1
"1253",2022,"C. Legas","Utah State",202,0.0350234478784799,-0.0932222811981265,-4.79106923284336,2.27575880332658,0.433656957928803,0.252427184466019,0.0941704035874439,-39.3494889744117,-0.00814016320231954,1
"1254",2022,"C. Millen","Colorado State",231,0.0453352570449667,-0.0782677108192746,-13.1670917912182,14.8568737975384,0.404255319148936,0.25531914893617,0.186619718309859,-14.6323733636262,0.00513611552073008,1
"1255",2022,"C. Miller","North Dakota State",203,0.192189637748716,0.356324886753948,32.9467300602439,44.9113701423815,0.50314465408805,0.342767295597484,0.055813953488372,-22.6629864628653,0.244836793090017,1
"1256",2022,"C. Reynolds","Charlotte",297,0.116402196614007,0.33505805626532,57.6426975796022,0.0966341537957419,0.523391812865497,0.347953216374269,0.0689655172413793,-56.0682126348904,0.168828455360813,1
"1257",2022,"C. Rising","Utah",364,0.113685042771653,0.677183770851397,56.3929763306665,52.7958089372339,0.509090909090909,0.315909090909091,0.021505376344086,-46.4752581294116,0.248156330154319,1
"1258",2022,"C. Rogers","UL Monroe",294,0.0916289281406267,0.112739572958623,11.1980613473072,31.130019435783,0.439814814814815,0.298611111111111,0.10091743119266,-37.1429383163298,0.0979816684793755,1
"1259",2022,"C. Schlee","Kent State",231,0.335005155191913,0.13172112551881,52.645745254326,35.8765830427401,0.519108280254777,0.340764331210191,0.0532786885245902,-29.5381416409759,0.281918242984287,1
"1260",2022,"C. Snyder","Buffalo",365,0.0168892348930697,0.632778810126644,80.1189224983227,7.03232381804816,0.456140350877193,0.31140350877193,0.0664961636828644,-54.4999126931846,0.191121154202568,1
"1261",2022,"C. Stroud","Ohio State",387,0.303897233841526,0.440205517312228,149.204396786075,-2.75929163438779,0.524249422632794,0.327944572748268,0.0300751879699248,-23.4159930693306,0.338210404507361,1
"1262",2022,"C. Thompson","Nebraska",268,0.10822554716652,0.43310151018729,53.607415907698,9.61384393141627,0.496875,0.340625,0.0662020905923345,-53.4758224983488,0.197566436997232,1
"1263",2022,"C. Tune","Houston",455,0.212474543200145,0.736726753470261,161.805215037076,34.924632580694,0.532871972318339,0.358131487889273,0.0501043841336118,-68.2972673244432,0.340363058162232,1
"1264",2022,"C. Ward","Washington State",458,0.0861954225677119,-0.0225553929918741,11.3763713406283,21.191863220126,0.436265709156194,0.283662477558348,0.0784708249496982,-33.676171884401,0.0584707981342088,1
"1265",2022,"C. Weigman","Texas A&M",123,0.0399012929596788,0.102782278380446,2.24687695135829,6.316437394845,0.413333333333333,0.306666666666667,0.0610687022900763,-6.98901543752349,0.057088762308022,1
"1266",2022,"C. Williams","USC",495,0.278134487705117,0.793553844625562,181.900080226955,59.8798176235394,0.529605263157895,0.376644736842105,0.0553435114503818,-21.2757791457835,0.397664305675154,1
"1267",2022,"D. Brin","Tulsa",235,0.117213208835104,0.653835775201814,62.6392085054944,10.9638050122049,0.464285714285714,0.353571428571429,0.103053435114504,-26.3919775863381,0.262867905420354,1
"1268",2022,"D. Brumfield","UNLV",223,0.155068547341672,0.123149975374393,28.1357531716982,15.5211881787378,0.463087248322147,0.285234899328859,0.0630252100840336,-29.7215594713239,0.146499803189382,1
"1269",2022,"D. Finn","Toledo",283,0.184096375780681,0.451537181727986,53.7222806233288,49.5673841181997,0.50253807106599,0.365482233502538,0.0598006644518272,-42.0399368644126,0.262156509496265,1
"1270",2022,"D. Gabriel","Oklahoma",326,0.250836796357516,0.0255788013533684,72.7959908886914,6.51794893204546,0.440886699507389,0.307881773399015,0.0632183908045978,-39.5971045719148,0.19535453157817,1
"1271",2022,"D. Grainger","Georgia State",268,-0.0447699503247315,0.725855493325634,56.3930782028373,21.1317231170712,0.435714285714286,0.307142857142857,0.103678929765886,-52.0660905786126,0.184582860285497,1
"1272",2022,"D. Hopkins","UAB",202,0.182038963914223,0.477057309700984,54.6335328917654,12.5255267110964,0.48995983935743,0.317269076305221,0.0604651162790698,-14.0826717583537,0.269715098806674,1
"1273",2022,"D. Irons","Akron",310,0.100494835929399,0.446079177769849,60.4874108722685,11.0141039369903,0.475124378109453,0.288557213930348,0.0773809523809524,-38.2308910934111,0.177864464699649,1
"1274",2022,"D. Leary","NC State",195,0.0593262820472994,-0.0683397845741049,-0.1849476090346,5.20278096481882,0.422018348623853,0.279816513761468,0.0394088669950739,-24.2190996622337,0.0230175842008451,1
"1275",2022,"D. Maye","North Carolina",511,0.154026493962345,0.558536162100811,152.933580344667,34.2077472505787,0.506474820143885,0.330935251798561,0.0725952813067151,-64.7151171837147,0.269268097259346,1
"1276",2022,"D. Pavia","New Mexico State",167,0.202408416489569,0.523295458386997,46.5309263150276,30.1469579921379,0.448412698412698,0.341269841269841,0.0402298850574713,-24.0788003804489,0.304277318679229,1
"1277",2022,"D. Pyne","Notre Dame",244,0.249574519995434,0.0461041531940499,57.115833888525,-1.58115938117005,0.494845360824742,0.333333333333333,0.0579150579150579,-36.121939668193,0.190840805867199,1
"1278",2022,"D. Richardson","Central Michigan",299,0.11217080833998,0.102925713773733,31.9437038586314,3.60701925791492,0.441717791411043,0.297546012269939,0.0477707006369427,-30.5064360176953,0.109051297903516,1
"1279",2022,"D. Smith","Texas Tech",206,0.0878775065541996,-0.115083182902875,4.57853650287481,4.33852041390083,0.451263537906137,0.292418772563177,0.0720720720720721,-28.7434511004713,0.0321915412157965,1
"1280",2022,"D. Thompson-Robinson","UCLA",376,0.255060969335384,0.515254989903308,120.500137017715,38.5446224460909,0.554655870445344,0.331983805668016,0.0408163265306122,-60.5825581443027,0.321952954380174,1
"1281",2022,"D.J. Uiagalelei","Clemson",363,0.00901604319695987,0.103208363522077,0.791844126902653,17.5894966889604,0.435387673956262,0.25248508946322,0.0546875,-47.107316422528,0.0365434211050955,1
"1282",2022,"E. Hampton","Northern Illinois",116,0.0992106063886311,-0.00481694218091397,6.88921614511625,1.75748402059718,0.511811023622047,0.275590551181102,0.0413223140495868,-21.0760702159718,0.0680842532733341,1
"1283",2022,"E. Jones","Arizona State",200,-0.118483803073518,0.158861993756254,-5.65463278647876,-3.68234739161937,0.408163265306122,0.257142857142857,0.090909090909091,-24.8889111910844,-0.0381101231759106,1
"1284",2022,"E. Morehead","Boston College",178,0.0769756678950486,-0.00228832526124283,17.8636572131945,-6.5453121640743,0.46046511627907,0.26046511627907,0.0918367346938776,-27.5730394453313,0.0526434653447452,1
"1285",2022,"E. Simon","Rutgers",124,-0.0888381755013797,-0.258040643253257,-13.3184932965729,-7.50708425221447,0.356643356643357,0.237762237762238,0.0676691729323308,-25.0214311698435,-0.14563340943208,1
"1286",2022,"E. Warner","Temple",403,0.190441092238259,0.333468331999497,105.252039798088,-6.91030915144358,0.467469879518072,0.339759036144578,0.00982800982800983,-37.0012632409381,0.236968025654566,1
"1287",2022,"F. Harris","UTSA",443,0.282938901419301,0.366195200388187,124.088979222653,45.0806144245726,0.538599640933573,0.355475763016158,0.0493562231759657,-65.4538356466936,0.303715607984248,1
"1288",2022,"G. Bohanon","South Florida",141,0.110443363848274,0.372727826228173,8.263689565101,26.2902959806609,0.481283422459893,0.342245989304813,0.013986013986014,-33.4434927931696,0.184780671367711,1
"1289",2022,"G. Hardison","UTEP",271,0.0253721324077682,0.150309273815509,15.8617978474397,6.45514494060633,0.45045045045045,0.33033033033033,0.0687285223367698,-39.3269415068814,0.0670178462103484,1
"1290",2022,"G. James","Florida International",313,-0.0673922235847879,0.0684986444497352,-12.3825666458959,0.844311840006905,0.396419437340154,0.258312020460358,0.0369230769230769,-43.0335026098874,-0.0295096030841152,1
"1291",2022,"G. Mccall","Coastal Carolina",281,0.218742420969677,0.861388048751085,131.454837354529,6.85331679238405,0.516574585635359,0.356353591160221,0.0602006688963211,-24.3746874484239,0.382066724162742,1
"1292",2022,"G. Mertz","Wisconsin",261,0.0669578911064793,0.0548541657500312,20.0895341274644,-0.859206885952288,0.441176470588235,0.310457516339869,0.0711743772241993,-44.0354860142179,0.062844206671608,1
"1293",2022,"G. Rangel","Oklahoma State",114,-0.125308425910555,-0.51698215283297,-19.2168267803429,-12.3012985904312,0.345323741007194,0.215827338129496,0.05,-26.0423562421605,-0.226749103386864,1
"1294",2022,"G. Shrader","Syracuse",287,0.211264036478252,0.0835585816498124,41.8055907592037,33.5651138425619,0.492788461538461,0.331730769230769,0.0917721518987341,-41.0189548015839,0.181179578369629,1
"1295",2022,"G. Watson","Troy",321,0.0792971392947236,-0.0607639551537657,11.5700904492794,3.43622428227872,0.423684210526316,0.302631578947368,0.103351955307263,-54.5166249846387,0.0394903019251529,1
"1296",2022,"G. Wells","Virginia Tech",298,0.0434366739684983,-0.305326799178202,-23.7469742963872,2.58264506037681,0.381188118811881,0.25,0.080246913580247,-42.7914466205925,-0.0523869535544812,1
"1297",2022,"G. Wimsatt","Rutgers",111,-0.188321248789455,0.163209909369425,-4.82927467241943,-6.60818160606194,0.390070921985816,0.25531914893617,0.0593220338983051,-30.5726545752662,-0.0811167111949034,1
"1298",2022,"H. Ahlers","East Carolina",420,0.204807424081485,0.728458576864007,157.323003971566,20.0558836577073,0.502083333333333,0.335416666666666,0.0255220417633411,-27.1373085821833,0.369539349227654,1
"1299",2022,"H. Card","Texas",101,0.282882309467988,-0.225197651195502,10.0618353052753,11.066673497751,0.551724137931034,0.310344827586207,0.073394495412844,-5.60710673000688,0.182142317267468,1
"1300",2022,"H. Colombi","Marshall",114,0.0889261212195716,-0.121003774113235,5.57517951952565,-1.52271836209787,0.5,0.264285714285714,0.0952380952380951,-14.9614029158837,0.0289461511244842,1
"1301",2022,"H. Dekkers","Iowa State",431,-0.0504342534104291,0.431213390045789,56.7007145638096,-6.19324826746284,0.450676982591876,0.294003868471954,0.0589519650655022,-70.7763452933513,0.0976933584068603,1
"1302",2022,"H. Hooker","Tennessee",327,0.340188403778232,0.285801583604464,112.003059483641,28.4446968996701,0.522144522144522,0.303030303030303,0.0657142857142857,-15.7414552804644,0.327384047513545,1
"1303",2022,"H. King","Texas A&M",187,-0.157844185777105,-0.0885426966536726,-39.064623755922,8.85116301897944,0.407407407407407,0.282407407407407,0.0360824742268041,-58.0122512192333,-0.139877133041401,1
"1304",2022,"H. Wolff","Old Dominion",362,0.0188484675798501,0.135613583979347,18.7839607405584,3.2384519488175,0.388235294117647,0.282352941176471,0.0881612090680101,-42.8477706879457,0.0518174416220609,1
"1305",2022,"J. Bean","Kansas",126,0.379677323362675,0.698005886290741,64.5935413013218,12.9533107507041,0.481707317073171,0.359756097560976,0.0307692307692308,-21.1571491755221,0.472846658853816,1
"1306",2022,"J. Bennett","Liberty",198,0.012899494811411,0.19248786973921,9.63605781605213,6.09751376255338,0.443223443223443,0.311355311355311,0.1,-32.1876449749883,0.0576321303245623,1
"1307",2022,"J. Blackman","Arkansas State",326,0.0686202167320592,0.0693830159071815,16.465162262098,10.0504966749853,0.425974025974026,0.280519480519481,0.0893854748603353,-7.82200834493854,0.0688718413950216,1
"1308",2022,"J. Daniels","Kansas",215,0.283118575029023,0.7874132028777,103.520038506386,18.4236238520757,0.489655172413793,0.36551724137931,0.0315315315315315,-24.550974832144,0.420495387442973,1
"1309",2022,"J. Daniels","LSU",387,0.183202720563375,0.226626419028981,65.1233554373667,44.7735812904234,0.508771929824561,0.307017543859649,0.0979020979020979,-27.7695394787801,0.192801643382088,1
"1310",2022,"J. Daniels","West Virginia",307,0.0808857850450267,0.185655620963722,38.7279586670321,-2.01627982330182,0.431547619047619,0.273809523809524,0.046583850931677,-32.6134025085916,0.109260948939673,1
"1311",2022,"J. Dart","Ole Miss",347,0.14905661590117,0.163825494615194,62.1665760915435,10.3619074422922,0.476793248945148,0.30590717299578,0.038781163434903,-49.7953183102678,0.153013678341426,1
"1312",2022,"J. Dunniway","Sacramento State",217,0.128190284674152,0.384996338822263,52.2066913791958,-4.49182348362388,0.4875,0.341666666666667,0.0440528634361234,-42.3495214428731,0.198811949564883,1
"1313",2022,"J. Garcia","Miami",105,0.0742940892703138,-0.431988860144777,-7.87508586216621,-1.77972869973675,0.457364341085271,0.286821705426357,0.125,-19.7608778006419,-0.0748435237356819,1
"1314",2022,"J. Haener","Fresno State",328,0.180348315039643,0.257838076113327,72.8624628490209,0.994088352029215,0.50402144772118,0.297587131367292,0.076056338028169,-17.8233485951869,0.198006839681099,1
"1315",2022,"J. Hall","BYU",349,0.296100889474896,0.382887922958041,127.902259700944,6.84394298562486,0.535377358490566,0.334905660377359,0.0278551532033426,-33.1497901914019,0.317797647845682,1
"1316",2022,"J. Laura","Arizona",392,0.156435805617717,0.452096229032388,95.2397849096874,11.7994738186525,0.473118279569893,0.369892473118279,0.0576923076923078,-76.8843458837707,0.230191954254495,1
"1317",2022,"J. Mayden","San Diego State",227,0.0628858899011814,0.641748294738505,46.1083589724336,21.06742055475,0.498305084745763,0.31864406779661,0.069672131147541,-51.3413248105321,0.227714506871809,1
"1318",2022,"J. Mccarthy","Michigan",318,0.275270991204879,0.273296241868313,88.3744324373066,18.2273129685201,0.487113402061856,0.31958762886598,0.0363636363636364,-13.8134782010911,0.274746766509863,1
"1319",2022,"J. Paddock","Ball State",438,0.0291600780945262,-0.289483658061664,-25.2872079848698,-5.85095899732572,0.422077922077922,0.25974025974026,0.0266666666666666,-55.8236448339199,-0.0673986298315921,1
"1320",2022,"J. Plumlee","UCF",321,0.202241895592929,0.0334157444053982,20.781727429288,50.7400444246715,0.453563714902808,0.285097192224622,0.0749279538904899,-36.4793842968545,0.154474669231014,1
"1321",2022,"J. Plummer","California",422,0.00966290975804946,0.313745511976127,46.3849826889295,2.92436779171738,0.421383647798742,0.289308176100629,0.0704845814977975,-38.0122348797924,0.103373900378715,1
"1322",2022,"J. Salopek","Western Michigan",206,-0.185129551301638,-0.185647174078072,-54.8081844001029,5.33097290713347,0.363295880149813,0.258426966292135,0.123404255319149,-62.0762116338085,-0.185307908213369,1
"1323",2022,"J. Shelley","Missouri State",274,0.0915818533106188,0.326904802063254,37.4553828560704,21.3219761945065,0.451612903225807,0.303763440860215,0.121794871794872,-28.8584985785135,0.158003653361766,1
"1324",2022,"J. Shrout","Colorado",166,-0.0260594752719867,0.0410641952352517,-2.80407763700243,1.47745554271582,0.415789473684211,0.257894736842105,0.0459770114942529,-33.6087067686683,-0.00698222154887687,1
"1325",2022,"J. Sims","Georgia Tech",174,-0.02454115241212,-0.205478014271702,-30.8852239571073,9.84863851933001,0.403846153846154,0.238461538461538,0.0984455958549223,-16.4546982452616,-0.0809099439914512,1
"1326",2022,"J. Travis","Florida State",347,0.332646189973826,0.32597344457323,104.15975326572,37.8047874935856,0.484848484848485,0.356643356643357,0.0440771349862259,-21.372720919731,0.330919675429616,1
"1327",2022,"K. Jefferson","Arkansas",286,0.194784403943677,0.489096335061054,100.888621825838,26.8035945319912,0.494331065759637,0.360544217687075,0.0714285714285715,-42.042810871354,0.289551511015485,1
"1328",2022,"K. Marsh","South Florida",105,0.216231748797673,-0.467835754476649,5.39411143395111,-5.04377546194057,0.4,0.28,0.0540540540540541,-17.4599163298159,0.00280268777608426,1
"1329",2022,"K. Rourke","Ohio",331,0.391105035164966,0.289984426056368,138.930411216186,4.76292730189466,0.55470737913486,0.353689567430025,0.0433526011560694,-23.5706998198937,0.365631904626159,1
"1330",2022,"K. Salter","Liberty",138,-0.1547273155019,0.375800209124209,-11.6608610501052,7.99337459927911,0.475247524752475,0.287128712871287,0.0980392156862745,-47.4003095065738,-0.018155873518941,1
"1331",2022,"K. Shoemaker","Sam Houston",187,-0.113536008835722,0.121236847846149,-22.2209772851319,13.3750514775489,0.369098712446352,0.257510729613734,0.0260416666666667,-27.8503652044482,-0.0379653468136606,1
"1332",2022,"K. Slovis","Pittsburgh",295,0.155676754306983,-0.464793049063348,-5.42181598110017,0.32568115413165,0.421383647798742,0.29559748427673,0.0422077922077923,-49.2870136818042,-0.0160255812168821,1
"1333",2022,"K. Vantrease","Georgia Southern",534,0.124675116950055,0.52648836258856,123.004851473315,3.9397942267563,0.516754850088183,0.338624338624339,0.0111111111111111,-89.3276715933545,0.22388826402129,1
"1334",2022,"L. Fife","Fresno State",106,-0.149897402939015,-0.259031282431898,-23.1693870446516,-1.07710906075145,0.445255474452555,0.255474452554745,0.0862068965517241,-35.2373235576073,-0.176981723397103,1
"1335",2022,"L. Hatcher","Texas State",405,-0.0700580625894629,0.0656625472119372,-7.94817109398254,-5.99994034430573,0.376391982182628,0.233853006681514,0.0492957746478873,-35.2351521602651,-0.0310648361654526,1
"1336",2022,"L. Lyddy","Louisiana Tech",111,-0.232778501852415,0.301104893921026,-12.1547381044034,3.27666802017374,0.398373983739837,0.260162601626016,0.043103448275862,-22.7128939023304,-0.0721794315791031,1
"1337",2022,"M. Cunningham","Louisville",215,0.0826235673301719,-0.149981066185365,-7.09773969586797,10.5552207289098,0.434650455927052,0.29483282674772,0.0732758620689655,-44.5609945963192,0.0105090608907046,1
"1338",2022,"M. Duggan","TCU",416,0.150285918609336,0.21121929029823,69.6233496881797,23.0879118756227,0.429090909090909,0.290909090909091,0.0651685393258428,-34.183197414469,0.168565930116004,1
"1339",2022,"M. Kendrick","New Mexico",138,-0.143655039861868,-0.578696606227087,-52.9060998719752,-4.51726924660484,0.344186046511628,0.181395348837209,0.148148148148148,-21.4364040779719,-0.267085437760837,1
"1340",2022,"M. Mcdonald","Bowling Green",324,0.0536275385244202,0.321759730184684,49.7658488016815,4.1827673336556,0.443569553805774,0.320209973753281,0.0795454545454546,-42.9885723086408,0.14159741767805,1
"1341",2022,"M. Penix","Washington",548,0.233533599663074,0.741052452507157,198.448528221377,5.20156781045793,0.507718696397942,0.343053173241853,0.00904159132007234,-36.6275672332196,0.349314058373645,1
"1342",2022,"M. Pratt","Tulane",320,0.302150270106135,0.0468519543031467,76.2602559934011,28.3946017534697,0.478458049886621,0.319727891156462,0.0778097982708934,-30.18518286372,0.237312602600614,1
"1343",2022,"M. Wright","Vanderbilt",111,0.0985145477158637,0.15196033952454,7.80283636598166,11.054153733958,0.425149700598802,0.25748502994012,0.0263157894736842,-22.6764916975329,0.112916108382872,1
"1344",2022,"N. Cox","Nevada",247,0.0338415944660309,0.121592613312526,-16.6818386907276,36.1973141518346,0.423452768729642,0.270358306188925,0.05,-26.9250922012958,0.0635683239775472,1
"1345",2022,"N. Henderson","Delaware",367,0.195934657137127,0.0830051856577235,63.1321483243554,12.4801194391236,0.47427293064877,0.310961968680089,0.0565552699228793,-31.7247517758472,0.16915496143955,1
"1346",2022,"P. Jurkovec","Boston College",217,0.0520735012849854,-0.0559697982987077,-1.10299122378726,5.23454190007471,0.378787878787879,0.272727272727273,0.0843881856540085,-36.1429913168518,0.0156498131677555,1
"1347",2022,"P. Mcneil","Louisiana Tech",193,0.187978056763898,0.488758621192943,61.0075440417402,-2.47025242266081,0.43778801843318,0.341013824884793,0.0721153846153846,-22.0177970132558,0.269757104235389,1
"1348",2022,"P. Thorne","Michigan State",350,0.0789325954009913,0.20292166301945,46.2382365991345,0.427926763612153,0.464547677261614,0.310513447432763,0.0463215258855586,-45.3147310921513,0.114098198930921,1
"1349",2022,"Q. Ewers","Texas",296,0.148436307181861,-0.162155734707791,23.373157924259,-5.06919156369085,0.446875,0.3,0.0358306188925082,-30.2980025140827,0.0571998948767757,1
"1350",2022,"R. Ashford","Auburn",238,-0.0325544971109222,0.148256500190771,-29.5528010961617,41.8735738447575,0.376288659793814,0.27319587628866,0.0810810810810811,-41.3461341600064,0.0317545689396799,1
"1351",2022,"R. Hilinski","Northwestern",222,-0.00658969671282537,0.083973556964263,3.76089458841522,0.913032400938608,0.418410041841004,0.280334728033473,0.0176991150442478,-33.9603707315775,0.0195561798717734,1
"1352",2022,"R. Leonard","Duke",370,0.172120158976265,0.485010809638569,72.9514235377121,48.8716331055536,0.477366255144033,0.304526748971193,0.0364583333333333,-22.77507611661,0.250664725603428,1
"1353",2022,"S. Bennett","Georgia",454,0.320085109910363,0.420428979895054,164.894787816015,11.4123748362367,0.542074363992172,0.371819960861057,0.0194384449244061,-46.5684727021757,0.345023801667811,1
"1354",2022,"S. Clifford","Penn State",340,0.117197361421551,0.27789546961262,66.8016612687716,-1.20803953533516,0.447761194029851,0.323383084577114,0.0422535211267606,-46.868908673138,0.163168213267255,1
"1355",2022,"S. Hartman","Wake Forest",412,0.14191168178951,0.59308995853926,135.514966261273,-4.62874425294445,0.524557956777996,0.341846758349705,0.0741573033707865,-85.5166409921184,0.257143854633258,1
"1356",2022,"S. Henigan","Memphis",413,0.0543800974931702,0.483574814054978,87.8147326172256,2.13304728856142,0.463195691202873,0.283662477558348,0.0698198198198198,-53.9602575522982,0.161486139866763,1
"1357",2022,"S. Illingworth","Nevada",137,-0.256744179177181,-0.347304380287905,-43.9412082894605,-4.23331222619651,0.323529411764706,0.188235294117647,0.116129032258064,-13.2491517202126,-0.283379532445041,1
"1358",2022,"S. Petras","Iowa",263,-0.0617052930632414,-0.285328532114825,-43.3426314648232,-1.51057038225464,0.404984423676013,0.249221183800623,0.111486486486487,-17.3218430814076,-0.139729600769713,1
"1359",2022,"S. Rattler","South Carolina",387,-0.102189124887755,0.268689231246889,-5.90447920378454,4.01601924090107,0.409691629955947,0.246696035242291,0.062953995157385,-79.084591861189,-0.00415960344247461,1
"1360",2022,"S. Sanders","Oklahoma State",362,0.145403745245883,-0.136721215655847,0.0322582048548976,35.8544490274211,0.44017094017094,0.305555555555556,0.0423280423280423,-41.057536296157,0.076680998359564,1
"1361",2022,"T. Bourguet","Arizona State",190,0.244808332550847,0.296150109047758,46.6984333443432,8.61703108186206,0.495327102803738,0.355140186915888,0.0355329949238579,-18.9438932486713,0.258483478627127,1
"1362",2022,"T. Centeio","James Madison",261,0.331302832935793,0.488697821123916,108.110098943678,22.6905600432122,0.521246458923513,0.376770538243626,0.0474452554744526,-28.9062536804755,0.370540110444447,1
"1363",2022,"T. Devito","Illinois",326,0.139694681276331,0.0206043322445404,25.2696610484258,14.547083030624,0.481012658227848,0.324050632911392,0.0738636363636363,-37.6650205817147,0.10080188374443,1
"1364",2022,"T. Dyke","Miami",244,0.0956313840296484,-0.0051419104279831,27.3649727668884,-7.90350045057008,0.448529411764706,0.286764705882353,0.0505836575875486,-34.7599909046746,0.0715495305746996,1
"1365",2022,"T. Gleason","Toledo",107,0.0933229242675757,0.276178517096508,11.0235768991986,11.8376726095816,0.462585034013605,0.306122448979592,0.0695652173913043,-15.8223823676504,0.155518704141362,1
"1366",2022,"T. Green","Boise State",252,0.222966501035245,0.274353369707164,38.1837440674622,37.6875807069451,0.496875,0.346875,0.015625,-35.5046237790011,0.237097889920023,1
"1367",2022,"T. Lowe","Southern Miss",104,-0.113993852543194,0.212003248394682,6.12799569153003,-8.80327884828406,0.362962962962963,0.274074074074074,0.126050420168067,-17.914159578519,-0.0198169122722521,1
"1368",2022,"T. Mckee","Stanford",397,-0.00350036029079071,0.0488842223163084,11.9208628245151,-7.64657432658453,0.438297872340426,0.268085106382979,0.0873563218390804,-54.0187725452444,0.00909423084666083,1
"1369",2022,"T. Mcmahon","Rice",229,0.149864376413755,0.476839449038216,52.1061932740631,12.6895945659067,0.471830985915493,0.338028169014085,0.0766129032258064,-38.9789768882763,0.228154182535105,1
"1370",2022,"T. Mordecai","SMU",413,0.14177507768228,0.470002391827051,105.096423243874,4.53564141976294,0.470212765957447,0.323404255319149,0.0350467289719626,-44.2979532043793,0.233259712050291,1
"1371",2022,"T. Morgan","Minnesota",155,0.145271487170377,0.484437249408597,33.2511343788242,10.0006960344031,0.521276595744681,0.340425531914894,0.0432098765432099,-25.4183342089673,0.230062927729932,1
"1372",2022,"T. Powell","Eastern Michigan",256,0.179506478987903,-0.0313362205725374,33.4774744780368,4.77210945086157,0.456666666666667,0.326666666666667,0.072463768115942,-38.2117433483878,0.127498613096328,1
"1373",2022,"T. Shough","Texas Tech",152,0.158717877300727,0.0723600034133134,5.35079547973586,23.8955135908029,0.454128440366973,0.325688073394495,0.0617283950617284,-26.8251190671948,0.134157381057517,1
"1374",2022,"T. Tagovailoa","Maryland",367,0.135221559903681,0.238214765853326,67.9777272930017,6.42854135096623,0.457964601769911,0.320796460176991,0.0802005012531328,-36.2145818116984,0.164615638592849,1
"1375",2022,"W. Howard","Kansas State",191,0.0978787380475698,0.73829865884205,70.6375355166529,1.9783542868142,0.457777777777778,0.355555555555556,0.0402010050251256,-9.79870075401122,0.322737288015409,1
"1376",2022,"W. Levis","Kentucky",279,0.0171499617953088,0.150929328000549,16.1815005068133,6.67718626340502,0.437142857142857,0.334285714285714,0.111464968152866,-64.0873343072407,0.0653105336291954,1
"1377",2022,"W. Rogers","Mississippi State",585,0.010820707488497,0.0440190723071959,27.6446672685657,-16.0355000670782,0.487261146496816,0.265923566878981,0.037828947368421,-67.6399800224062,0.0184859350342157,1
"1378",2022,"X. Shepherd","Kennesaw State",118,-0.0623739333648934,0.0180529966883073,14.364800370729,-26.0240553654152,0.400641025641026,0.243589743589744,0.056,-37.2836499199546,-0.0373694070342509,1
"1379",2022,"Z. Turner","UConn",236,-0.191918512851496,0.134834260525885,-18.9804873231385,-3.24376973992916,0.387301587301587,0.257142857142857,0.067193675889328,-51.4310008124737,-0.0705531970256115,1
"1380",2022,"Z. Webb","Jacksonville State",181,0.097653042642215,0.395678902731304,9.26615661332681,39.7197298738673,0.461805555555556,0.295138888888889,0.0523560209424084,-47.3242691913659,0.170089883636091,1
"1381",2022,"Z. Wilcke","Southern Miss",156,-0.145857423216747,0.0973836512811844,-10.6538036623944,-4.75032338585401,0.432160804020101,0.291457286432161,0.0823529411764706,-45.6625022010265,-0.0774076736092887,1
"1382",2023,"A. Bowman","Oklahoma State",483,0.140448262047636,0.200172632144929,76.4098309056464,2.86022791563965,0.473372781065089,0.331360946745562,0.0122699386503067,-54.6312506071319,0.156351200830939,1
"1383",2023,"A. Colandrea","Virginia",239,0.158515893631716,-0.0187996829013718,19.7718624332201,14.3150402702007,0.449838187702265,0.294498381877023,0.0772200772200772,-41.7823338385028,0.110313600981945,1
"1384",2023,"A. Daniels","Stanford",291,0.198808627541087,-0.134714013840865,26.2223171459874,19.3654934225099,0.421188630490956,0.276485788113695,0.0761904761904762,-19.1807691106289,0.117797960125316,1
"1385",2023,"A. Flinn","East Carolina",271,-0.192625105470815,-0.319056767989077,-64.1685772034745,-20.546840597068,0.363636363636364,0.214876033057851,0.0782312925170068,-58.2784006718377,-0.233375806613065,1
"1386",2023,"A. Kaliakmanis","Minnesota",264,-0.000341743449097014,0.0610292245860236,-6.65544717446058,13.659653667638,0.425595238095238,0.30952380952381,0.0736842105263158,-28.8379687242179,0.0208458526582661,1
"1387",2023,"A. Padgett","Rice",110,-0.0159716925117319,0.0900700456774118,-0.785085082301249,2.22856558225535,0.443661971830986,0.302816901408451,0.0909090909090909,-33.2023696446425,0.0101653556334795,1
"1388",2023,"A. Peasley","Wyoming",234,0.194511156765057,0.333582307123443,38.2526521178836,41.1210916038275,0.485207100591716,0.313609467455621,0.0965250965250965,-20.9623008568252,0.234833561306837,1
"1389",2023,"A. Reed","Western Kentucky",436,0.129402341819682,0.552830316275844,92.3888630423844,24.0876650522683,0.4581589958159,0.320083682008368,0.0158013544018059,-45.8130827553394,0.243674744967893,1
"1390",2023,"A. Smith","Eastern Michigan",283,0.0241608521171685,-0.302866640192753,-34.1128747087851,7.39345691556928,0.370757180156658,0.221932114882507,0.0929487179487179,-19.5268828057586,-0.0697634929326784,1
"1391",2023,"A. Swann","Vanderbilt",179,0.176400532113442,-0.12452785600273,13.0755064817457,5.75728394677472,0.436274509803922,0.323529411764706,0.06282722513089,-19.844435069572,0.0923176001398061,1
"1392",2023,"B. Armstrong","NC State",253,-0.00559750767403384,0.364691392104781,23.5387190495952,11.364213922176,0.435695538057743,0.267716535433071,0.0452830188679245,-28.9834092689477,0.0945068405601339,1
"1393",2023,"B. Barnes","Utah",233,0.00641308407237189,-0.115306057088171,-20.02876052585,9.30043760715207,0.4375,0.25,0.0566801619433199,-40.6437777991069,-0.0335260091209311,1
"1394",2023,"B. Brown","South Florida",407,0.0898399395212857,0.0920289299510558,26.1794393964488,28.5611753199984,0.43801652892562,0.28595041322314,0.0833333333333334,-71.6571512403451,0.0904803549032184,1
"1395",2023,"B. Bryant","Northwestern",251,0.0284189239481434,0.233673006182922,25.278941286235,1.38803029211518,0.441935483870968,0.296774193548387,0.0938628158844765,-20.1756222383004,0.08602248896242,1
"1396",2023,"B. Cook","Missouri",334,0.327866717916883,0.293984296972295,108.469251944388,33.8857507673302,0.519015659955257,0.34675615212528,0.0696378830083566,-23.0891713735595,0.318467567587735,1
"1397",2023,"B. Daily","Army",116,-0.0158498089105307,0.15827049767444,-5.95257215206152,19.9229183626647,0.397553516819572,0.235474006116208,0.0491803278688524,-28.0134638228503,0.0427227712862482,1
"1398",2023,"B. Fowler-Nicolosi","Colorado State",401,0.0710932511389814,0.584129205045583,111.997886322567,-20.1632300645022,0.535796766743649,0.316397228637413,0.0266990291262136,-85.3725852274745,0.212089275422782,1
"1399",2023,"B. Gabbert","Miami (OH)",182,0.133899753788285,0.186862886644064,26.2190510165034,7.6717598619187,0.449339207048458,0.290748898678414,0.0714285714285714,-33.9301089040299,0.149298726336661,1
"1400",2023,"B. Lewis","Nevada",188,-0.00960257321047431,0.279256303994892,-7.39163948836363,30.2673204625513,0.427118644067797,0.284745762711864,0.100478468899522,-36.0221669168674,0.0775446812684327,1
"1401",2023,"B. Locke","Wisconsin",141,-0.190681655650888,0.216377824224016,-3.70009922640678,-5.26050941293848,0.367088607594937,0.227848101265823,0.0408163265306122,-16.181666719776,-0.0567127129072485,1
"1402",2023,"B. Morton","Texas Tech",268,0.0273680021879134,-0.117931753912865,-19.6506251238194,14.0048017129479,0.414012738853503,0.299363057324841,0.0530035335689046,-33.9331717517735,-0.0179803293339858,1
"1403",2023,"B. Nix","Oregon",453,0.444968319503929,0.685385172406966,235.721363259764,17.7659296654804,0.595660749506903,0.331360946745562,0.0109170305676856,-11.5744698308469,0.499974936736182,1
"1404",2023,"B. Schager","Hawai'i",463,0.0601951494050264,0.133543715902286,45.9922008853245,-0.81980594680891,0.462765957446808,0.292553191489362,0.0740000000000001,-57.2935160479058,0.0800928988271554,1
"1405",2023,"B. Shapen","Baylor",265,0.161742047963476,0.29590487340727,50.0667548837929,15.7025260428679,0.477064220183486,0.324159021406728,0.0766550522648084,-10.170462626539,0.201129299469911,1
"1406",2023,"B. Sorsby","Indiana",231,0.164360688490238,-0.0434570293467301,12.5427754182689,18.334717346809,0.463126843657817,0.277286135693215,0.0571428571428571,-21.2397606947758,0.103670558502451,1
"1407",2023,"B. Wiles","Southern Miss",277,-0.00276541280564778,0.0886268858261097,4.35143197985917,3.04991555696135,0.386706948640483,0.27190332326284,0.0546075085324232,-27.305301254045,0.0223605665764971,1
"1408",2023,"C. Bazelak","Bowling Green",267,-0.00178545887506367,0.0885324755625884,0.815517789580942,7.57246546847687,0.432258064516129,0.280645161290323,0.0793103448275862,-24.6303079813251,0.027058010509864,1
"1409",2023,"C. Beck","Georgia",400,0.339796670258002,0.59148030114601,169.612283694606,14.039587351498,0.566448801742919,0.381263616557734,0.0267639902676399,-37.393624934308,0.400113008815041,1
"1410",2023,"C. Bradley","South Alabama",310,0.143796403402401,0.473974385951055,67.6938024626157,15.6527369830901,0.451428571428571,0.331428571428572,0.0718562874251497,-30.8261341380706,0.238132969844874,1
"1411",2023,"C. Cordeiro","San José State",346,0.121291490628832,0.372199822823638,69.2242049391912,13.4456371211556,0.453900709219858,0.312056737588653,0.052054794520548,-20.7438896862288,0.195436978866068,1
"1412",2023,"C. Fancher","Marshall",282,0.0353829891176217,-0.132159237851506,-1.45826437272259,-3.2334080976252,0.442748091603053,0.28498727735369,0.0844155844155845,-63.5917544726034,-0.0119380978889257,1
"1413",2023,"C. Fields","Louisiana",133,0.248089663887183,-0.297391396432376,10.8381137175234,5.64863657457208,0.490683229813664,0.316770186335404,0.0827586206896552,-11.8605109006169,0.102402175727301,1
"1414",2023,"C. Klubnik","Clemson",448,-0.0263066240017064,0.0670399791514457,0.0151659916006605,-0.00999202721192094,0.437943262411347,0.25709219858156,0.0508474576271187,-56.8636170809758,9.17369572476978e-06,1
"1415",2023,"C. Legas","Utah State",197,0.146130416380411,0.202375815053662,33.8093808127473,7.89672375859419,0.465384615384615,0.3,0.0837209302325582,-34.2662598124358,0.160408094505159,1
"1416",2023,"C. Mcconnell","UTEP",160,0.0573157060520601,-0.0582101160790883,17.0214171892853,-13.6397170678915,0.393617021276596,0.292553191489362,0.0697674418604651,-21.9022010783247,0.0179877666031586,1
"1417",2023,"C. Miller","North Dakota State",270,0.262318367036694,0.810245980461297,130.759325262098,39.0857983037192,0.543640897755611,0.366583541147132,0.0526315789473684,-27.0017741918504,0.423553924104283,1
"1418",2023,"C. Morris","TCU",175,0.132940298519939,0.431138706415193,29.8656614655978,18.6957960451711,0.474418604651163,0.353488372093023,0.0540540540540541,-24.6299821843871,0.225867244236135,1
"1419",2023,"C. Pennington","Marshall",100,-0.0299478249773527,-0.529170759723554,-22.5339414310408,1.64708666750558,0.368421052631579,0.192982456140351,0.0740740740740741,-12.7000403224193,-0.183218024241537,1
"1420",2023,"C. Rogers","North Texas",380,0.160869302827125,0.407525744474773,109.15334051793,2.48862958131231,0.449691991786448,0.320328542094456,0.0776699029126214,-38.7851310983741,0.229244291784892,1
"1421",2023,"C. Snyder","Buffalo",304,0.0152604650711054,0.146704945222477,28.9669829130529,-8.21039532482477,0.459833795013851,0.271468144044321,0.0470219435736677,-35.9377592378744,0.0574974725435682,1
"1422",2023,"C. Veilleux","Pittsburgh",162,-0.332836509692753,0.0889683084092127,-19.3047709180598,-19.9143280156954,0.351351351351351,0.237837837837838,0.0414201183431953,-40.3565433832905,-0.21199512937165,1
"1423",2023,"C. Ward","Washington State",469,0.0634274661093696,0.313249022919053,47.6465995341936,21.9986979911558,0.486348122866894,0.310580204778157,0.0712871287128712,-55.2703169972901,0.118848630589333,1
"1424",2023,"C. Weigman","Texas A&M",119,0.243621610897743,0.684495510479498,40.2454372241165,7.09958028884923,0.511450381679389,0.343511450381679,0.0245901639344262,-8.38033074976001,0.361412347427219,1
"1425",2023,"C. Williams","Tulsa",127,0.0808602151410453,0.92450078389458,39.2593338879105,26.0756593929718,0.489010989010989,0.362637362637363,0.099290780141844,-27.132474285204,0.358983479565287,1
"1426",2023,"C. Williams","USC",371,0.195343734058549,0.537218338949035,101.623820005764,27.4032540715912,0.474358974358974,0.346153846153846,0.0816831683168317,-46.5646007634396,0.275698876233664,1
"1427",2023,"D. Allar","Penn State",356,0.194698381903997,0.426522752695116,76.9039184950889,33.5784978938016,0.510688836104513,0.342042755344418,0.0299727520435968,-20.5796260035459,0.262428542491426,1
"1428",2023,"D. Brin","Georgia Southern",522,-0.0790418421002927,0.23252523229704,6.59045370718383,-7.74094797834984,0.462962962962963,0.245791245791246,0.0543478260869565,-102.850960050823,-0.00193685904236699,1
"1429",2023,"D. Finn","Toledo",305,0.128467213850242,0.463386354145597,78.2707026419522,23.7808942424069,0.488425925925926,0.321759259259259,0.0286624203821655,-35.8574431711889,0.236230548343424,1
"1430",2023,"D. Gabriel","Oklahoma",336,0.420821737953932,0.858120102157503,184.743019604633,37.9019619511442,0.572446555819477,0.389548693586698,0.04,-24.0991212235866,0.528847937187119,1
"1431",2023,"D. Grainger","Georgia State",334,0.0567279251768807,0.408263160171272,57.7101726522792,17.668390942922,0.469135802469136,0.290123456790124,0.0457142857142857,-48.3707555284662,0.155099925093007,1
"1432",2023,"D. Hill","Iowa",245,-0.306139871415931,-0.458664974968626,-102.797560300067,-4.59651336553458,0.355932203389831,0.206779661016949,0.0858208955223881,-51.2961003676727,-0.364047707341022,1
"1433",2023,"D. Hopkins","New Mexico",247,0.200747944290741,0.210234505466177,59.3289298749634,-0.142866631147309,0.481099656357388,0.323024054982818,0.0463320463320463,-40.1499323112284,0.203388533483904,1
"1434",2023,"D. Irons","Akron",123,-0.000593104650434614,-0.682047392242414,-19.8705546281133,-5.4488266405673,0.370786516853932,0.191011235955056,0.0888888888888889,-10.5358701850528,-0.142243714992588,1
"1435",2023,"D. Leary","Kentucky",345,0.0873755749342113,-0.0892658360691902,15.4251325893311,-2.09740824391589,0.415143603133159,0.326370757180157,0.0573770491803279,-63.7776049626581,0.0347982358888125,1
"1436",2023,"D. Maye","North Carolina",411,0.180468743314016,0.413808147226846,84.5882010954002,36.9263503098808,0.485380116959064,0.313840155945419,0.0616438356164383,-47.416550041949,0.236870470575596,1
"1437",2023,"D. Moore","UCLA",199,-0.0143646737031185,-0.178359123316616,-12.3801579482374,-5.03562130506457,0.396694214876033,0.264462809917355,0.10762331838565,-37.3567598084426,-0.0719660299723222,1
"1438",2023,"D. Pavia","New Mexico State",336,0.170277935689582,0.250976065708866,77.5988348328578,19.8321307526573,0.482421875,0.27734375,0.0640668523676881,-45.8788536635341,0.190294854659209,1
"1439",2023,"D. Richardson","Florida Atlantic",306,-0.00168320333054906,0.007538154962601,-10.3424399733039,10.8850573326982,0.401734104046243,0.26878612716763,0.0727272727272728,-28.4719166450806,0.00156825826414546,1
"1440",2023,"D. Smith","Houston",368,0.0596217017852845,0.173620107788092,18.7199712105128,26.7525480135961,0.46060606060606,0.296969696969697,0.0659898477157361,-52.5848234280928,0.09186367520022,1
"1441",2023,"D.J. Uiagalelei","Oregon State",284,0.329696613241977,0.411785327999265,86.5343823794532,38.6306728197817,0.511363636363636,0.360795454545455,0.0405405405405405,-28.382289620616,0.355582543179645,1
"1442",2023,"E. Garbers","UCLA",146,0.138976360340863,0.599632702840472,35.5294014200187,15.4220749816557,0.50828729281768,0.375690607734807,0.0759493670886076,-14.0427563831518,0.28149986962251,1
"1443",2023,"E. Jones","Cincinnati",292,0.0905788472232375,0.287537335610634,35.3227183688465,30.802231418184,0.44920993227991,0.297968397291196,0.0759493670886076,-34.2195744468562,0.149266252340927,1
"1444",2023,"E. Vasko","Coastal Carolina",115,0.123934847377617,0.510979071617781,23.837918058669,13.4716237315055,0.445086705202312,0.260115606936416,0.0336134453781513,-5.8319276400509,0.215662091272685,1
"1445",2023,"E. Warner","Temple",393,0.0992441443576175,0.454819833358603,80.2989149347025,10.1553383445599,0.489208633093525,0.333333333333333,0.0199501246882793,-55.8551752229924,0.216916674530605,1
"1446",2023,"F. Harris","UTSA",303,0.182220287527595,0.540947391604899,87.5635080901525,21.1630365027487,0.507731958762887,0.350515463917526,0.0501567398119122,-33.9683267442057,0.280223053074488,1
"1447",2023,"F. Mendoza","California",228,-0.0500340741027477,0.265337030516106,9.7524658501189,2.5638973067849,0.454873646209386,0.32129963898917,0.0617283950617284,-58.1015160834975,0.0444634048985697,1
"1448",2023,"G. Greene","West Virginia",242,0.365978285041915,0.343289337244408,86.2126257032448,36.6800978810578,0.501466275659824,0.337243401759531,0.0122448979591837,-16.8112745111779,0.360389218722295,1
"1449",2023,"G. Hardison","UTEP",123,0.097953785391434,0.138388857984364,13.2834191391695,3.88073615355635,0.458064516129032,0.316129032258064,0.0955882352941176,-17.4281762928512,0.110736485759521,1
"1450",2023,"G. Loftis","Duke",151,-0.149643033615861,0.328583360967007,0.646449113003011,2.12959245268979,0.411764705882353,0.294117647058823,0.0443037974683545,-19.9429760032963,0.0163296562687813,1
"1451",2023,"G. Mccall","Coastal Carolina",211,0.113340446220399,0.498949746431192,58.1341165777635,-1.83187795347425,0.442748091603053,0.293893129770992,0.0538116591928251,-20.7403403381931,0.214894040550722,1
"1452",2023,"G. Mertz","Florida",343,0.259196943069924,0.0896232458093679,83.8106025656368,1.55421535819263,0.475,0.3225,0.0754716981132076,-21.22203653331,0.213412044809573,1
"1453",2023,"G. Shrader","Syracuse",197,0.0592721770995685,0.479397521235907,35.0291947663683,22.9607269419523,0.475409836065574,0.334426229508197,0.100456621004566,-33.0808066594374,0.190130890846953,1
"1454",2023,"G. Watson","Troy",409,0.170051536437606,0.129973778263157,76.2817417493764,-4.60907483477739,0.45374449339207,0.325991189427313,0.0532407407407407,-37.5102160823159,0.15786931038458,1
"1455",2023,"G. Wilson","Old Dominion",298,-0.0942443036197143,0.196838780538502,-38.978355536362,38.2123926860435,0.421800947867299,0.255924170616114,0.141210374639769,-43.9657811294074,-0.00181507784435662,1
"1456",2023,"G. Wimsatt","Rutgers",275,0.0418641594480482,-0.0208533736691284,-0.890327181681873,10.2356368772939,0.411330049261084,0.261083743842364,0.0484429065743945,-26.7782263069653,0.0230180041763843,1
"1457",2023,"H. Bachmeier","Louisiana Tech",253,0.0902929265392242,0.0347869117486553,27.1400987406097,-2.97920653399944,0.432258064516129,0.290322580645161,0.066420664206642,-19.9768895127885,0.0779383619568073,1
"1458",2023,"H. Card","Purdue",329,0.00515077225149283,0.375058657542691,43.9955056194304,1.44189053301532,0.465393794749403,0.298329355608592,0.0545977011494253,-40.4782662974036,0.108442472917531,1
"1459",2023,"H. Haarberg","Nebraska",151,-0.144062752351309,0.200246716772466,-28.6614479200093,18.2298227935869,0.368421052631579,0.236842105263158,0.116959064327485,-31.6224906841877,-0.0392166358136182,1
"1460",2023,"H. King","Georgia Tech",319,0.233385504521384,0.707205616916221,106.517102938158,38.9220657170676,0.5,0.348780487804878,0.0333333333333334,-50.0489187675781,0.354729679646891,1
"1461",2023,"H. Wolff","Western Michigan",211,0.171763910869282,0.168210072359438,35.7511110192786,7.29173350111117,0.448412698412698,0.305555555555556,0.074561403508772,-10.9967454853399,0.170804938572975,1
"1462",2023,"J. Aguilar","App State",431,0.179904997354377,0.639668088828875,145.609103912373,7.95060518947368,0.50395256916996,0.343873517786561,0.0357941834451901,-54.910081153927,0.303477685972029,1
"1463",2023,"J. Bauer","Central Michigan",260,0.076382738917528,0.338563216581013,20.2291248634629,36.5440960795205,0.422872340425532,0.257978723404255,0.0647482014388489,-28.3551366281351,0.150992608890913,1
"1464",2023,"J. Bean","Kansas",197,0.497076936568129,0.367914658750911,99.6137112397913,10.7138398430693,0.497942386831276,0.407407407407407,0.0295566502463054,-28.4662440109787,0.454022843962389,1
"1465",2023,"J. Daniels","LSU",316,0.611749354395985,0.415734180990369,181.656903145767,76.1375482309687,0.591517857142857,0.40625,0.0623145400593472,-24.5269731228651,0.575434043251641,1
"1466",2023,"J. Daniels","Rice",268,0.156930500312933,0.792554998751713,87.4584352185684,1.75256976414493,0.501730103806228,0.328719723183391,0.049645390070922,-41.4847798766805,0.308688598556102,1
"1467",2023,"J. Dart","Ole Miss",342,0.289340121365587,0.286983283569966,110.217351163708,17.6680747145895,0.487584650112867,0.354401805869075,0.063013698630137,-17.7859037025502,0.288680419589837,1
"1468",2023,"J. Hoover","TCU",263,0.125174781530387,0.981839336876423,102.924346192531,-2.51855159466288,0.51063829787234,0.375886524822695,0.0259259259259259,-39.9549137113879,0.356048917013716,1
"1469",2023,"J. Jones","Charlotte",100,0.00934368791828707,-0.307105256089364,-28.3509481602385,9.06432493497478,0.346341463414634,0.229268292682927,0.0990990990990991,-19.7572011771434,-0.0940810889037257,1
"1470",2023,"J. Laura","Arizona",121,0.260533687103668,-0.403392860650208,10.4725955428931,5.01700481060006,0.51063829787234,0.354609929078014,0.0546875,-36.9543673876069,0.10985532165598,1
"1471",2023,"J. Maiava","UNLV",331,0.190421114966069,0.339168222232062,94.085765663983,0.485647615727874,0.49624060150376,0.320802005012531,0.029325513196481,-60.3823754940335,0.237021085914062,1
"1472",2023,"J. Mayden","San Diego State",300,0.048242317950286,-0.165951617305005,-7.77341077208617,1.12200844148605,0.431924882629108,0.272300469483568,0.0566037735849057,-50.9106901927297,-0.0156136204943665,1
"1473",2023,"J. Mccarthy","Michigan",323,0.26919182647019,0.61587329970441,124.973623346962,16.6452126062973,0.542635658914729,0.364341085271318,0.0555555555555557,-20.3017244725451,0.365940144582065,1
"1474",2023,"J. Mccloud","James Madison",384,0.303427933111854,0.400144646275341,145.409473697608,9.35763297850628,0.55578947368421,0.36,0.0495049504950495,-54.7536687372028,0.325825487739188,1
"1475",2023,"J. Milroe","Alabama",279,0.195786863941579,0.337790470713488,60.2396231857227,42.3941062618091,0.47816091954023,0.305747126436782,0.136222910216718,-42.3953143889715,0.235939607925361,1
"1476",2023,"J. Milton","Tennessee",336,0.205407629916376,0.0195609889547346,49.9280929788083,14.8338209527976,0.513317191283293,0.295399515738499,0.0427350427350427,-27.2456671950011,0.156808508308973,1
"1477",2023,"J. Murphy","Kennesaw State",118,0.0332495587978134,-0.175130360855935,0.182437563967996,-5.88683832337488,0.377880184331797,0.225806451612903,0.099236641221374,-8.2264305115026,-0.0262875611032575,1
"1478",2023,"J. Pachot","Missouri State",266,0.0862998665075667,0.707351312203973,76.2735330211657,1.50889638993636,0.486842105263158,0.355263157894737,0.0763888888888889,-41.5646468889235,0.255863254641783,1
"1479",2023,"J. Paddock","Illinois",138,0.410998632043633,-0.133542642952449,37.2356832580506,0.176839459575586,0.472972972972973,0.331081081081081,0.0349650349650349,-13.3339311825869,0.252787315659636,1
"1480",2023,"J. Plumlee","UCF",226,0.0616980512452277,0.534528434036122,30.2338061949446,29.1246802826439,0.469325153374233,0.322085889570552,0.0464135021097046,-52.6436297546575,0.182081246863768,1
"1481",2023,"J. Plummer","Louisville",371,0.085731063401072,0.0098202364903927,34.3623074856448,-4.98552841932289,0.484649122807018,0.287280701754386,0.0725000000000001,-61.5645210644144,0.064422761110355,1
"1482",2023,"J. Raynor","Arkansas State",256,0.263288245378815,0.104093648965945,75.664472071799,7.83493139113999,0.485411140583554,0.355437665782493,0.079136690647482,-25.3948212950031,0.221483828814162,1
"1483",2023,"J. Retzlaff","BYU",114,-0.266916231755645,-0.105578427286782,-34.3567496215339,-2.31864898976188,0.359756097560976,0.280487804878049,0.0578512396694215,-35.5480835069225,-0.22363047933717,1
"1484",2023,"J. Travis","Florida State",322,0.310198334094575,0.175434066208426,87.922946173143,18.7032121836485,0.475949367088608,0.349367088607595,0.0416666666666667,-10.4578186787356,0.269939641409599,1
"1485",2023,"J. Turner","Louisiana Tech",138,0.171435551233357,-0.225778626172746,3.85480504039304,8.54349381686674,0.43030303030303,0.284848484848485,0.0142857142857143,-16.707387880018,0.0751412051955138,1
"1486",2023,"J. Undercuffler","Akron",181,-0.131308295383196,-0.164410295736321,-29.4253521195262,0.8829541366093,0.403940886699508,0.241379310344828,0.0858585858585859,-52.1637987924452,-0.140602945728655,1
"1487",2023,"J. Wright","UL Monroe",178,-0.0935229708780031,-0.283266520174773,-40.4886263092867,-3.72883793482886,0.38768115942029,0.253623188405797,0.11,-37.2077482085979,-0.160208203783027,1
"1488",2023,"J. Zeno","UAB",366,0.181495017280704,0.176058049778656,77.0773929871527,4.50916161076855,0.479028697571744,0.282560706401766,0.0663265306122449,-51.6599228269457,0.180102769531835,1
"1489",2023,"K. Bennett","Sacramento State",227,0.0562813377768849,0.96216694845535,74.7120118108541,23.0668471489826,0.516320474777448,0.344213649851632,0.0502092050209205,-30.8132796236665,0.290144982076667,1
"1490",2023,"K. Drones","Virginia Tech",275,0.0989001878767913,0.0293598113637315,2.33126054188627,31.6098916726708,0.424311926605505,0.272935779816514,0.0646258503401361,-30.3767510996702,0.0778466793911861,1
"1491",2023,"K. Francis","Tulsa",115,0.245514952292558,0.25896192434317,32.6375671577697,-0.619986494095356,0.4765625,0.328125,0.0416666666666667,-4.45393067326641,0.250137348934956,1
"1492",2023,"K. Houser","Michigan State",177,-0.0272135431382746,-0.101287608855219,-8.21884977678212,-2.86715983236493,0.4,0.24,0.0732984293193717,-24.7112145253484,-0.0492711538184313,1
"1493",2023,"K. Jefferson","Arkansas",282,0.00830504777862496,0.182538645195275,8.02916343206176,20.0260662766429,0.414965986394558,0.26984126984127,0.12962962962963,-32.3092071864124,0.063617300926768,1
"1494",2023,"K. Jenkins","Florida International",299,-0.132045094954455,0.191598874517427,-8.24187325634461,-6.98684802296457,0.395577395577395,0.238329238329238,0.0993975903614459,-47.4017426480533,-0.0374170056002683,1
"1495",2023,"K. Jennings","SMU",104,-0.212309706073943,0.420128571210482,-0.266337611500391,-0.997298761052484,0.428571428571429,0.264285714285714,0.0370370370370371,-18.9153697819851,-0.00902597408966338,1
"1496",2023,"K. Kelly","Ball State",121,-0.0396215458090414,-0.172208682875013,-35.5128700762735,16.1678978461589,0.358267716535433,0.236220472440945,0.0692307692307692,-24.827447323042,-0.0761613079925767,1
"1497",2023,"K. Mccord","Ohio State",331,0.322173550019009,0.463953468654023,132.120860239707,-1.47049812031989,0.547486033519553,0.38268156424581,0.0321637426900585,-29.3392699590808,0.364945145584879,1
"1498",2023,"K. Rourke","Ohio",271,0.192500670137898,0.369627512484031,75.7264618938597,4.76417372465509,0.52212389380531,0.333333333333333,0.0491228070175438,-16.7899439659303,0.237435503299454,1
"1499",2023,"K. Salter","Liberty",270,0.338661311076974,0.785237146395978,128.292666767157,66.3471243567906,0.568445475638051,0.389791183294664,0.0252707581227437,-46.1083070597805,0.451600443443033,1
"1500",2023,"K. Seals","Vanderbilt",168,0.199760916411232,-0.32761144965231,-0.412882868641924,7.81180022128906,0.378640776699029,0.271844660194175,0.0666666666666666,-17.2154915105111,0.0359170745274133,1
"1501",2023,"K. Shoemaker","Sam Houston",384,-0.00904331647300773,0.11988318411171,13.0626978701027,0.727610152971139,0.447983014861996,0.259023354564756,0.0327455919395466,-62.9515339669983,0.0292787856116218,1
"1502",2023,"K. Slovis","BYU",257,-0.00996404879936536,-0.221058056695701,-23.22654337586,2.87595086144442,0.390845070422535,0.25,0.041044776119403,-40.669405680095,-0.0716570158958297,1
"1503",2023,"L. Altmyer","Illinois",258,0.0251974088054823,0.0810740460253193,-9.59869091408144,23.3912220496773,0.458689458689459,0.276353276353276,0.11340206185567,-53.5656151035836,0.0404799078741556,1
"1504",2023,"L. Smothers","Jacksonville State",105,0.0598370907354904,-0.0787550252260513,0.863399049011629,2.54606049018818,0.402116402116402,0.26984126984127,0.0540540540540541,-23.6308002141785,0.0180394684613747,1
"1505",2023,"M. Alaimo","Kent State",131,0.000836102129317352,-0.220407510661962,-1.39235994146334,-11.2850907065071,0.372972972972973,0.281081081081081,0.154838709677419,-7.56628782549368,-0.0685267602593,1
"1506",2023,"M. Griffis","Wake Forest",196,0.0372351831178613,-0.0559496684134026,11.9015134223809,-8.81913229747374,0.419795221843003,0.283276450511945,0.132743362831858,-32.707711423252,0.0105200720986594,1
"1507",2023,"M. Hillstead","Utah State",147,-0.158445968362443,0.616585009596221,9.78415573768926,2.12122905157691,0.402116402116402,0.296296296296296,0.103658536585366,-32.6324632232926,0.0629914539114611,1
"1508",2023,"M. Johnson","Texas A&M",176,-0.0343355084540469,0.347651123973006,24.7148163411624,-6.49955024673742,0.433628318584071,0.292035398230089,0.0687830687830687,-25.9431540734726,0.0805985225417034,1
"1509",2023,"M. Keene","Fresno State",378,0.14109749249349,0.230134261701881,67.4520258778633,-0.691570343493637,0.501234567901234,0.31358024691358,0.0454545454545455,-39.8655804662312,0.164840630949061,1
"1510",2023,"M. Madsen","Boise State",113,0.325366946904178,0.774628055708033,54.1837285217228,13.78438394626,0.5,0.375,0.0504201680672269,-9.65149611599927,0.472000781027659,1
"1511",2023,"M. Morris","NC State",108,-0.112917464050702,-0.345534191347098,-22.7896909146901,-3.25389005344964,0.371428571428571,0.2,0.076923076923077,-19.7836053792673,-0.186025578343855,1
"1512",2023,"M. Penix","Washington",536,0.291156647879444,0.218703465833748,152.829570348428,3.92950874274838,0.514886164623468,0.334500875656742,0.020109689213894,-62.6319256361566,0.274534289126403,1
"1513",2023,"M. Pratt","Tulane",276,0.133504508968945,0.180884953512747,44.3831185445599,10.9101948679376,0.487935656836461,0.292225201072386,0.0675675675675676,-39.6374006785382,0.148239446146106,1
"1514",2023,"N. Fifita","Arizona",320,0.113906367061007,0.717328506760997,100.168064799494,2.76289499744555,0.505586592178771,0.349162011173184,0.056047197640118,-31.2971001790525,0.287516647477485,1
"1515",2023,"N. Kim","Michigan State",140,0.0181023302444805,-0.347449850715487,-10.0652783289271,-1.55182208888781,0.475903614457832,0.246987951807229,0.0277777777777778,-31.5668506110477,-0.0699825326374393,1
"1516",2023,"N. Vattiato","Middle Tennessee",409,0.0153390563661493,0.0759962963724634,-1.02513330720214,18.9234447641109,0.415750915750916,0.254578754578755,0.0704545454545454,-71.5195568206401,0.0327807902141187,1
"1517",2023,"P. Stone","SMU",305,0.348031628302558,0.345017573749033,120.099553925912,6.2584408844383,0.472527472527472,0.348901098901099,0.0348101265822785,-25.3600838010352,0.347137348380084,1
"1518",2023,"P. Thorne","Auburn",252,0.0794170346415789,0.157872618374118,-1.14730219682195,40.195102126035,0.440104166666667,0.296875,0.106382978723404,-35.7803530975058,0.101686978982326,1
"1519",2023,"Q. Ewers","Texas",368,0.226955783319519,0.349813974795085,93.8009710529151,15.3659123787587,0.492890995260664,0.319905213270142,0.0636132315521628,-33.2741702296791,0.258689297231455,1
"1520",2023,"R. Becht","Iowa State",343,0.13835206290642,0.489085138497941,116.314496165327,-8.0226824250902,0.451851851851852,0.325925925925926,0.0338028169014085,-26.1079338087592,0.267387194420337,1
"1521",2023,"R. Leonard","Duke",162,0.107667553541138,-0.0236323299234765,-2.27453224648697,18.8712003184481,0.490909090909091,0.263636363636364,0.0414201183431953,-12.2683583294296,0.0754394003270961,1
"1522",2023,"R. Lombardi","Northern Illinois",313,0.0156859833165847,-0.0472885300148633,17.0871234850046,-18.6836220045412,0.4140625,0.25,0.0428134556574923,-42.0714237125606,-0.00415754822796007,1
"1523",2023,"R. O'connor","Delaware",215,0.183247197918661,-0.181589399949447,24.0161842062284,0.100271185053494,0.471698113207547,0.316981132075472,0.0652173913043479,-32.4589141445038,0.0910054920425732,1
"1524",2023,"S. Hartman","Notre Dame",287,0.251744354094333,0.244509632322822,83.7789859651226,-0.836515921696778,0.512048192771084,0.322289156626506,0.0465116279069767,-50.0855929665259,0.24982671699827,1
"1525",2023,"S. Henigan","Memphis",432,0.250371762810782,0.753615062495802,182.334239072851,12.7699639259327,0.522813688212928,0.342205323193916,0.0421286031042128,-45.1710019552435,0.370920538020501,1
"1526",2023,"S. Rattler","South Carolina",382,0.280465868627287,-0.119511751020547,61.3644804448754,14.8624040276384,0.491666666666667,0.304166666666667,0.0969267139479907,-21.7730301706933,0.158806009317737,1
"1527",2023,"S. Robertson","Baylor",117,-0.0989692235725043,-0.0300128037811798,-16.8520554521223,4.77385952012859,0.361842105263158,0.25,0.0714285714285714,-19.6022578997207,-0.0794618153420637,1
"1528",2023,"S. Sanders","Colorado",401,0.0999007135488973,0.286513710598667,59.6983102278271,14.0828986668201,0.453465346534654,0.281188118811881,0.106904231625835,-9.74397795401216,0.149048294950124,1
"1529",2023,"T. Bourguet","Arizona State",244,-0.060645232016534,-0.358972156381941,-40.0662739671288,4.06312954656431,0.356877323420074,0.20817843866171,0.0200803212851406,-14.1816996487881,-0.133840685578307,1
"1530",2023,"T. Castellanos","Boston College",296,-0.0204705178455856,0.724575789386585,28.3435382678222,70.8611279011316,0.44047619047619,0.303571428571428,0.0543130990415335,-61.6950539851077,0.196834655097131,1
"1531",2023,"T. Dyke","Miami",331,0.15256289488889,0.000364618596324044,40.289286591737,-0.588295153974826,0.43943661971831,0.307042253521127,0.029325513196481,-53.3769063241748,0.111833778697922,1
"1532",2023,"T. Finley","Texas State",390,0.262157483037204,0.324552037279384,125.982437209538,3.83232152544996,0.489224137931034,0.338362068965517,0.0625,-32.3411621962076,0.279773186928854,1
"1533",2023,"T. Green","Boise State",187,0.0226996430882085,0.301544338331899,-2.4598022267346,25.9289252300213,0.453846153846154,0.334615384615385,0.041025641025641,-58.861079724765,0.0902658577049488,1
"1534",2023,"T. Ivey","Charlotte",186,-0.227093263605502,-0.00954516083741806,-23.1552617358078,-9.59986581704928,0.362385321100917,0.247706422018349,0.0792079207920792,-27.2849254010834,-0.15025287868283,1
"1535",2023,"T. Jackson","Indiana",119,-0.0536873438267966,-0.0562484708634276,0.015282830411798,-7.96632461873587,0.445205479452055,0.267123287671233,0.0555555555555556,-19.6089112001791,-0.0544591903309868,1
"1536",2023,"T. Mordecai","Wisconsin",288,0.154215597007323,-0.232704999398865,18.0613948513088,0.923178788811292,0.46524064171123,0.267379679144385,0.0495049504950495,-32.3416959657481,0.0507608920858827,1
"1537",2023,"T. Muskett","Virginia",139,-0.00596115455632603,-0.0966317451857664,3.33736704100503,-10.1392522621829,0.429292929292929,0.272727272727273,0.120253164556962,-22.6376694200771,-0.0343529556625144,1
"1538",2023,"T. Phommachanh","Massachusetts",211,0.00670319767980698,-0.00801208502256426,-7.31605250180426,8.09830509990565,0.411764705882353,0.294117647058824,0.0704845814977974,-43.2001451054792,0.00306765724745644,1
"1539",2023,"T. Tagovailoa","Maryland",397,0.179004794340994,0.247409105603857,81.1901809840155,7.70285026170888,0.482532751091703,0.314410480349345,0.0479616306954437,-55.2328091219955,0.19408958787276,1
"1540",2023,"T. Ulatowski","Kent State",115,0.0956434663489599,-0.285938635357741,-2.8932045057185,-0.882945963782958,0.375,0.24375,0.0650406504065041,-22.0058358795966,-0.023600940434384,1
"1541",2023,"W. Howard","Kansas State",330,0.277822811246872,0.11331175929378,73.2516335511957,20.6877693070631,0.509803921568627,0.330882352941176,0.0434782608695652,-41.5116770376206,0.230243634456517,1
"1542",2023,"W. Rogers","Mississippi State",222,0.0558188792912195,-0.173226330251763,-7.48979071711652,2.94766744623103,0.386454183266932,0.266932270916335,0.0632911392405063,-19.2586971792137,-0.0180961086489462,1
"1543",2023,"Z. Chriss","Louisiana",147,0.208215014137313,0.290273091821321,20.5169096838922,30.8703427088293,0.495454545454545,0.327272727272727,0.0516129032258065,-20.4271711044986,0.233578419966916,1
"1544",2023,"Z. Webb","Jacksonville State",201,0.109393556560396,-0.181426253694164,-35.5870234884972,40.9320299635784,0.454268292682927,0.268292682926829,0.0336538461538461,-42.3269394315374,0.0162957514484182,1
"1545",2024,"A. Armenta","UL Monroe",180,-0.131214539753732,-0.0984301563018755,-31.1000604659691,4.42910738763724,0.34375,0.267857142857143,0.0816326530612244,-36.8886069473201,-0.119066754813981,1
"1546",2024,"A. Barnett","James Madison",342,0.0448961818189,0.129187936238745,5.93987704641712,27.0913619634829,0.435244161358811,0.267515923566879,0.088,-32.6862254953587,0.0701300191292994,1
"1547",2024,"A. Bowman","Oklahoma State",335,0.0873355927980977,0.126936745613292,40.7284405022846,-5.62911974465937,0.439775910364145,0.288515406162465,0.0204678362573099,-39.3103022988762,0.098317425091387,1
"1548",2024,"A. Chiles","Michigan State",298,0.0674726998288152,0.178536148960175,24.6447855762027,14.2872098087078,0.48849104859335,0.29156010230179,0.080246913580247,-75.3508620636932,0.0995703206775203,1
"1549",2024,"A. Colandrea","Virginia",314,-0.0370024257174248,-0.291863579140325,-50.8786465030371,3.21265489063601,0.376417233560091,0.235827664399093,0.110481586402266,-60.7380408279779,-0.108086148780955,1
"1550",2024,"A. Daniels","Stanford",270,-0.0752697358538196,0.0796626840687849,-30.7400502815332,15.4699350506562,0.424821002386635,0.22673031026253,0.0721649484536083,-53.1932847447635,-0.0364441890951717,1
"1551",2024,"A. Johnson","Kansas State",364,0.0987703289289194,0.331879625785966,42.8068003633663,35.5788609535717,0.454736842105263,0.31578947368421,0.0293333333333334,-64.5415053907256,0.165022444877764,1
"1552",2024,"A. Kaliakmanis","Rutgers",359,0.125084937935315,0.280255498912069,56.9363414442331,17.2170958704877,0.478359908883827,0.323462414578588,0.0401069518716578,-27.5155227244705,0.168914435796631,1
"1553",2024,"B. Archie","South Florida",284,-0.257820448332616,0.0843165546282111,-57.8169394388283,5.55698985106447,0.382857142857143,0.217142857142857,0.0688524590163934,-62.9981861114915,-0.149314141679325,1
"1554",2024,"B. Barnes","Utah State",130,0.253564651536179,-0.122826815674804,-10.0376453787216,36.9071754158041,0.515151515151515,0.313131313131313,0.0510948905109489,-19.0951782728783,0.135704697156982,1
"1555",2024,"B. Braxton","Marshall",196,0.0597853008020918,0.220115728680631,27.9667304010513,5.0535277802489,0.426332288401254,0.272727272727273,0.0485436893203884,-18.042668996642,0.103511781132602,1
"1556",2024,"B. Brown","South Florida",131,-0.0751080008233613,0.0802799124051881,-19.3243218086174,13.2349406987958,0.396984924623116,0.226130653266332,0.102739726027397,-9.15084429648815,-0.0305999050744803,1
"1557",2024,"B. Cook","Missouri",305,0.0801253781596873,0.407125340767781,52.6742692547838,17.8146237404655,0.458974358974359,0.284615384615385,0.0644171779141104,-6.04581641495285,0.18074075126987,1
"1558",2024,"B. Daily","Army",101,0.250340562878932,0.482539782837956,30.1684479892884,102.889280605706,0.529268292682927,0.3,0.0380952380952381,-16.094958904115,0.324531045353645,1
"1559",2024,"B. Edwards","Maryland",416,0.069584231426826,0.0191852512314755,15.9179990574878,11.1799728680024,0.430020283975659,0.271805273833671,0.0325581395348838,-38.0445611159824,0.0549654602951119,1
"1560",2024,"B. Finley","Akron",344,-0.0228193935677806,-0.0216740388861632,1.57102696289332,-11.0040731434522,0.393794749403341,0.272076372315036,0.054945054945055,-47.2346121743643,-0.0225132367077778,1
"1561",2024,"B. Fowler-Nicolosi","Colorado State",357,-0.0255318357223821,0.172185827766404,22.5833410852714,-6.02759529607101,0.403022670025189,0.269521410579345,0.0219178082191781,-42.6654847360217,0.0417021304513864,1
"1562",2024,"B. Gabbert","Miami (OH)",359,0.0961768470994147,-0.0978972693513862,21.7103347997502,-2.36363833052205,0.43520782396088,0.290953545232274,0.0602094240837696,-41.1327204654325,0.0473024363550811,1
"1563",2024,"B. Glenn","Florida State",109,-0.161542297322867,-0.339754564283228,-32.8786784052747,0.705974242763733,0.333333333333333,0.208333333333333,0.0991735537190082,-32.328546107292,-0.223421556684104,1
"1564",2024,"B. Gulbranson","Oregon State",126,0.205315247644303,0.211290871626321,21.0211108398786,8.03375627738872,0.442857142857143,0.35,0.0381679389312977,-14.5446476303541,0.207534765123338,1
"1565",2024,"B. Horvath","Navy",135,0.394483683563381,0.215981943646099,42.5830798498493,62.6742363551993,0.5,0.301948051948052,0.0625,-24.0429905328784,0.341744533133275,1
"1566",2024,"B. Lewis","Nevada",309,0.118785400247787,0.14688552091845,13.8024861294793,44.5262987099246,0.472885032537961,0.286334056399132,0.069277108433735,-31.3432326762814,0.126526648241657,1
"1567",2024,"B. Locke","Wisconsin",290,0.0772391621874828,-0.257152372377972,-12.8285656317529,5.33990166071979,0.409677419354839,0.274193548387097,0.0333333333333333,-38.5194551751009,-0.0241569805517198,1
"1568",2024,"B. Morton","Texas Tech",447,0.01403759175399,0.339483077343551,52.8540608275989,-0.937825530998432,0.424849699398798,0.284569138276553,0.0407725321888413,-39.4564414714958,0.104040551696594,1
"1569",2024,"B. Schager","Hawai'i",388,0.0338582987362177,-0.148943940956744,-29.2760303315443,22.3529872567843,0.445086705202312,0.262042389210019,0.0892018779342723,-61.2787122515168,-0.0133391966758379,1
"1570",2024,"B. Shapen","Mississippi State",106,0.212397650746113,-0.0326909931111878,17.0664111547737,4.15653940089895,0.434782608695652,0.253623188405797,0.0782608695652174,-7.69534584841057,0.153789496780236,1
"1571",2024,"B. Sorsby","Cincinnati",376,0.173013468278525,0.0880843758535933,42.2718898565739,30.0766645550054,0.484407484407484,0.318087318087318,0.0408163265306122,-49.4954080376824,0.150412795034468,1
"1572",2024,"B. Vandagriff","Kentucky",213,-0.072129429530314,-0.0718912197753492,-28.9797914902693,7.14625143028588,0.399339933993399,0.270627062706271,0.105042016806723,-48.8790828111306,-0.0720578879867438,1
"1573",2024,"B. Wooldridge","Louisiana",285,0.231715880428551,0.183002373349017,50.867185421868,24.7761530480139,0.505780346820809,0.341040462427746,0.0371621621621622,-22.3048762226158,0.21862236551989,1
"1574",2024,"C. Bailey","NC State",293,0.115795512866934,0.255053354841813,44.2207050598349,14.9811246686242,0.483375959079284,0.29923273657289,0.0727848101265823,-46.3784547955132,0.151411329228795,1
"1575",2024,"C. Bazelak","Bowling Green",391,0.149245053835615,0.137803817619601,61.7516252768079,2.62384770148055,0.487528344671202,0.308390022675737,0.0600961538461538,-27.8620751906691,0.145976129202468,1
"1576",2024,"C. Beck","Georgia",438,0.125146984997684,0.17879946566281,54.0612646093932,14.4322220152687,0.473577235772358,0.298780487804878,0.0373626373626374,-72.4119076280741,0.139214403708663,1
"1577",2024,"C. Conklin","Sacramento State",328,0.169475984552756,0.165284678042604,64.1722951337746,-4.40230342950063,0.495774647887324,0.31830985915493,0.0238095238095238,-39.7822496446738,0.168366173814856,1
"1578",2024,"C. Fancher","Florida Atlantic",199,0.0479033865354659,-0.0683484375529836,-14.3091979868652,18.3472333701501,0.426621160409556,0.273037542662116,0.10762331838565,-31.0073707594783,0.0137816907279347,1
"1579",2024,"C. Joseph","Old Dominion",195,0.144467032431303,0.775225415524934,64.2982695491575,27.7160161851798,0.486301369863014,0.315068493150685,0.075829383886256,-23.6130229916691,0.315117416898416,1
"1580",2024,"C. Klubnik","Clemson",485,0.121068690969437,0.330608069598452,74.6363257574762,29.7664036881367,0.464226289517471,0.26955074875208,0.0433925049309665,-23.5362290800761,0.173715024035962,1
"1581",2024,"C. Legas","Tulsa",160,-0.0696492320435381,0.198209918812049,1.75086910175313,2.09955836895292,0.350210970464135,0.232067510548523,0.0643274853801169,-24.1003428715592,0.0162465294122617,1
"1582",2024,"C. Mcnamara","Iowa",164,-0.0904033974519945,-0.0395441713697136,-10.626959453371,-1.74652278184551,0.419540229885058,0.258620689655172,0.029585798816568,-17.8758605452459,-0.0711119668690604,1
"1583",2024,"C. Miller","North Dakota State",341,0.344247867755588,0.603247480696961,148.253488141427,57.0386704353562,0.562886597938144,0.354639175257732,0.0501392757660167,-19.8299559587969,0.423282801189244,1
"1584",2024,"C. Morris","North Texas",481,0.180300403420161,0.0205631997220557,64.9101678251913,9.78993029628653,0.44731977818854,0.310536044362292,0.0243407707910751,-69.7579436319653,0.13807781538166,1
"1585",2024,"C. Ogbonna","Buffalo",287,0.107516092658514,0.141656425458819,45.3719353500891,2.61542053490617,0.438423645320197,0.293103448275862,0.0620915032679739,-26.516691734312,0.118195457844816,1
"1586",2024,"C. Snyder","Eastern Michigan",374,-0.0366124443185908,0.38360062160252,29.1037757543479,8.6614020754575,0.460606060606061,0.282828282828283,0.0696517412935323,-58.521400380502,0.0762932885450613,1
"1587",2024,"C. Veilleux","Georgia State",270,0.0581664110544808,0.16319003879051,19.8640592693586,6.23334954364864,0.434343434343434,0.2996632996633,0.0322580645161291,-50.8602155662759,0.0878700633434587,1
"1588",2024,"C. Veltkamp","Western Kentucky",386,-0.0430324886073044,0.361754355687058,49.6090643478046,-4.29244685427984,0.438877755511022,0.282565130260521,0.0585365853658536,-81.1485132621516,0.0908148647164827,1
"1589",2024,"C. Ward","Miami",447,0.361624161870581,0.598657283196182,172.880230766245,39.2566690633184,0.541501976284585,0.401185770750988,0.0489361702127659,-56.133418061818,0.419242885038662,1
"1590",2024,"C. Weigman","Texas A&M",113,-0.0559628021475634,0.0561170830702837,-12.2623357578294,7.9581369819941,0.460992907801418,0.24113475177305,0.0737704918032787,-18.4654546791982,-0.0305262324527327,1
"1591",2024,"D. Allar","Penn State",387,0.242236974283007,0.183187217373697,83.8068788631675,25.0386753153945,0.510373443983402,0.344398340248963,0.0467980295566502,-50.9121267477631,0.225820651822743,1
"1592",2024,"D. Bryson","Kennesaw State",250,-0.125876428885768,-0.163435344362046,-40.3256406172092,-9.14571371707737,0.350974930362117,0.206128133704735,0.053030303030303,-45.0933803533713,-0.13780321541584,1
"1593",2024,"D. Dampier","New Mexico",359,0.242986206509842,0.185173914149128,32.2570722430237,81.384423394933,0.506048387096774,0.314516129032258,0.00828729281767954,-47.4114871155128,0.229115918624913,1
"1594",2024,"D. Gabriel","Oregon",440,0.212322591189485,0.368267115068089,117.835799730765,14.1654790834744,0.499025341130604,0.317738791423002,0.0434782608695652,-48.506287457319,0.257312434335749,1
"1595",2024,"D. Lagway","Florida",191,0.179757763778601,-0.20019108063437,9.33167450630824,4.35393670012277,0.439834024896266,0.307053941908714,0.0637254901960785,-38.7262165040899,0.056786768491415,1
"1596",2024,"D. Mensah","Tulane",284,0.253284805475738,0.450116820468581,83.8019691337075,23.9389127337121,0.495626822157434,0.358600583090379,0.0533333333333334,-22.0571561430121,0.314113358214051,1
"1597",2024,"D. O'neil","San Diego State",327,-0.00385461587428297,0.0231921915973951,6.00439275821083,-4.18472574968738,0.399497487437186,0.278894472361809,0.0710227272727273,-24.1884802045656,0.00457202765960671,1
"1598",2024,"D. Pavia","Vanderbilt",288,0.10862629931889,0.202059323543408,43.5944909421296,20.8663720271381,0.429175475687104,0.272727272727273,0.0588235294117647,-21.585261702671,0.136280894226782,1
"1599",2024,"D. Purdie","Charlotte",187,0.0114659379326173,-0.218912688028233,-13.4777027714685,1.94711293303244,0.363636363636364,0.286363636363636,0.0922330097087378,-40.0711469197697,-0.0524117719928912,1
"1600",2024,"D. Raiola","Nebraska",385,0.147001469873713,-0.226255908041947,13.1052737978912,7.5827058552944,0.445221445221445,0.277389277389277,0.0493827160493826,-38.2920478678277,0.0478141946233977,1
"1601",2024,"D. Rizk","UCF",110,0.148805819354564,0.119887318714509,22.5305702360006,-3.68949346681112,0.492537313432836,0.305970149253731,0.0434782608695652,-19.832324197087,0.140605050516339,1
"1602",2024,"D. Smith","Houston",135,-0.0749679058893347,-0.305939064901619,-33.0577469960278,4.12486093019019,0.378787878787879,0.207070707070707,0.0816326530612245,-30.2276246196865,-0.1461256872012,1
"1603",2024,"D. Warren","Michigan",203,-0.147066711177745,0.257758243469172,-3.00773021491569,1.71388373133293,0.431192660550459,0.284403669724771,0.0287081339712919,-44.269604558897,-0.00593507561276497,1
"1604",2024,"D. Williams","Washington",105,0.172009487207623,0.21458742672459,16.2965243260231,18.3404680029263,0.473404255319149,0.303191489361702,0.166666666666667,-8.84538018960667,0.184239320898667,1
"1605",2024,"D.J. Uiagalelei","Florida State",148,-0.0405283371855853,0.0962279465652045,1.06616354108957,0.229024576813278,0.369565217391304,0.266304347826087,0.0691823899371069,-22.1292093700965,0.00703906585816769,1
"1606",2024,"E. Brown","San José State",204,0.0983748927095981,0.22389929880592,39.3672617463216,-10.5360414976209,0.460526315789474,0.307017543859649,0.0239234449760765,-29.1215608215888,0.126452720389038,1
"1607",2024,"E. Bullock","Louisiana Tech",287,-0.158799539924232,0.256353166757551,7.00008565184843,-15.7039764840306,0.411594202898551,0.272463768115942,0.0917721518987342,-31.9029339870378,-0.0252286690787888,1
"1608",2024,"E. Crawford","Southern Miss",113,-0.271499135018785,-0.196364501899237,-54.9074499605285,3.59088016441056,0.318840579710145,0.231884057971014,0.181159420289855,-34.9369389225236,-0.247906134280763,1
"1609",2024,"E. Garbers","UCLA",364,0.0348207927526305,0.106965284793561,15.6499445767203,9.72660070127204,0.456375838926175,0.308724832214765,0.0808080808080808,-70.1444024140698,0.056770794805352,1
"1610",2024,"E. Hampton","Northern Illinois",230,0.052721993461732,0.077277729161368,-1.0292015117512,17.8677656493179,0.415162454873646,0.27797833935018,0.0495867768595042,-30.2016231435783,0.0607890402078218,1
"1611",2024,"E. Holstein","Pittsburgh",273,0.13245500023841,0.11855593699367,26.5754897755184,18.873785564808,0.467236467236467,0.282051282051282,0.068259385665529,-35.2286122001735,0.129485114929705,1
"1612",2024,"E. Simon","Temple",290,-0.0550736737231559,0.110741024540022,10.1392625690178,-9.73342353577771,0.352,0.24,0.0851735015772871,-17.4496973694105,0.00108223742197366,1
"1613",2024,"E. Svoboda","Wyoming",201,-0.153541952268321,0.0387433823534988,-43.5991869667618,17.8427915686171,0.346534653465347,0.260726072607261,0.110619469026549,-41.9988080853855,-0.0850046052744051,1
"1614",2024,"E. Vasko","Coastal Carolina",235,0.213509443388227,0.354205838712808,64.8637236379484,22.0077063890923,0.489675516224189,0.324483775811209,0.0289256198347107,-35.700962403453,0.256257905684486,1
"1615",2024,"E. Warner","Rice",419,-0.0170440468594429,-0.155482797681881,-18.3013937730226,-6.05133997580392,0.390134529147982,0.246636771300448,0.0164319248826291,-47.9901706355095,-0.0546025420377276,1
"1616",2024,"F. Brock","Temple",102,-0.401132399823625,-0.335573062185685,-38.9272171546812,-10.5976213168724,0.338461538461538,0.215384615384615,0.081081081081081,-37.7170962898598,-0.380960295935028,1
"1617",2024,"F. Mendoza","California",357,0.185394914305328,0.21836272978047,64.8126406422402,18.8757223446135,0.491841491841492,0.305361305361305,0.0846153846153846,-12.5559394961773,0.195077769200125,1
"1618",2024,"G. Greene","West Virginia",291,0.107713785629605,0.60967935316006,59.7372777462233,44.555624976163,0.472813238770686,0.321513002364066,0.0643086816720258,-43.4188915606967,0.246555325584837,1
"1619",2024,"G. James","Boston College",162,-0.0364678523758939,0.433792755982466,17.9222228431903,10.1266880132597,0.429292929292929,0.333333333333333,0.0689655172413793,-21.6862702485241,0.141661165941667,1
"1620",2024,"G. Lopez","South Alabama",293,0.273616952348988,0.359238526352389,68.5490270168902,41.1136640652464,0.543010752688172,0.32258064516129,0.0361842105263158,-34.7433042682647,0.294792180328324,1
"1621",2024,"G. Mccoy","Oregon State",200,-0.0333371685760514,0.271950923630692,-22.6087522939611,38.1588592542487,0.443579766536965,0.256809338521401,0.0697674418604651,-25.6458058957944,0.0605062527637647,1
"1622",2024,"G. Nussmeier","LSU",509,0.118185041739276,0.338111301871088,89.1073039739137,9.61204035455429,0.477064220183486,0.328440366972477,0.0304761904761905,-72.5520899155196,0.181136411611868,1
"1623",2024,"H. Bachmeier","Wake Forest",334,-0.0169809067723875,0.224587560094109,-2.36649193088136,24.6039786035569,0.460093896713615,0.293427230046948,0.0972972972972974,-48.9021677998572,0.0522006729405529,1
"1624",2024,"H. Card","Purdue",231,-0.0310997947339255,0.0311230813982069,-4.40097122840862,1.10637235307644,0.431159420289855,0.257246376811594,0.0796812749003984,-35.0730333043419,-0.0119369524468556,1
"1625",2024,"H. King","Georgia Tech",261,0.281166050884819,0.347295935705753,90.6759908852855,23.7230179937166,0.519480519480519,0.296103896103896,0.0224719101123595,-13.0491882853848,0.297140282802603,1
"1626",2024,"H. Watson","Sam Houston",263,-0.051232970567982,0.208253653283925,-18.4193691244823,29.5935143202582,0.416867469879518,0.28433734939759,0.0836236933797908,-40.2170084356479,0.0269256510741589,1
"1627",2024,"H. Wolff","Western Michigan",283,0.205308338440842,0.0422565108842712,64.3183905181897,-15.4200346714275,0.481012658227848,0.325949367088608,0.0629139072847682,-30.0713044908925,0.154741632426463,1
"1628",2024,"I. Wilson","Utah",214,-0.0790063294040519,-0.371554653947161,-37.4683847978115,-9.10148638139396,0.350553505535055,0.247232472324723,0.0815450643776823,-45.9466120370002,-0.171844543096699,1
"1629",2024,"J. Aguilar","App State",384,0.0733403717058818,0.443592497209749,43.3035893444698,33.3230888948763,0.441913439635535,0.318906605922551,0.0327455919395466,-78.2313303508683,0.174548242003066,1
"1630",2024,"J. Arnold","Oklahoma",220,-0.107843053995971,0.00181846577004866,-29.7084275400355,2.7138245100556,0.400568181818182,0.247159090909091,0.105691056910569,-43.6300237913448,-0.076689213153352,1
"1631",2024,"J. Clark","Missouri State",345,0.188093921222099,0.471972861970875,104.107300160787,6.96699093927453,0.491725768321513,0.333333333333333,0.0968586387434554,-41.165109048911,0.262586976595891,1
"1632",2024,"J. Criswell","North Carolina",296,0.133837387584651,0.175180416766535,32.9602556291208,20.3869727200631,0.442307692307692,0.302197802197802,0.0662460567823344,-45.3202599758073,0.146558319640615,1
"1633",2024,"J. Daniels","Kansas",290,0.156277224028683,0.445299187048022,59.4720799849245,26.9485849308022,0.506561679790026,0.31758530183727,0.0235690235690236,-49.4694568040881,0.226825892167262,1
"1634",2024,"J. Dart","Ole Miss",395,0.352181710086538,0.254299528307341,148.691789737709,22.7169965630989,0.514506769825919,0.326885880077369,0.0639810426540285,-25.9051061854182,0.331545041200789,1
"1635",2024,"J. Fagnano","UConn",198,0.0957612510817063,0.1899078978203,35.8470439455333,-8.64873443914747,0.449339207048458,0.246696035242291,0.0198019801980198,-27.7632834803266,0.119816341437823,1
"1636",2024,"J. French","Georgia Southern",393,-0.0366110689350619,0.196442867802946,-0.0864574876814395,15.011190290008,0.43811394891945,0.294695481335953,0.0642857142857143,-76.5163204797305,0.0293216754466141,1
"1637",2024,"J. Garcia","East Carolina",176,-0.0712775774301928,-0.057690850062388,-18.1841981228651,3.60344504001175,0.449074074074074,0.287037037037037,0.0638297872340426,-59.4254411712918,-0.0675034864946915,1
"1638",2024,"J. Holst","Northern Illinois",108,-0.0179317429290927,0.00614682572775952,-4.48164985215095,3.07470811158216,0.419354838709677,0.27741935483871,0.0442477876106195,-12.6355655540751,-0.00907704348754056,1
"1639",2024,"J. Hoover","TCU",436,0.219412011310263,0.304116146329539,123.200349991667,-7.12515941529295,0.50625,0.33125,0.033259423503326,-70.1339731799371,0.24182331370078,1
"1640",2024,"J. Kitna","UAB",328,-0.0975980406077298,-0.0552065612185603,-18.9012781562542,-12.9373262982281,0.411764705882353,0.235294117647059,0.0601719197707736,-71.1635960560922,-0.0851299584344447,1
"1641",2024,"J. Labas","Central Michigan",144,-0.0889230218678164,-0.372636843889648,-34.5322611778065,4.71726222417345,0.392638036809816,0.239263803680982,0.0526315789473684,-32.6002644808791,-0.182914104010018,1
"1642",2024,"J. Lausch","Northwestern",281,-0.0717605225451483,-0.214522045327147,-53.3672833275593,11.6839280932709,0.394021739130435,0.230978260869565,0.0695364238410596,-33.9275030897512,-0.113269987049697,1
"1643",2024,"J. Maiava","USC",164,0.0985574595562392,-0.422210555731864,-14.8077601388994,10.0285400245709,0.46195652173913,0.271739130434783,0.029585798816568,-40.4643747880698,-0.025974022360481,1
"1644",2024,"J. Mateer","Washington State",320,0.393575857816191,0.319206922608877,126.622740855139,50.5182675500547,0.533898305084746,0.349576271186441,0.0724637681159421,-28.4377292385258,0.375298746621173,1
"1645",2024,"J. Mccloud","Texas State",339,0.321427232909469,0.273043951029082,101.995585238935,18.6194739714799,0.551282051282051,0.343589743589744,0.0341880341880342,-66.4743736940483,0.309269382590808,1
"1646",2024,"J. Milroe","Alabama",311,0.110439146475504,0.186809659997325,20.0426341012938,42.5227036447901,0.460251046025104,0.326359832635983,0.0688622754491017,-70.1903954884668,0.130889827920678,1
"1647",2024,"J. Raynor","Arkansas State",410,0.034002632257827,0.0576953057169142,16.6498000200266,5.57045441716955,0.415129151291513,0.254612546125461,0.0702947845804989,-40.0995112347374,0.0409967794044209,1
"1648",2024,"J. Retzlaff","BYU",363,0.0507481406518685,0.168106787088889,21.4252327503079,15.0979661260164,0.434125269978402,0.300215982721382,0.047244094488189,-71.5894466448418,0.078883798868951,1
"1649",2024,"J. Zeno","UAB",119,0.0223730877562225,0.143662212034509,3.96156135673561,4.67695341393275,0.437908496732026,0.287581699346405,0.062992125984252,-23.8907004265637,0.0564608808540416,1
"1650",2024,"K. Anderson","Wyoming",115,0.132877424833883,0.524028350387086,35.8370473669127,-3.81716169442321,0.437037037037037,0.303703703703704,0.00862068965517242,-5.91411512077789,0.237184338314737,1
"1651",2024,"K. Drones","Virginia Tech",218,-0.0254395296283434,0.104500173306838,2.75376155028926,1.54887681120302,0.440514469453376,0.279742765273312,0.0480349344978166,-40.0526475743874,0.0138348500369527,1
"1652",2024,"K. Francis","Tulsa",246,0.0395568048268828,-0.553411767300237,-37.5086341308531,-3.16195351198671,0.358695652173913,0.246376811594203,0.0428015564202335,-27.8978395481449,-0.147357201604492,1
"1653",2024,"K. Houser","East Carolina",236,0.152076070751862,0.292213566859559,42.2762869493667,12.2525157542414,0.448763250883392,0.300353356890459,0.0247933884297521,-28.1984617578355,0.192681281638191,1
"1654",2024,"K. Jenkins","Florida International",298,0.160698240542762,-0.350995156662439,19.149312831744,-12.2346855025148,0.428571428571428,0.299191374663073,0.0448717948717949,-54.9847440482965,0.0186378095127472,1
"1655",2024,"K. Jennings","SMU",363,0.157460689028836,0.403826703812559,105.213386877006,-2.07462340153058,0.470715835140998,0.329718004338395,0.0371352785145889,-58.0984485397929,0.223728337256996,1
"1656",2024,"K. Mccord","Syracuse",559,0.256088374649925,0.550903570307115,198.407082581324,14.3426179555014,0.523125996810207,0.35725677830941,0.0460750853242321,-54.4912741878269,0.339313716964634,1
"1657",2024,"K. Rourke","Indiana",319,0.344662796221833,0.33045208808342,125.355135885786,-0.903232537966086,0.553424657534247,0.378082191780822,0.0589970501474926,-28.5694005269629,0.34096411876115,1
"1658",2024,"K. Salter","Liberty",253,0.119436591427121,0.0721937138760778,17.8288647261623,20.1159790847387,0.469613259668508,0.298342541436464,0.062962962962963,-36.2078833522518,0.104820010527351,1
"1659",2024,"K. Semonza","Ball State",409,0.0194726524593223,0.166108765774215,20.8748783610328,9.78468654085954,0.443478260869565,0.269565217391304,0.0704545454545455,-52.6618850278459,0.066651228047592,1
"1660",2024,"L. Altmyer","Illinois",333,0.0999889091114761,0.217950684554606,57.3597222584548,-0.873054918461584,0.458432304038005,0.308788598574822,0.0698324022346368,-41.4811279766485,0.134172606508297,1
"1661",2024,"L. Sellers","South Carolina",303,0.148489019718502,0.0289164364963003,42.1647281049491,10.9834193328386,0.464208242950108,0.305856832971801,0.0818181818181818,-68.7895913643631,0.115288823075461,1
"1662",2024,"M. Brosmer","Minnesota",396,0.0155741473562952,0.148702084497092,20.9430867625919,2.70477632111598,0.453961456102784,0.286937901498929,0.061611374407583,-52.7426358793345,0.0506378224490533,1
"1663",2024,"M. Buren","Mississippi State",235,0.0351032304729563,0.0738620782310164,9.48169239344844,4.6852972031259,0.407284768211921,0.268211920529801,0.0996168582375479,-31.8136296421428,0.0469105615780608,1
"1664",2024,"M. Caldwell","Troy",221,0.0779477946898211,0.388943217952991,35.701129905383,9.99056513785279,0.48314606741573,0.337078651685393,0.0432900432900432,-33.7356052298646,0.171129943982157,1
"1665",2024,"M. Hawkins","Oklahoma",119,-0.153681772693895,-0.0733534276183696,-19.8959063114018,-4.42452620320262,0.368983957219251,0.20855614973262,0.0984848484848485,-16.4648724333026,-0.130055788848152,1
"1666",2024,"M. Keene","Fresno State",374,-0.0336494771967663,0.113845627749748,14.3990081765634,-10.9927683067295,0.423076923076923,0.276442307692308,0.0555555555555555,-63.6281555472267,0.0081880766101776,1
"1667",2024,"M. Madsen","Boise State",384,0.23495675723538,0.300571103497319,82.6797616758159,29.2966908680652,0.515909090909091,0.336363636363637,0.0303030303030303,-23.9705678249259,0.25449193759973,1
"1668",2024,"M. Moss","USC",363,0.0835754703338811,0.160316535752561,34.3043314375624,4.61176958799529,0.467362924281984,0.276762402088773,0.0241935483870967,-46.6747241187916,0.101608618865686,1
"1669",2024,"M. Murphy","Duke",406,0.127034611078939,-0.305710859440087,3.29129187221814,-5.68552794222133,0.417452830188679,0.278301886792453,0.026378896882494,-57.9284566999657,-0.00564678318396981,1
"1670",2024,"M. Reed","Texas A&M",237,0.149495104352476,0.204903684058385,37.3257341625701,20.205958853152,0.48,0.297142857142857,0.052,-34.5899258383674,0.164376265759206,1
"1671",2024,"N. Evers","UConn",178,-0.120561317856358,-0.0885878353842605,-20.9235436431869,-7.30835251895286,0.387351778656126,0.24901185770751,0.0481283422459893,-30.2311068531368,-0.111588522379999,1
"1672",2024,"N. Fifita","Arizona",427,-0.101450757298756,0.324541404925384,-0.188478192910757,13.4229963683941,0.427698574338086,0.272912423625255,0.0594713656387664,-62.0654811456367,0.0269542121700272,1
"1673",2024,"N. Iamaleava","Tennessee",334,0.0687150462779111,0.136523303815968,20.5997086720942,17.9102394760492,0.446952595936795,0.27765237020316,0.074792243767313,-45.0606059201003,0.0869299055262831,1
"1674",2024,"N. Minicucci","Delaware",116,-0.116651644158763,0.504261401795264,1.0642086652559,3.47861425795859,0.430379746835443,0.265822784810127,0.0569105691056911,-37.1693906842617,0.0287520438178132,1
"1675",2024,"N. Vattiato","Middle Tennessee",413,0.00281140166597364,-0.0234688983781025,-1.70916773189556,-0.783050046638792,0.416498993963783,0.265593561368209,0.0634920634920636,-68.2500440135187,-0.00501452269322806,1
"1676",2024,"N. Yarnell","Pittsburgh",159,-0.0806288137044913,0.245217035902986,-3.19535836794465,4.9038273521741,0.435233160621762,0.259067357512953,0.0914285714285714,-26.0797528093495,0.00885217090274334,1
"1677",2024,"O. Mccown","UTSA",435,0.0990080590378456,0.093738761202693,28.8903276499832,21.50644419731,0.437137330754352,0.272727272727273,0.0502183406113537,-48.0834614833565,0.0974792492210702,1
"1678",2024,"P. Awad","New Mexico State",138,0.0770777538280273,0.00044875086704757,4.11888125801014,5.85331779216347,0.407216494845361,0.27319587628866,0.0921052631578948,-9.08395155843054,0.0514030878874928,1
"1679",2024,"P. Navarro","Ohio",287,0.188625570221958,0.429330665748295,35.7321280493694,72.3809193026442,0.528216704288939,0.329571106094808,0.055921052631579,-59.1797849695343,0.244047510952627,1
"1680",2024,"P. Thorne","Auburn",311,0.0323442903806963,0.154572304072429,24.5916094283398,2.28350173357091,0.427207637231504,0.260143198090692,0.074404761904762,-38.6499179218834,0.0641410767587367,1
"1681",2024,"Q. Ewers","Texas",433,0.134303752218631,0.106052026493896,57.7658935894747,3.87559934320373,0.452868852459016,0.313524590163934,0.0627705627705628,-45.3994166269766,0.126314534698111,1
"1682",2024,"R. Becht","Iowa State",453,0.0844017616413618,0.44059434031329,58.9115545744935,49.9275173574843,0.442831215970962,0.319419237749546,0.0320512820512821,-50.5089533194197,0.197530076101593,1
"1683",2024,"R. Leonard","Notre Dame",397,0.0931912967405547,0.291015694333578,32.2903880372839,53.0168188919356,0.481034482758621,0.275862068965517,0.0410628019323672,-50.2984795855492,0.147081391257275,1
"1684",2024,"R. O'connor","Delaware",102,0.22495150873609,1.63420375809953,49.5468061418106,4.56720554705547,0.532110091743119,0.348623853211009,0.0192307692307692,0,0.496458822833633,1
"1685",2024,"S. Earle","Marshall",105,-0.0532594737251661,-0.0958126241527708,-5.69231494548248,-3.99845998763397,0.410958904109589,0.232876712328767,0.036697247706422,-12.7527536504129,-0.0663751707747703,1
"1686",2024,"S. Henigan","Memphis",474,0.0385010466506345,0.498133039504016,73.3992967344781,13.5421549480552,0.442831215970962,0.283121597096189,0.0385395537525355,-20.5423808132078,0.157788478552692,1
"1687",2024,"S. Leavitt","Arizona State",320,0.201483471127334,0.356999423979523,69.5984777530233,31.728367991943,0.492822966507177,0.311004784688995,0.0476190476190476,-26.9998181648684,0.24240872187791,1
"1688",2024,"S. Locklear","UTEP",221,-0.0356954795343207,-0.190199324863662,-27.5673514847537,2.18084231817003,0.396666666666667,0.24,0.0595744680851064,-35.6828572903235,-0.0846216972219457,1
"1689",2024,"S. Petras","Utah State",276,0.00575237233576365,0.46436804059056,42.7661269000636,-5.69824688203632,0.481967213114754,0.311475409836066,0.0416666666666667,-53.1163716553944,0.121534032845991,1
"1690",2024,"S. Robertson","Baylor",359,0.265590332536608,0.516155584204391,113.206683602214,24.8560974973396,0.513189448441247,0.330935251798561,0.032345013477089,-27.6975852622969,0.331085805994134,1
"1691",2024,"S. Sanders","Colorado",466,0.146666399559809,0.225791832624801,77.7567864371639,15.3632480457928,0.474153297682709,0.301247771836007,0.0790513833992095,-47.2630201888731,0.16598936627978,1
"1692",2024,"T. Castellanos","Boston College",157,0.0351811876121264,0.14546277431936,33.1990987321083,-14.3282582272355,0.407258064516129,0.290322580645161,0.102857142857143,-31.4512613506401,0.076092098809971,1
"1693",2024,"T. Gleason","Toledo",358,0.0609571376994787,0.148809045586761,40.6750907510104,-2.40630736770517,0.44874715261959,0.293849658314351,0.0324324324324324,-54.3269675773671,0.0871726272968228,1
"1694",2024,"T. Green","Arkansas",372,0.126303992040573,0.197057222549834,47.5078704488807,27.100314925362,0.460500963391137,0.290944123314066,0.0676691729323308,-49.9500270271748,0.143753729044784,1
"1695",2024,"T. Huff","Jacksonville State",279,0.258874178503917,0.157763279581021,36.0774512725369,79.5074448269851,0.476,0.312,0.063758389261745,-37.6939081832933,0.231169792199044,1
"1696",2024,"T. Phommachanh","Massachusetts",218,0.0535768779227263,0.0609693743583116,-0.570033978616255,18.3781301902177,0.413793103448276,0.269592476489028,0.0916666666666666,-23.1673890661687,0.0558247530144246,1
"1697",2024,"T. Rodemaker","Southern Miss",160,-0.196889648497753,-0.518565365686339,-47.4687995961733,-6.84483946978103,0.360215053763441,0.241935483870968,0.0857142857142857,-51.9941640387003,-0.29200881218255,1
"1698",2024,"T. Shough","Louisville",385,0.247195578785954,0.169563813199127,98.7693863623056,-2.79418195193378,0.447058823529412,0.324705882352941,0.0302267002518891,-20.1926828778212,0.225824010377345,1
"1699",2024,"T. Ulatowski","Kent State",148,0.132329685704889,0.107853096034664,27.0297059748576,-2.32150017517341,0.358585858585859,0.287878787878788,0.124260355029586,-28.366049975082,0.124788918180223,1
"1700",2024,"W. Eget","San José State",315,0.045628832893706,-0.110469439325829,13.0578592473679,-10.0319178410707,0.458823529411765,0.264705882352941,0.00943396226415092,-65.7973660102373,0.00889982766558001,1
"1701",2024,"W. Howard","Ohio State",404,0.315879279057908,0.46476904614473,169.058477529615,8.12823325132019,0.552631578947369,0.342105263157895,0.0288461538461539,-48.551757152312,0.358677552188128,1
"1702",2024,"W. Rogers","Washington",303,0.278432597453502,-0.272962356920315,51.4580528013875,-6.7168291204267,0.513595166163142,0.332326283987915,0.0471698113207547,-25.5646528037915,0.135169860063326,1
"1703",2024,"Z. Chriss","Houston",125,-0.0921242831592091,-0.483619314633732,-46.5296450346456,-2.04059439635139,0.341880341880342,0.247863247863248,0.100719424460432,-42.1630226898334,-0.207565125773491,1
"1704",2024,"Z. Gibson","Georgia State",145,0.195298760825297,-0.168338572026535,6.4184398506519,10.2976738776531,0.468085106382979,0.271276595744681,0.0764331210191083,-8.56319989763286,0.088915498554814,1
"1705",2024,"Z. Marker","Delaware",113,0.185606478016552,0.664731979158851,43.2769477152085,3.12474927821096,0.460431654676259,0.338129496402878,0.0504201680672269,-2.30077640837532,0.33382515822604,1
"1706",2025,"A. Armenta","UL Monroe",247,-0.0656100201115727,-0.169853950562934,-27.5047206831884,-0.326490756405082,0.391167192429022,0.26813880126183,0.0749063670411984,-48.9252398115174,-0.0988233859651608,1
"1707",2025,"A. Barnett","James Madison",362,0.0839729731680216,0.0308790648821291,3.15404605484892,29.2371995217523,0.457831325301205,0.271084337349398,0.0523560209424084,-62.1895026111041,0.0692602034020513,1
"1708",2025,"A. Chiles","Michigan State",197,0.0674911046610209,0.319330354729777,8.48093020016494,37.6525127672902,0.461538461538461,0.304029304029304,0.0794392523364486,-26.7547239416337,0.154204985637076,1
"1709",2025,"A. Colandrea","UNLV",410,0.179616515237947,0.41438198451092,56.607748158893,67.0851100449723,0.506329113924051,0.327305605786618,0.0552995391705068,-55.6509373752755,0.237777219198882,1
"1710",2025,"A. Damante","New Mexico State",106,-0.00859485037903997,0.27339180312264,3.25559479374344,2.02223564298077,0.473282442748092,0.290076335877863,0.0535714285714285,-25.2627340535458,0.0624399554648947,1
"1711",2025,"A. Daniels","Auburn",119,0.0150243881289643,0.341725277728702,3.07032405020366,13.0100411491925,0.460732984293194,0.246073298429319,0.0775193798449612,-10.9158812475925,0.112521512250352,1
"1712",2025,"A. Hairston","Massachusetts",212,-0.0403224186933356,-0.413087464014581,-51.7360077427697,1.23831718548184,0.361538461538462,0.223076923076923,0.066079295154185,-12.8804101937898,-0.157886779140805,1
"1713",2025,"A. Johnson","Kansas State",340,0.0516137392427938,0.133998546039783,4.19697516433806,31.2009020554146,0.443956043956044,0.27032967032967,0.0368271954674221,-39.5346723472224,0.0784114346404959,1
"1714",2025,"A. Kaliakmanis","Rutgers",380,0.165289434105107,0.150159126412233,88.1304510227664,-9.32561409471227,0.50204081632653,0.322448979591837,0.0887290167865708,-27.837415518564,0.161306149018616,1
"1715",2025,"A. Manning","Texas",402,0.178659900540571,0.216054854422421,37.8193767148482,45.8108049560894,0.451866404715128,0.31041257367387,0.0541176470588235,-36.9871332304445,0.190120829431668,1
"1716",2025,"A. Milivojevic","Michigan State",170,0.0803242416235601,-0.228009503958002,-6.05769203604284,2.16294195177406,0.454106280193237,0.241545893719807,0.0860215053763441,-11.4539285431896,-0.00904785854500873,1
"1717",2025,"A. Odom","Kennesaw State",288,0.0953774704261228,0.291231313118333,36.4087919615529,10.7374051699467,0.445221445221445,0.293706293706294,0.0649350649350649,-40.3592388569662,0.15016176208828,1
"1718",2025,"A. Swann","App State",221,0.0785314331534945,-0.256393333100082,-9.72540193288564,2.2222570957145,0.426229508196721,0.290983606557377,0.0391304347826087,-45.850557345867,-0.0230441107102952,1
"1719",2025,"B. Bachmeier","BYU",388,0.135505744425318,0.163379446743283,39.7651111592961,29.8046037697438,0.489795918367347,0.307977736549165,0.0348258706467661,-43.4516928537343,0.143469659373308,1
"1720",2025,"B. Baker","Louisiana Tech",155,-0.0397963383930068,0.148699171769364,-2.79829501430096,4.08044804773177,0.430434782608696,0.252173913043478,0.0548780487804879,-16.1215633515265,0.0126545861739137,1
"1721",2025,"B. Barnes","Utah State",359,0.102900614159682,0.0714794314161663,11.3963464087876,28.1284237626684,0.451219512195122,0.275261324041812,0.0979899497487437,-27.5781557759325,0.0941968370582549,1
"1722",2025,"B. Braxton","Southern Miss",388,0.0765482719170888,0.137013385346473,36.3977623921148,1.74914821132196,0.42603550295858,0.280078895463511,0.0490196078431373,-34.9976946776114,0.0934832741004667,1
"1723",2025,"B. Brown","South Florida",341,0.201170500941868,0.366991613093352,76.8279253499026,48.7927527706011,0.512333965844403,0.311195445920304,0.0448179271708684,-58.6124556258767,0.245221650280023,1
"1724",2025,"B. Davenport","South Alabama",295,0.17540678963433,0.201992831404853,31.6556155021913,31.7044218484115,0.463942307692308,0.302884615384615,0.0575079872204473,-35.5979312074231,0.184481832738691,1
"1725",2025,"B. Finley","Akron",357,0.0144744032156943,-0.187673710095778,-23.4879769332644,6.19825302878035,0.393181818181818,0.270454545454545,0.0775193798449612,-56.3144774334795,-0.0406569004147071,1
"1726",2025,"B. Gulbranson","Stanford",248,-0.0412450632987823,-0.334038258438112,-39.0357141590238,-0.511810581399256,0.389473684210526,0.242105263157895,0.101083032490975,-50.4368517924934,-0.136788105923195,1
"1727",2025,"B. Hayes","Tulsa",316,-0.0822277453920067,0.178469277849713,-8.08663702104967,1.98817180363389,0.417633410672854,0.264501160092807,0.0650887573964496,-48.336921328942,-0.00661955999707643,1
"1728",2025,"B. Horvath","Navy",159,0.122195758371207,0.523578392496519,46.7009814513726,60.1522737249782,0.471794871794872,0.294871794871795,0.0363636363636364,-44.4500411679619,0.240552176126107,1
"1729",2025,"B. Jackson","Texas State",359,0.216935184801131,0.0552726627807507,47.9975168174897,45.7352879710142,0.463195691202873,0.319569120287253,0.0723514211886305,-62.0477038425806,0.173399496644835,1
"1730",2025,"B. Lewis","Memphis",372,0.200394432401545,0.18672993770385,24.489631885492,69.5907323926882,0.480373831775701,0.293457943925234,0.0746268656716419,-31.5486541314817,0.197201793453485,1
"1731",2025,"B. Lowry","Western Michigan",258,0.0579432274844784,-0.0272814493633968,-20.7606855318601,29.0160786418807,0.446280991735537,0.256198347107438,0.0583941605839416,-24.6556780895281,0.0332914614541013,1
"1732",2025,"B. Morton","Texas Tech",327,-0.0287662005105248,0.200991113376065,21.8205724196263,-7.83700152108208,0.418230563002681,0.254691689008043,0.0549132947976879,-24.6374143506539,0.0414545334923472,1
"1733",2025,"B. Pribula","Missouri",266,0.0776561564876736,0.143663392532693,21.6037590023741,9.83462362869336,0.468493150684931,0.276712328767123,0.073170731707317,-31.6633258877542,0.095378647261405,1
"1734",2025,"B. Shapen","Mississippi State",299,-0.0266898499410385,0.214980516138331,24.6222285395979,-17.72294653983,0.414868105515587,0.254196642685851,0.093939393939394,-47.1456345527481,0.0434351243889464,1
"1735",2025,"B. Sorsby","Cincinnati",336,0.220061134587515,0.505295538307292,96.7340106293819,36.9100737343282,0.49438202247191,0.312359550561798,0.0204081632653062,-21.8011396243593,0.296978277163635,1
"1736",2025,"B. Underwood","Michigan",335,0.101717016882215,-0.0841347267320236,-2.15029409937709,19.9290618090196,0.481651376146789,0.307339449541284,0.0536723163841808,-48.3710727400413,0.047581302572563,1
"1737",2025,"C. Bailey","NC State",397,0.18883611488199,0.28030480883577,79.9845137021431,15.9043835779413,0.475806451612903,0.316532258064516,0.0502392344497607,-42.0538789287486,0.215207129469471,1
"1738",2025,"C. Beck","Miami",463,0.180148704595461,0.188621366455403,94.5123869407665,-4.53084027230466,0.490842490842491,0.324175824175824,0.0354166666666666,-49.4360387923568,0.18252291203973,1
"1739",2025,"C. Boley","Kentucky",300,0.120198989806358,0.217789248465065,29.9634569214491,16.2720682156719,0.474530831099196,0.292225201072386,0.0740740740740741,-42.1803136211836,0.148717322765605,1
"1740",2025,"C. Brown","Georgia State",186,0.260678898020043,0.470581653509115,48.7400111338507,33.2200248375824,0.497975708502024,0.340080971659919,0.03125,-7.6069002694635,0.330363213607508,1
"1741",2025,"C. Carr","Notre Dame",290,0.15683204014735,0.236805740374173,53.8556527049778,3.05353177932595,0.50733137829912,0.346041055718475,0.0397350993377483,-37.0387545259201,0.178173995339845,1
"1742",2025,"C. Creel","Jacksonville State",208,0.12409153045369,-0.144984639733832,-12.8754050110065,38.8742028794461,0.442211055276382,0.243718592964824,0.0755555555555556,-36.7898765098511,0.0551323109583952,1
"1743",2025,"C. Jenkins","Rice",163,-0.0536772824517647,0.026630878398661,2.90885167273976,-3.68592143012466,0.346278317152104,0.233009708737864,0.0738636363636364,-11.4002498998393,-0.0284672772657087,1
"1744",2025,"C. Jones","Nevada",169,-0.095780266303462,-0.0767901516940069,-16.6184012171399,-3.43811227091316,0.420289855072464,0.260869565217391,0.0451977401129943,-26.9655634271979,-0.0894502281003103,1
"1745",2025,"C. Joseph","Old Dominion",290,0.22536357275617,0.0147247799109209,49.3626551090502,37.8719685639182,0.464208242950108,0.308026030368764,0.0491803278688525,-49.1580831533075,0.170990435340585,1
"1746",2025,"C. Klubnik","Clemson",388,0.117682374224322,-0.135883024232791,25.2749397818278,-7.72530853751825,0.449275362318841,0.269151138716356,0.0396039603960396,-37.99677642795,0.048384998248465,1
"1747",2025,"C. Morris","Virginia",424,0.0652441675760799,0.199524979594072,17.9986754709168,22.5315280476968,0.440239043824701,0.276892430278884,0.0363636363636365,-32.6003872222848,0.103495474585189,1
"1748",2025,"C. Payton","North Dakota State",238,0.386232786768059,0.377015144572875,96.5703015243672,53.6275115584339,0.55699481865285,0.367875647668394,0.0775193798449611,-20.026136989427,0.383438838227032,1
"1749",2025,"C. Rio-Wilson","Marshall",251,0.231493102755292,-0.122639676969202,40.4975923638258,6.33811239776905,0.476470588235294,0.297058823529412,0.0419847328244275,-26.3642049377826,0.13775207282822,1
"1750",2025,"C. Veltkamp","Florida Atlantic",496,-0.0656501960369644,0.353062036328629,23.8917556012649,6.04752069859226,0.433447098976109,0.296928327645051,0.0406189555125726,-88.2478336875663,0.0608209048652712,1
"1751",2025,"C. Weigman","Houston",364,0.0196468355702075,0.185773797551363,33.5661835523554,9.17532895310905,0.474060822898032,0.304114490161002,0.0395778364116095,-73.3829605374424,0.0725459397430978,1
"1752",2025,"C. Williams","Sacramento State",171,-0.0233817586054453,0.466368944274988,2.28844668567088,35.7072992743147,0.425992779783394,0.285198555956679,0.104712041884817,-35.9302627692447,0.146351336977665,1
"1753",2025,"D. Allar","Penn State",149,0.136363706605656,0.0121991682983951,8.89626478392695,9.8744649461419,0.475675675675676,0.275675675675676,0.0387096774193548,-9.96383405145347,0.101463403946318,1
"1754",2025,"D. Curry","Colorado State",107,-0.0427160904928234,0.500287512160629,5.22933193840405,-1.20669920654874,0.439393939393939,0.265151515151515,0.0446428571428572,-37.5940225960394,0.0848074828576086,1
"1755",2025,"D. Dampier","Utah",339,0.129428196557954,0.499091838228088,68.6627107288261,44.9193697907299,0.481927710843373,0.28714859437751,0.0314285714285714,-26.6094078000573,0.23409199871757,1
"1756",2025,"D. Deshields","Kent State",238,0.244939350438413,-0.142067867216678,32.4658668337528,1.51521839185253,0.415282392026578,0.295681063122924,0.0555555555555555,-36.2436523926157,0.111222570916388,1
"1757",2025,"D. Finn","Miami (OH)",177,0.17923029848202,-0.162549501581337,13.7915143542002,7.62142397033038,0.447761194029851,0.287313432835821,0.053475935828877,-27.4401508631697,0.0912347529433199,1
"1758",2025,"D. Lagway","Florida",330,0.0969369608571206,-0.409272393118351,-28.41359121356,2.00513845131944,0.410757946210269,0.276283618581907,0.0571428571428571,-64.8761348610697,-0.0466334182655071,1
"1759",2025,"D. Lindsey","Minnesota",367,0.0309551083205066,0.203608320231515,26.5538435911634,-2.17523906564374,0.438423645320197,0.280788177339902,0.0467532467532467,-25.2406165302207,0.0777330721387601,1
"1760",2025,"D. Lonergan","Boston College",278,0.0271908584747987,0.00678913248120697,15.8884795020135,-8.33840896596795,0.441640378548896,0.26813880126183,0.0511945392491467,-37.6987167730731,0.021527287851972,1
"1761",2025,"D. Mensah","Duke",495,0.105198870675749,0.391628515743076,100.109676349505,-1.92917058493879,0.469352014010508,0.297723292469352,0.046242774566474,-40.4562712962151,0.189974019566079,1
"1762",2025,"D. Mestemaker","North Texas",453,0.28838915402428,0.207400117859132,131.103594342321,0.815855858021828,0.513409961685824,0.340996168582376,0.0341151385927506,-52.0911650995006,0.268684924918966,1
"1763",2025,"D. Moore","Oregon",405,0.144750857490803,0.126724284957221,70.4681582208642,1.99213054265864,0.470824949698189,0.299798792756539,0.0357142857142857,-48.8598762621033,0.13970922050455,1
"1764",2025,"D. Pavia","Vanderbilt",373,0.368574594713506,0.16972492826918,132.32344508615,42.5790619488763,0.544642857142857,0.341071428571429,0.0580808080808081,-44.4057984055337,0.326674129284166,1
"1765",2025,"D. Pyne","Bowling Green",150,-0.289666441640804,0.071322644057991,-35.1431822046742,5.38454602265478,0.388888888888889,0.227777777777778,0.0963855421686747,-28.0557553689133,-0.165325756566775,1
"1766",2025,"D. Raiola","Nebraska",249,0.0262466099998468,0.335549577909681,30.4398700665232,0.375477979646511,0.478114478114478,0.2996632996633,0.0978260869565217,-45.032789060148,0.101229147674958,1
"1767",2025,"D. Williams","Kennesaw State",123,0.0301105536691582,0.318310775488062,8.54083351786881,8.04421023193096,0.426829268292683,0.268292682926829,0.0390625,-6.96223561310298,0.107432564401059,1
"1768",2025,"D. Williams","Washington",346,0.166215828310557,0.263030566492903,51.020282946416,41.0125628335075,0.508097165991903,0.321862348178138,0.0723860589812333,-44.3666799986037,0.190125540979072,1
"1769",2025,"E. Brown","Stanford",124,0.121306759082234,-0.0721141484655587,1.4331792029511,-0.468672367035462,0.442953020134228,0.275167785234899,0.101449275362319,-5.38768926973898,0.0499097797860691,1
"1770",2025,"E. Grunkemeyer","Penn State",177,0.0315289199859703,0.0592753020593551,17.8288246187148,-8.34748900261809,0.4375,0.299107142857143,0.0634920634920635,-16.2365489058141,0.0403235321610164,1
"1771",2025,"E. Holstein","Pittsburgh",122,0.164969810048038,0.0909469153037412,15.5228623865532,4.60296295795667,0.43312101910828,0.299363057324841,0.046875,-20.6743064435419,0.143281573371365,1
"1772",2025,"E. Simon","Temple",294,0.246503940314008,0.103460259686014,65.1910423799644,4.05683483046267,0.463806970509384,0.302949061662198,0.0516129032258065,-10.3468201848984,0.200484525634761,1
"1773",2025,"E. Vasko","Liberty",254,0.0332920960943159,0.0517026224960904,-10.5931532255397,20.2275200166235,0.444759206798867,0.303116147308782,0.0486891385767791,-59.5994038119353,0.0389247783928758,1
"1774",2025,"E. Warner","Fresno State",272,0.184544709957149,-0.231191897121343,5.33296874862802,15.6238995922445,0.484472049689441,0.313664596273292,0.0588235294117647,-72.2497836939213,0.0463962100894512,1
"1775",2025,"F. Mendoza","Indiana",381,0.260230550572308,0.48859109200899,110.375435558323,37.5652291987751,0.5564681724846,0.367556468172485,0.0615763546798029,-33.7940866383518,0.326347257641244,1
"1776",2025,"G. Crowder","Troy",194,-0.00324061995165911,-0.255267363764102,-31.3983289170498,5.82625430773348,0.40625,0.26171875,0.105990783410138,-19.0161516990284,-0.0829834568610649,1
"1777",2025,"G. James","Boston College",153,0.0063039790469474,0.147477124648504,8.01140100269583,3.94622562130271,0.409302325581395,0.288372093023256,0.11046511627907,-31.0665204340168,0.047014374522745,1
"1778",2025,"G. Johnson","Oregon State",100,-0.18376453183982,-0.510475781800847,-32.1798553258646,-4.64378268056227,0.376811594202899,0.195652173913043,0.0654205607476636,-18.307512222252,-0.295035754652634,1
"1779",2025,"G. Jordan","Massachusetts",111,0.00332843035353813,-0.308476443813169,-26.9396347339568,12.4047309615197,0.392405063291139,0.227848101265823,0.0901639344262295,-10.9328947519563,-0.0815298581855023,1
"1780",2025,"G. Loftis","Charlotte",229,-0.241006867074829,0.00212664141428208,-37.8047292286544,-6.4620848319689,0.352517985611511,0.219424460431655,0.0912698412698413,-37.0467965573082,-0.157921675324953,1
"1781",2025,"G. Lopez","North Carolina",259,0.00484244535372624,0.0998849601726764,11.500645405823,-10.9054014108128,0.456043956043956,0.269230769230769,0.0716845878136201,-47.0832761917065,0.0343474018771914,1
"1782",2025,"G. Nussmeier","LSU",287,0.0902797050084243,-0.0207663937437557,14.2104168453411,3.26291046282451,0.444794952681388,0.287066246056782,0.0496688741721855,-25.5028999889642,0.0615548466561252,1
"1783",2025,"G. Stockton","Georgia",385,0.0944197802709532,0.360340683551842,62.4139418116226,18.6574441800794,0.488679245283019,0.283018867924528,0.0422885572139303,-27.2809481080625,0.170683888381699,1
"1784",2025,"G. Wimsatt","Jacksonville State",109,-0.0435900021520224,0.174897721228688,-15.4055768910068,19.3114607959973,0.41358024691358,0.228395061728395,0.043859649122807,-10.8987732815891,0.0292392389748811,1
"1785",2025,"H. King","Georgia Tech",359,0.235682781854997,0.156382332886246,73.6688980567957,40.120873125715,0.504553734061931,0.300546448087432,0.02710027100271,-39.134838866629,0.215171554617178,1
"1786",2025,"H. Simmons","Wisconsin",117,-0.473411906481241,-0.188399386348946,-39.8268554713813,-14.0250756136977,0.417910447761194,0.246268656716418,0.040983606557377,-59.8782927026474,-0.377698746735321,1
"1787",2025,"H. Watson","Sam Houston",180,0.222212744348038,-0.537028821461971,-20.1756922288415,7.35890710835524,0.431372549019608,0.286274509803922,0.0909090909090909,-30.1229703386131,-0.0219355238732196,1
"1788",2025,"J. Aguilar","Tennessee",397,0.173079129904455,0.347744700822142,86.5474106275317,5.35519828535596,0.506224066390041,0.33195020746888,0.0502392344497607,-45.8471608249246,0.215114827469708,1
"1789",2025,"J. Arnold","Auburn",211,0.00567609417821254,-0.0885605714104071,-32.1246997772084,24.7715142619784,0.420245398773006,0.248466257668712,0.12448132780083,-11.5197263953511,-0.0203401631928787,1
"1790",2025,"J. Brousseau","Colorado State",202,0.0582015303486215,-0.0166590562477872,-2.9278037789145,8.22522220622116,0.427480916030534,0.240458015267176,0.0941704035874439,-14.9365449584097,0.0362005182573105,1
"1791",2025,"J. Clark","Missouri State",376,0.14244984292712,0.358158176025383,73.2591495591207,6.19035835859397,0.472505091649695,0.313645621181263,0.102625298329356,-36.3838389712163,0.203515949445773,1
"1792",2025,"J. Daniels","Kansas",317,0.191987644326154,0.0701969503390206,26.8480398115297,37.4876876467908,0.480637813211845,0.323462414578588,0.0508982035928144,-45.0260013630719,0.157309200707949,1
"1793",2025,"J. Denegal","San Diego State",246,0.0745075967671865,-0.558294985736558,-29.5585336490514,-6.62976321065937,0.384615384615384,0.261538461538462,0.0501930501930502,-40.5313127684566,-0.116306720418558,1
"1794",2025,"J. Fagnano","UConn",406,0.292460937688873,0.409203220466068,132.656607305222,14.2524085386702,0.501075268817204,0.313978494623656,0.0333333333333333,-9.36449587397005,0.325600682477238,1
"1795",2025,"J. French","Georgia Southern",389,0.0364761514038445,0.23044118720927,25.8629297044088,15.9878548347484,0.441121495327103,0.285981308411215,0.0671462829736211,-44.535102984358,0.0861457026287852,1
"1796",2025,"J. Holst","Northern Illinois",128,-0.134577197736899,-0.110309990425864,-24.9015138484603,-2.42000347130403,0.32967032967033,0.197802197802198,0.072463768115942,-13.2274777637741,-0.126310346894678,1
"1797",2025,"J. Hoover","TCU",414,0.09648782802007,0.452901420367958,95.4098783600845,-2.87920355303005,0.489583333333333,0.31875,0.0416666666666667,-62.410128052964,0.204896962359219,1
"1798",2025,"J. Kitna","UAB",320,-0.0560063600350711,0.462988318826229,24.5297286905812,7.00733153775388,0.466666666666667,0.283333333333333,0.0532544378698224,-53.1782888731517,0.0982503917375932,1
"1799",2025,"J. Kohl","App State",214,0.13127095861824,0.118684283515959,27.3193830061929,-2.34099127078306,0.424603174603175,0.281746031746032,0.0488888888888889,-11.0641545693064,0.127075400250813,1
"1800",2025,"J. Labas","Central Michigan",210,0.028706386915426,0.122889085204187,20.1492576865729,-8.28417196146699,0.463768115942029,0.278985507246377,0.0789473684210526,-42.1288952178731,0.0583944113760137,1
"1801",2025,"J. Layne","New Mexico",307,0.0354469379285639,0.103834958749014,0.514208280066073,17.9222993972865,0.435897435897436,0.276923076923077,0.0780780780780782,-38.5433334852684,0.054560512978382,1
"1802",2025,"J. Maiava","USC",393,0.244844853857699,0.826697969919122,149.090529302044,21.8815657349701,0.538961038961039,0.374458874458875,0.0272277227722772,-41.7949897070255,0.398494378012447,1
"1803",2025,"J. Mateer","Oklahoma",396,-0.0323559979098975,0.0464414699142427,-12.5866928395057,3.98704629140063,0.420107719928187,0.254937163375224,0.061611374407583,-60.2572506621288,-0.00972117770906726,1
"1804",2025,"J. Pesansky","Florida International",155,0.106874938535168,-0.15633301736668,-13.0297597933842,9.34946950815402,0.447619047619048,0.252380952380952,0.0606060606060606,-31.6717150874466,0.0266591805460334,1
"1805",2025,"J. Raynor","Arkansas State",516,-0.0151721886081942,0.204552120909939,10.6645837445923,9.43917249687174,0.456772334293948,0.26657060518732,0.0532110091743119,-52.3490637653448,0.0452994873542892,1
"1806",2025,"J. Retzlaff","Tulane",390,0.155574343025546,0.160867148475484,63.1076543341142,17.1523709310969,0.48876404494382,0.307116104868914,0.0250000000000001,-53.2529000520576,0.157189937198467,1
"1807",2025,"J. Sagapolutele","California",234,0.0261009683212642,0.227880680210227,16.0896320119232,-2.69766011526794,0.460431654676259,0.262589928057554,0.064,-12.1764439018928,0.0798121146514197,1
"1808",2025,"J. Sayin","Ohio State",383,0.256002073053589,0.53874080787323,145.308990964522,-8.37306242079681,0.571100917431193,0.344036697247706,0.0401002506265664,-40.0331254837114,0.330577656778953,1
"1809",2025,"J. Sims","Arizona State",191,-0.171955125918011,0.439532113636575,-0.842977178839066,23.7390427534737,0.397993311036789,0.254180602006689,0.0402010050251256,-41.410190566925,0.0121045782957437,1
"1810",2025,"K. Anderson","Wyoming",346,-0.0819329460680842,-0.137130792547609,-47.6404733026264,-3.70722725174503,0.406947890818859,0.260545905707196,0.0388888888888889,-41.7356900240603,-0.097821159943084,1
"1811",2025,"K. Drones","Virginia Tech",306,0.078542608400392,-0.0419645613386402,-27.3040015284947,42.990549192708,0.423799582463465,0.254697286012526,0.0755287009063444,-35.8026557739226,0.0382896915773332,1
"1812",2025,"K. Houser","East Carolina",404,0.114709084434432,0.344355803591821,74.3945760677933,4.62660202069452,0.493013972055888,0.303393213572854,0.0334928229665072,-59.5075393988913,0.176131560217047,1
"1813",2025,"K. Jenkins","Florida International",265,-0.00124452836519833,-0.234025222234601,-13.0271486148991,-10.2265280045901,0.414330218068536,0.283489096573209,0.0433212996389892,-37.3251792010996,-0.0759373989837295,1
"1814",2025,"K. Jennings","SMU",448,0.136633267644608,-0.0756837566326703,34.9506955175587,1.64975843390329,0.458801498127341,0.292134831460674,0.0365591397849462,-74.2347827011742,0.0813672257447169,1
"1815",2025,"K. Kelly","Ball State",267,-0.151823549378893,-0.0174000676389896,-72.3732182605295,16.9533830483954,0.360995850622407,0.213692946058091,0.155063291139241,-43.6830750834205,-0.106086099160337,1
"1816",2025,"K. Salter","Colorado",204,0.100508292473981,0.295316108593549,13.5885774106613,31.1031998398365,0.451298701298701,0.288961038961039,0.0852017937219731,-18.9661931425138,0.162492597602935,1
"1817",2025,"L. Altmyer","Illinois",364,0.249416074403167,-0.115896159025896,39.159449153299,27.3177835480558,0.496842105263158,0.322105263157895,0.0808080808080808,-27.3065228434045,0.151743119360028,1
"1818",2025,"L. Fife","New Mexico State",379,-0.114621819423407,0.17226088557016,-15.9044219067182,-5.01910666985068,0.415094339622641,0.272536687631027,0.0641975308641975,-48.9615966048368,-0.0238057010711453,1
"1819",2025,"L. Locke","Sam Houston",143,-0.118712054642507,-0.208191455526775,-28.0645223162881,-1.66029864117803,0.401197604790419,0.245508982035928,0.0529801324503311,-20.7282384482939,-0.144966489632502,1
"1820",2025,"L. Sellers","South Carolina",290,0.0338846092989633,0.106279165408386,-9.21730871004097,26.1348012985112,0.420581655480984,0.268456375838926,0.121212121212121,-34.0703915471441,0.0559106934843805,1
"1821",2025,"L. Szarka","Air Force",121,0.240550111098288,0.239238862447337,39.7243712055688,33.19225338693,0.496815286624204,0.299363057324841,0.0692307692307692,-30.6527455843308,0.240174275497697,1
"1822",2025,"L. Weaver","Hawai'i",105,-0.193785689083132,0.441132913301927,-7.09756425766737,7.1083830831794,0.374045801526718,0.259541984732824,0.0540540540540541,-24.0833730374718,8.25864542903804e-05,1
"1823",2025,"L. Winfield","Louisiana",213,-0.0431824966705157,0.448787730761189,8.50538740319886,26.6093784952066,0.420485175202156,0.283018867924528,0.0657894736842105,-28.3172828123438,0.115945339695534,1
"1824",2025,"M. Alejado","Hawai'i",413,0.109512759401142,0.27306839911225,82.5760103932097,-12.1367797454691,0.455445544554455,0.273267326732673,0.0527522935779816,-43.4409810206959,0.156150407160349,1
"1825",2025,"M. Buren","LSU",147,-0.12928355564364,0.0836431837811176,-15.4320419945732,4.14581487825476,0.386904761904762,0.25,0.0869565217391305,-14.1230016112503,-0.0671799233114195,1
"1826",2025,"M. Cutforth","Boise State",167,-0.143574083957708,-0.0848221737229628,-30.7049684261601,0.294584667281662,0.413265306122449,0.290816326530612,0.056497175141243,-32.2245472815259,-0.12379027745009,1
"1827",2025,"M. Gronowski","Iowa",262,0.0536778676109602,0.00968891135505192,-35.4556716001652,50.9754179798488,0.445273631840796,0.276119402985075,0.0676156583629893,-39.8790999314827,0.0380300548134605,1
"1828",2025,"M. Heintschel","Pittsburgh",314,0.0157975353841196,0.0882165156551919,9.01448067909988,5.72673254055762,0.425178147268409,0.268408551068883,0.092485549132948,-43.5644910824504,0.0371275913309437,1
"1829",2025,"M. Madsen","Boise State",302,0.0373682223925502,0.2234629198147,26.5295115018173,8.49125290225327,0.442307692307692,0.313186813186813,0.0473186119873817,-41.7316081705648,0.099740620979095,1
"1830",2025,"M. Mcivor","Western Kentucky",272,0.0310545371951392,0.251833685126162,19.7381215621272,10.7145360373042,0.440514469453376,0.29903536977492,0.0354609929078014,-42.9515993422322,0.0984951129296962,1
"1831",2025,"M. Moss","Louisville",378,0.027673052732486,-0.0401699857448353,-18.3759176894584,19.1958038692126,0.459954233409611,0.265446224256293,0.055,-63.821915542386,0.00764616036732709,1
"1832",2025,"M. Murphy","Oregon State",279,0.162977556095469,-0.249784933217848,9.41053422084969,2.82304123787883,0.448844884488449,0.3003300330033,0.0346020761245674,-34.2034066513077,0.0403748364974539,1
"1833",2025,"M. Nelson","UTEP",193,-0.194895680619948,-0.218753403540636,-44.4103115610687,0.785950280235826,0.333333333333333,0.194444444444444,0.0492610837438424,-41.2978174345264,-0.201964635559411,1
"1834",2025,"M. Reed","Texas A&M",371,0.222187795473784,0.000545764335483759,55.9719100429284,18.9275709544788,0.481632653061225,0.320408163265306,0.041343669250646,-45.4061473086104,0.169265106406067,1
"1835",2025,"M. Washington","Maryland",467,0.0714943736586898,-0.0156627941278689,10.3288770736497,9.54330805389488,0.429389312977099,0.270992366412214,0.0168421052631579,-41.4029636443265,0.046544802727423,1
"1836",2025,"N. Fifita","Arizona",421,0.0224429699248691,0.320458252181848,37.9764101948831,7.64494747271675,0.470162748643761,0.276672694394213,0.0560538116591929,-34.4535964798716,0.110284725816167,1
"1837",2025,"N. Iamaleava","UCLA",325,0.0492342521698803,-0.0382187619056651,-35.3800668095312,49.6344144017739,0.45766590389016,0.281464530892449,0.0740740740740741,-40.4837314811294,0.0228182387649101,1
"1838",2025,"N. Kim","Eastern Michigan",411,0.072259284318929,0.224474323641456,44.3901215069854,4.51425342493367,0.445109780439122,0.287425149700599,0.0237529691211401,-69.3480556794798,0.114794425047779,1
"1839",2025,"N. Minicucci","Delaware",505,0.0754348776103461,0.339218675396727,67.1636499859182,18.6918069200066,0.468152866242038,0.280254777070064,0.0507518796992481,-57.4043851793155,0.146001243897149,1
"1840",2025,"N. Vattiato","Middle Tennessee",356,0.0524063232843233,-0.172431399247119,8.14425491612261,-6.25111701096645,0.412322274881517,0.258293838862559,0.0506666666666666,-28.4233210419481,-0.0104629924946109,1
"1841",2025,"O. Mccown","UTSA",202,0.107224060387582,0.00158192000327599,7.95146767147094,9.9426415530642,0.411504424778761,0.247787610619469,0.0380952380952381,-12.8600827054174,0.0791774744448458,1
"1842",2025,"P. Navarro","Ohio",304,0.149438207571647,0.0329181502452583,20.6973515716738,33.6952028332976,0.48155737704918,0.313524590163934,0.0703363914373088,-63.0359413303194,0.115771551663817,1
"1843",2025,"P. Stone","Northwestern",368,-0.0621087087909779,0.195395094064524,6.64062722780411,-4.21287975325968,0.467592592592593,0.280092592592593,0.0391644908616188,-53.4107205873298,0.014188714277319,1
"1844",2025,"R. Ashford","Wake Forest",319,-0.00682859679813188,0.23252934391797,-0.874913144576742,25.3496328948126,0.429501084598699,0.27765726681128,0.0362537764350453,-42.5168792339873,0.0643038064081718,1
"1845",2025,"R. Becht","Iowa State",333,0.0734574000924871,0.0598940687892796,7.63401082247878,21.8951250098324,0.440281030444965,0.2903981264637,0.056657223796034,-45.1798138480258,0.0689151134967994,1
"1846",2025,"R. Browne","Purdue",335,-0.0463131752503112,0.24191745887829,-13.9773144144417,22.3047528544505,0.429611650485437,0.266990291262136,0.0428571428571429,-54.0495946856173,0.0327403724597179,1
"1847",2025,"R. Collins","Syracuse",177,-0.130601911975681,-0.00730988116824101,-27.1569264023194,10.0267897954988,0.437229437229437,0.264069264069264,0.078125,-46.2564626884269,-0.0921732270486867,1
"1848",2025,"R. Gagliano","Middle Tennessee",135,0.186553290121402,0.0789442263150534,19.683642366892,4.58166889000675,0.443243243243243,0.254054054054054,0.0625,0,0.154561406287082,1
"1849",2025,"R. Tisdale","Western Kentucky",207,-0.0575049889939763,0.0100492142973743,-25.643925794467,0.461840786143862,0.462962962962963,0.266666666666667,0.0547945205479452,-43.2437572183754,-0.0389901332770876,1
"1850",2025,"S. Angeli","Syracuse",150,0.218959452284835,0.14681267355931,40.9072400026384,-5.98527268510843,0.473988439306358,0.271676300578035,0.0506329113924051,-15.0533575309072,0.201861082760289,1
"1851",2025,"S. Fox","West Virginia",171,-0.0572192457586863,0.0460273676246024,-5.75516816322794,-3.83106382857399,0.359848484848485,0.231060606060606,0.0806451612903226,-19.0741827035081,-0.0212393653372373,1
"1852",2025,"S. Leavitt","Arizona State",235,0.151970230274089,0.156324995791215,12.6280410573674,37.0479654760715,0.469453376205788,0.289389067524116,0.0748031496062992,-11.2260372551319,0.153258456729316,1
"1853",2025,"S. Locklear","UTEP",207,0.0244867664433969,0.0410700490030046,-24.5310161884947,24.2005937862217,0.404907975460123,0.251533742331288,0.0717488789237668,-32.5223407213343,0.0295227939691673,1
"1854",2025,"S. Robertson","Baylor",506,0.131789902388339,-0.0194621804219618,27.65368577893,15.615510209563,0.469565217391304,0.278260869565217,0.0416666666666667,-68.3662858135088,0.0912806489052322,1
"1855",2025,"T. Castellanos","Florida State",300,0.0988213675804048,0.472793153142322,51.2849164994512,33.8182707011068,0.45662100456621,0.301369863013699,0.0595611285266458,-41.8964363133978,0.208109925918134,1
"1856",2025,"T. Chambliss","Ole Miss",446,0.223783974495741,0.261869121028932,105.359622911439,20.4359379551673,0.495798319327731,0.319327731092437,0.0304347826086956,-24.9355473660274,0.232617168145456,1
"1857",2025,"T. Finley","Georgia State",187,-0.0326677552146691,0.150967078070541,7.92088425865739,-2.00924381251137,0.405529953917051,0.28110599078341,0.050761421319797,-24.0743187242469,0.0240305573664788,1
"1858",2025,"T. Gleason","Toledo",318,0.243395446905911,-0.0597987297105115,37.2843685507144,10.6207423832315,0.474530831099196,0.28686327077748,0.0275229357798165,-39.6433192671971,0.148291643516846,1
"1859",2025,"T. Green","Arkansas",324,0.202987251180582,0.219321421302936,21.0602721373345,73.6686749598564,0.497854077253219,0.334763948497855,0.0742857142857141,-75.6802833072056,0.206878008441486,1
"1860",2025,"T. Hudson","Coastal Carolina",247,-0.173893597778482,0.0640714052892148,-38.3923302777989,7.0898974027595,0.37248322147651,0.224832214765101,0.0608365019011407,-44.3462290583452,-0.0988308115759201,1
"1861",2025,"T. Jackson","UCF",312,0.0865339349973091,0.0956947953998397,16.9245620592477,11.828111955399,0.462365591397849,0.276881720430107,0.0458715596330276,-33.4730476782141,0.089439799318542,1
"1862",2025,"T. Kilcrease","Troy",219,-0.0812966468311152,0.152438384452094,4.92225505849556,-5.61822240654666,0.380530973451327,0.259587020648968,0.124,-32.3750964147892,-0.00131651813243602,1
"1863",2025,"T. Kukuk","Louisiana Tech",108,-0.224243423396187,0.362209408384254,-43.8737570479277,30.8578565216333,0.412037037037037,0.222222222222222,0.0689655172413793,-29.1727538821668,-0.036904324355213,1
"1864",2025,"T. Lateef","Nebraska",123,0.0957368663546732,-0.0384629931191932,1.19896138562985,7.68317621548366,0.449704142011834,0.272189349112426,0.0465116279069767,-3.87108669230113,0.055238683909897,1
"1865",2025,"T. Roberson","Buffalo",165,-0.147884175457655,-0.253798061346454,-33.6215268641616,-3.27216048199016,0.373831775700935,0.205607476635514,0.0883977900552487,-38.0128905032284,-0.179559356284211,1
"1866",2025,"T. Simpson","Alabama",474,0.110004631369245,0.092085307543219,50.3287058861283,1.60770076759101,0.466204506065858,0.315424610051993,0.0576540755467197,-56.3591471684956,0.104135043495556,1
"1867",2025,"W. Eget","San José State",395,0.113262720846324,0.112485929129742,53.4829945435722,-4.41606641946522,0.459770114942529,0.291954022988506,0.0100250626566416,-67.23181116304,0.113062719300905,1
"1868",2025,"W. Hammond","Texas Tech",108,0.0848013730603757,0.0416632988396688,-5.9487225218863,16.1856823560791,0.441558441558442,0.227272727272727,0.0270270270270271,-10.6854292890658,0.0724762089973166,1
"1869",2025,"Z. Eckhaus","Washington State",307,0.0545986224044128,0.0268914200472885,-3.77438095239786,17.012805438486,0.456221198156682,0.253456221198157,0.0553846153846154,-50.9405688167238,0.0466184373937204,1
"1870",2025,"Z. Flores","Oklahoma State",268,-0.216865680387227,-0.0964399137524356,-71.0527950555369,10.472436453901,0.344615384615385,0.246153846153846,0.0596491228070176,-32.607969222079,-0.17647673096202,1
