"year","qb","offense_play","sr_pct","epa_pct","er_pct","ed_pct","ld_pct","pass_pct","rush_pct","sack_pct","to_pct"
"1",2014,"A. Appleby","Purdue",4.29509853461344,5.91207680646791,2.93077311773623,20.4648812531582,3.23395654370895,2.88024254674077,43.6584133400707,75.366346639717,15.1086407276402
"2",2014,"A. Boone","Duke",19.8585144012127,25.922182920667,9.24709449216776,32.2385042950985,26.4274886306215,16.4729661445174,69.5805962607377,93.2289034866094,49.0146538655887
"3",2014,"A. Grammer","Middle Tennessee",42.2940879231935,36.9378473976756,62.9358261748358,30.5709954522486,49.2167761495705,27.9434057604851,80.8994441637191,27.5896917635169,11.7736230419404
"4",2014,"A. Hendrix","Miami (OH)",36.988377968671,45.9322890348661,79.8383021728146,46.033350176857,45.7806973218797,50.1263264274886,82.8701364325417,13.0368873168267,10.2071753410814
"5",2014,"A. Jennings","LSU",8.38807478524507,14.1990904497221,22.8650833754421,11.2683173319859,30.0151591712986,13.5927235977767,32.9459322890349,10.5103587670541,31.8342597271349
"6",2014,"A. Long","Syracuse",6.36685194542699,8.59019706922688,16.8772107124811,2.57705912076807,45.1743304699343,13.5421930267812,30.8741788782213,12.1273370389085,74.6841839312784
"7",2014,"A. Mcgough","Florida International",2.72865083375442,3.53713996968166,5.30570995452249,5.30570995452249,8.53966649823144,2.02122283981809,26.932794340576,8.46387064173825,32.8954017180394
"8",2014,"A. Mcnulty","North Texas",10.1566447700859,14.9570490146539,5.88681152097019,47.6503284487115,5.20464881253159,20.2122283981809,31.6321374431531,53.2592218292067,77.3117736230419
"9",2014,"A. Robinson","UTSA",0.303183425972708,0.404244567963619,1.41485598787267,2.52652854977261,0.454775138959074,0.909550277918136,30.4194037392623,17.4583122789288,48.7620010106114
"10",2014,"A. Solomon","Arizona",29.1056088933805,43.0520464881253,35.3713996968166,57.7564426478019,27.3875694795351,60.88933804952,56.9479535118747,37.544214249621,70.3385548256695
"11",2014,"B. Allen","Arkansas",37.7968671045983,56.8974229408792,70.3385548256695,44.4163719050025,65.6897422940879,73.1682668014149,10.6619504800404,86.1546235472461,63.5674583122789
"12",2014,"B. Bridge","South Alabama",15.7150075795856,11.4199090449722,44.2142496210207,18.3931278423446,11.1167256189995,6.87215765538151,27.8423446184942,22.8903486609399,15.0075795856493
"13",2014,"B. Burrell","Fresno State",25.922182920667,20.0101061141991,28.044466902476,14.5528044466902,37.9989893885801,5.91207680646791,76.9075290550783,23.7493683678626,0.909550277918136
"14",2014,"B. Decker","UNLV",34.7650328448711,27.7412834765033,38.5548256695301,20.2627589691764,46.3870641738252,23.8504295098535,58.8175846387064,19.7574532592218,2.72865083375442
"15",2014,"B. Doughty","Western Kentucky",89.8433552299141,92.622536634664,92.7235977766549,88.2769075290551,92.066700353714,98.8377968671046,41.5361293582618,87.7210712481051,7.98383021728145
"16",2014,"B. Frohnapfel","Massachusetts",23.2945932289035,53.0065689742294,64.9317837291561,50.833754421425,52.1980798383022,71.7028802425467,20.6164729661445,66.8519454269833,14.7549267306721
"17",2014,"B. Hundley","UCLA",77.3623041940374,64.4264780192016,46.3365336028297,66.7508842849924,57.655381505811,69.7321879737241,87.9737241030824,13.9969681657403,41.3340070742799
"18",2014,"B. Kaaya","Miami",30.4194037392623,50.5305709954523,67.0035371399697,44.5174330469934,55.3309752400202,64.7296614451743,22.3850429509853,64.2243557352198,8.94391106619504
"19",2014,"B. Petty","Baylor",74.1788782213239,71.2986356745831,50.7832238504295,91.7635169277413,19.3026781202628,87.0136432541688,49.4694290045477,62.7084386053562,44.8711470439616
"20",2014,"B. Silvers","Troy",29.4845881758464,30.0656897422941,20.0101061141991,21.8292066700354,49.6715512885296,32.289034866094,45.6796361798888,32.8954017180394,68.266801414856
"21",2014,"B. Sims","Alabama",94.4921677614957,90.6518443658413,93.6836786255685,71.8039413845377,96.2102071753411,94.9469429004548,68.8731682668014,87.7716018191006,10.5608893380495
"22",2014,"B. Wallace","Ole Miss",29.2572006063669,33.4512379989894,42.1930267812026,50.6316321374431,20.4648812531582,66.9024759979788,0.202122283981809,25.4168772107125,13.8453764527539
"23",2014,"C. Brown","Maryland",22.1576553815058,13.7948458817585,8.91864578069732,14.855987872663,23.6483072258717,2.67812026275897,80.5962607377463,10.2577059120768,33.6533602829712
"24",2014,"C. Clements","UAB",46.8923698837797,47.8019201616978,64.3759474482062,60.5356240525518,34.411318847903,53.4613441131885,45.022738756948,21.1470439615968,33.0975240020212
"25",2014,"C. Cook","Michigan State",79.1056088933805,85.8514401212734,89.9696816574027,84.689236988378,76.5538150581101,91.9656392117231,34.5123799898939,88.377968671046,27.488630621526
"26",2014,"C. Fajardo","Nevada",48.155634158666,50.7832238504295,62.6326427488631,41.6877210712481,59.4239514906519,32.3900960080849,96.0586154623547,66.700353713997,11.622031328954
"27",2014,"C. Hackenberg","Penn State",20.11116725619,5.76048509348156,3.84032339565437,3.58767054067711,26.2253663466397,0.404244567963619,8.23648307225872,17.0793329964629,0.151591712986354
"28",2014,"C. Halliday","Washington State",63.1126831733199,58.211217786761,57.4532592218292,61.3946437594745,49.9747347145023,82.9711975745326,12.0262758969176,83.021728145528,17.2309247094492
"29",2014,"C. Kessler","USC",76.755937342092,90.2981303688732,87.7210712481051,74.4820616472966,95.2501263264275,97.0692268822638,41.1824153612936,37.5947448206165,68.7215765538151
"30",2014,"C. Kirkegaard","Wyoming",29.3582617483578,33.5017685699848,66.7508842849924,28.4992420414351,43.0520464881253,35.421930267812,56.4426478019202,5.53309752400202,11.3188479029813
"31",2014,"C. Miles","Washington",48.3072258716523,52.6528549772612,47.3976755937342,37.544214249621,66.9530065689742,61.9504800404245,60.3840323395654,47.5492673067206,32.3900960080849
"32",2014,"C. Reardon","Kent State",22.0818595250126,19.100555836281,28.1960586154623,22.4355735219808,22.2839818089944,15.866599292572,23.1935320869126,94.188984335523,5.811015664477
"33",2014,"C. Rush","Central Michigan",86.6093986862052,72.7134916624558,85.4724608388075,87.822132390096,35.0682162708439,83.7796867104598,42.2940879231935,41.7382516422436,2.02122283981809
"34",2014,"C. Sokol","Louisiana Tech",56.8974229408792,65.2854977261243,49.0651844365841,72.9156139464376,50.7832238504295,82.4658918645781,28.044466902476,78.8276907529055,21.2228398180899
"35",2014,"C. Stewart","BYU",37.4431531076301,60.5356240525518,67.155128852956,52.3496715512885,67.710965133906,73.6735725113694,37.6958059626074,51.1369378473977,36.2809499747347
"36",2014,"C. Stoudt","Clemson",14.1990904497221,10.6619504800404,3.4866093986862,8.74178878221324,25.8211217786761,9.34815563415866,10.5608893380495,58.6154623547246,51.0358767054068
"37",2014,"C. Trickett","West Virginia",47.8019201616978,45.4269833249116,59.6260737746336,61.8494188984335,27.9434057604851,55.078322385043,54.4719555330975,53.3097524002021,18.7468418393128
"38",2014,"C. Voytik","Pittsburgh",85.3966649823143,55.0277918140475,67.9130874178878,59.0702374936837,46.5386558868115,59.8787266296109,56.2910560889338,38.2011116725619,46.0838807478524
"39",2014,"C. Whitmer","UConn",8.11015664477008,9.14603335017685,6.03840323395655,4.44669024759979,37.1399696816574,10.1566447700859,17.433046993431,6.6700353713997,14.5022738756948
"40",2014,"D. Etling","Purdue",5.48256695300657,10.4092976250632,11.1672561899949,8.79231935320869,24.355735219808,12.4810510358767,53.9161192521475,32.1374431531076,92.2688226376958
"41",2014,"D. Evans","Tulsa",33.1985851440121,25.7705912076806,31.6826680141486,47.9535118746842,13.4916624557857,24.5073269327943,41.1318847902981,67.1045982819606,2.93077311773623
"42",2014,"D. Gardner","Michigan",58.6659929257201,8.64072764022233,60.5608893380495,12.6326427488631,11.5715007579586,2.12228398180899,68.3678625568469,21.4249621020718,2.17281455280445
"43",2014,"D. Garman","Oklahoma State",10.5103587670541,9.65133906013138,29.1308741788782,12.0768064679131,13.5927235977767,6.6700353713997,30.5709954522486,7.93329964628601,15.5128852956038
"44",2014,"D. Garretson","Utah State",33.3501768569985,36.6346639717029,26.8569984840829,86.5083375442143,2.47599797877716,37.6958059626074,39.8180899444164,41.8393127842345,79.1308741788782
"45",2014,"D. Hare","Northern Illinois",69.3279434057605,75.8463870641738,45.022738756948,45.9322890348661,93.8858009095503,75.8463870641738,92.5720060636685,87.5694795351187,60.6872157655381
"46",2014,"D. Jackson","Rice",51.6422435573522,65.7908034360788,72.6882263769581,68.5194542698332,57.0490146538656,78.878221323901,50.8842849924204,24.7599797877716,56.644770085902
"47",2014,"D. Prescott","Mississippi State",88.7822132390096,78.6760990399192,71.955533097524,75.3916119252147,74.1283476503285,86.5083375442143,95.755432036382,69.0247599797878,17.2814552804447
"48",2014,"D. Thompson","South Carolina",44.7195553309752,56.8468923698838,63.011622031329,57.0490146538656,53.7645275391612,81.6574027286508,6.06366851945427,69.1763516927741,12.2789287518949
"49",2014,"D. Vick","Ohio",81.1015664477009,51.7433046993431,48.2819605861546,80.1920161697827,15.7150075795856,35.5735219807984,80.5457301667509,39.66649823143,64.1738251642244
"50",2014,"D. Watson","Clemson",93.9363314805457,98.6862051541182,95.5027791814047,95.755432036382,98.2314300151592,83.0722587165235,74.3810005053057,65.4118241536129,97.3724103082365
"51",2014,"D. Webb","Texas Tech",51.288529560384,60.0303183425973,64.4770085901971,65.6897422940879,46.4881253158161,68.1657402728651,39.4138453764527,98.9388580090955,8.59019706922688
"52",2014,"E. Golson","Notre Dame",60.3840323395654,49.1157150075796,73.1935320869126,42.1930267812026,57.9080343607883,72.3597776654876,13.5421930267812,51.288529560384,0.101061141990899
"53",2014,"F. Knighten","Arkansas State",38.100050530571,41.3845376452754,36.9378473976756,31.6321374431531,56.3415866599293,70.8438605356241,2.42546740778171,41.9909044972208,7.57958564931783
"54",2014,"G. Grayson","Colorado State",68.1404749873674,89.944416371905,92.7741283476503,85.7503789792825,87.2157655381506,96.0080848913593,15.866599292572,55.4573016675088,58.5144012127337
"55",2014,"G. Hedrick","Boise State",81.3542193026781,75.9474482061647,82.011116725619,89.9949469429005,37.8979282465892,87.4684183931278,85.3966649823143,48.9135927235978,9.29762506316322
"56",2014,"G. Kiel","Cincinnati",80.2930773117736,82.4658918645781,89.9696816574027,89.2369883779687,57.2511369378474,89.6917635169277,42.0414350682163,90.0960080848914,13.2390096008085
"57",2014,"G. Krstich","SMU",7.93329964628601,6.5689742294088,3.18342597271349,3.28448711470439,32.0363820111167,9.80293077311774,29.156139464376,17.2814552804447,66.5992925720061
"58",2014,"G. Lambert","Virginia",8.11015664477008,11.3693784739768,24.5073269327943,7.27640222334512,29.5603840323396,19.6058615462355,2.27387569479535,77.0843860535624,22.3345123799899
"59",2014,"G. Nova","Rutgers",49.0904497220819,50.0757958564932,60.6872157655381,49.0651844365841,48.0545730166751,56.5437089439111,51.1874684183931,61.2430520464881,13.0874178878221
"60",2014,"G. Ward","Houston",62.8600303183426,74.3810005053057,63.7695805962607,51.4906518443658,88.7316826680141,68.9236988377969,85.9019706922688,26.1748357756443,51.5411824153613
"61",2014,"H. Mason","Georgia",90.3991915108641,82.1121778676099,79.1308741788782,78.4739767559373,77.3117736230419,81.1015664477009,53.3602829711976,51.0864072764022,80.7478524507327
"62",2014,"I. Woolsey","Hawai'i",3.23395654370895,8.13542193026782,11.066195048004,14.3506821627084,10.4598281960586,2.57705912076807,43.1531076301162,12.177867609904,5.60889338049519
"63",2014,"J. Barrett","Ohio State",87.3926225366347,83.122789287519,65.7150075795856,68.1152097018696,90.7023749368368,73.8756947953512,98.433552299141,34.5123799898939,11.1672561899949
"64",2014,"J. Brissett","NC State",59.3734209196564,54.977261243052,71.0712481051036,54.2193026781203,52.7539161192522,46.7407781707933,93.077311773623,35.144012127337,34.2091965639212
"65",2014,"J. Dobbs","Tennessee",75.5937342091966,49.7726124305205,42.4204143506822,36.7862556846892,67.4583122789288,34.1586659929257,83.6786255684689,40.6771096513391,58.3628094997473
"66",2014,"J. Driskel","Florida",15.4623547246084,4.95199595755432,1.56644770085902,8.08489135927236,8.64072764022233,3.4866093986862,45.2753916119252,77.4381000505306,35.0176856998484
"67",2014,"J. Goff","California",78.3476503284487,78.7266296109146,81.2531581606872,76.755937342092,72.7640222334512,94.3405760485093,24.6589186457807,68.5699848408287,23.5977766548762
"68",2014,"J. Gray","San José State",74.4820616472966,70.2880242546741,53.966649823143,38.9590702374937,89.8433552299141,67.9130874178878,65.2349671551289,79.2319353208691,30.6720565942395
"69",2014,"J. Holman","UCF",49.6462860030318,41.8393127842345,42.0161697827185,26.7812026275897,60.9903991915109,48.2566953006569,65.032844871147,43.2289034866094,6.06366851945427
"70",2014,"J. Johnson","Florida Atlantic",40.22233451238,62.3041940373926,62.5063163213744,63.1632137443153,56.7458312278929,62.6073774633653,59.5250126326427,79.9393633148055,78.7266296109146
"71",2014,"J. Knapke","Bowling Green",6.87215765538151,11.9757453259222,7.07427993936331,15.310763011622,16.2708438605356,2.82971197574533,44.7195553309752,80.8489135927236,9.60080848913593
"72",2014,"J. Licata","Buffalo",71.2986356745831,75.1894896412329,58.4133400707428,78.1202627589692,62.3041940373926,80.2425467407782,57.3521980798383,72.8650833754421,28.4992420414351
"73",2014,"J. Mccrary","Vanderbilt",29.610914603335,21.5765538150581,51.7180394138454,10.5103587670541,55.1288529560384,22.8398180899444,52.5012632642749,84.2344618494189,30.0656897422941
"74",2014,"J. Milas","Ball State",37.2410308236483,49.2673067205659,71.7281455280445,48.7620010106114,47.2966144517433,45.7301667508843,53.966649823143,94.6437594744821,71.4502273875695
"75",2014,"J. O'korn","Houston",3.36028297119757,4.49722081859525,7.27640222334512,3.23395654370895,21.8292066700354,7.37746336533602,27.3370389085397,65.8918645780697,42.900454775139
"76",2014,"J. Rudock","Iowa",26.2758969176352,50.3789792824659,34.4618494188984,35.3208691258211,65.032844871147,56.4426478019202,59.9797877716018,60.6872157655381,26.3264274886306
"77",2014,"J. Showers","UTEP",12.7842344618494,32.8954017180394,19.2016169782719,23.3451237998989,46.1849418898434,20.5659423951491,82.8196058615462,73.9262253663466,56.3921172309247
"78",2014,"J. Sprague","Ohio",11.0156644770086,13.9464375947448,14.8307225871652,9.55027791814047,37.6452753916119,11.6725618999495,59.8787266296109,52.2991409802931,76.200101061142
"79",2014,"J. Stave","Wisconsin",20.11116725619,19.1510864072764,40.9297625063163,10.4092976250632,42.344618494189,23.9514906518444,33.0469934310258,69.3532086912582,51.3895907023749
"80",2014,"J. Thomas","Georgia Tech",65.0581101566448,86.2051541182415,83.8302172814553,78.5750378979282,86.7104598281961,75.2400202122284,94.188984335523,71.0712481051036,43.1531076301162
"81",2014,"J. Waters","Kansas State",88.933804951996,85.144012127337,85.8514401212734,80.7983830217281,82.4658918645781,94.8964123294593,67.0035371399697,31.8847902981304,42.5467407781708
"82",2014,"J. Winston","Florida State",91.2582112177868,73.2187973724103,79.5351187468418,64.0727640222335,80.6467913087418,86.811520970187,67.155128852956,85.2450732693279,1.1622031328954
"83",2014,"J. Wolford","Wake Forest",10.8135421930268,4.44669024759979,6.5689742294088,5.60889338049519,10.7630116220313,0.859019706922692,2.98130368873168,4.09297625063163,9.04497220818595
"84",2014,"J. Worley","Tennessee",11.5209701869631,7.42799393633148,16.3719050025265,4.74987367357251,28.9034866093987,4.6488125315816,49.8736735725114,6.41738251642243,16.4729661445174
"85",2014,"K. Allen","Texas A&M",30.3183425972714,38.2516422435573,34.9166245578575,43.8605356240526,34.9166245578575,32.1879737241031,64.9317837291561,49.3683678625569,71.1470439615968
"86",2014,"K. Ellison","Georgia Southern",72.966144517433,72.8145528044467,51.3390601313795,75.4926730672057,60.33350176857,41.3340070742799,95.7049014653866,81.0763011622031,75.5937342091966
"87",2014,"K. Hill","Texas A&M",86.255684689237,73.5725113693785,53.2592218292067,83.6786255684689,43.1025770591208,82.8196058615462,20.5659423951491,76.3011622031329,57.9585649317837
"88",2014,"K. Hogan","Stanford",80.4951995957554,59.2723597776655,82.7690752905508,77.0591207680647,29.5098534613441,71.6523496715513,41.2834765032845,54.0929762506316,25.5179383527034
"89",2014,"K. Myers","Utah State",41.1318847902981,33.0469934310258,55.1035876705407,45.022738756948,25.6189994946943,20.0606366851945,80.44466902476,5.811015664477,70.6417382516422
"90",2014,"K. Pearson","Air Force",50.5811015664477,57.8069732187974,45.0732693279434,54.522486104093,57.200606366852,71.9050025265285,6.87215765538151,63.1632137443153,57.5037897928247
"91",2014,"K. Pohl","Akron",33.6533602829712,12.2283981808994,31.9353208691258,28.8529560384032,3.4866093986862,9.44921677614957,8.79231935320869,73.8756947953512,24.8105103587671
"92",2014,"K. Reynolds","Navy",55.5836280949975,23.4967155128853,18.8984335522991,31.0763011622031,20.8691258211218,15.0581101566448,73.1682668014149,0.606366851945428,16.0181910055584
"93",2014,"L. Falk","Washington State",70.0859019706923,44.5679636179889,78.9792824658919,45.1743304699343,44.0626579080344,57.5543203638201,8.59019706922688,37.3420919656392,35.5229914098029
"94",2014,"L. Jordan","New Mexico",5.93734209196564,24.2546740778171,14.9823143001516,16.978271854472,43.2036382011117,33.855482566953,17.9383527033856,62.9105608893381,62.7589691763517
"95",2014,"L. Woodside","Toledo",56.4931783729156,71.0459828196059,79.0803436078828,58.8175846387064,75.7958564931784,78.9792824658919,10.8640727640222,90.7023749368368,56.1394643759475
"96",2014,"M. Bercovici","Arizona State",54.2950985346134,88.933804951996,88.9843355229914,97.4734714502274,43.6584133400707,64.7801920161698,38.2516422435573,42.5720060636685,99.1915108640728
"97",2014,"M. Brewer","Virginia Tech",17.433046993431,13.1379484588176,18.0394138453765,8.69125821121779,32.6932794340576,2.72865083375442,71.0459828196059,36.6851945426983,2.07175341081354
"98",2014,"M. Cozart","Kansas",0.252652854977264,1.31379484588175,0.555836280949973,0.252652854977264,29.610914603335,6.46791308741789,6.61950480040424,25.5179383527034,70.7427993936331
"99",2014,"M. Cummings","Kansas",14.2748863062153,30.4699343102577,21.5765538150581,52.6528549772612,19.0500252652855,48.3072258716523,3.63820111167256,39.3127842344619,85.3461344113188
"100",2014,"M. Davis","SMU",7.80697321879738,6.36685194542699,7.02374936836786,1.86963112683173,49.0651844365841,1.56644770085902,86.8620515411824,5.25517938352703,35.977766548762
"101",2014,"M. Johns","Virginia",31.9353208691258,31.8342597271349,52.8549772612431,29.156139464376,40.5255179383527,30.8236483072259,54.5730166750884,97.1702880242547,70.6922688226377
"102",2014,"M. Leidner","Minnesota",33.299646286003,34.3102577059121,36.3314805457302,53.5118746841839,23.5977766548762,25.9727134916625,76.5538150581101,26.755937342092,22.5366346639717
"103",2014,"M. Mariota","Oregon",95.5027791814047,98.7872662961091,97.321879737241,99.0904497220819,90.2981303688732,98.9388580090955,99.6462860030318,39.2117230924709,76.755937342092
"104",2014,"M. Mauk","Missouri",22.9408792319353,27.6907529055078,39.2117230924709,18.4941889843355,52.3496715512885,14.6033350176857,82.1627084386054,60.7630116220313,14.4012127337039
"105",2014,"M. White","South Florida",12.177867609904,25.366346639717,54.0929762506316,11.9252147549267,53.5118746841839,34.6134411318848,16.2203132895402,50.4800404244568,43.5573521980798
"106",2014,"M. Williams","North Carolina",64.9317837291561,51.1369378473977,58.8681152097019,58.5649317837292,38.5042950985346,52.9055078322385,89.3380495199596,51.5917129863567,11.4704396159677
"107",2014,"N. Arbuckle","Georgia State",41.5361293582618,51.2379989893886,75.8716523496715,11.4199090449722,94.188984335523,71.1470439615968,10.1061141990905,35.7756442647802,0.707427993936327
"108",2014,"N. Marshall","Auburn",64.3254168772107,79.4340576048509,81.8089944416372,77.0085901970692,74.8863062152602,83.4259727134917,82.2637695805963,70.8943911066195,30.8741788782213
"109",2014,"N. Mullens","Southern Miss",23.0924709449217,26.2253663466397,30.4194037392623,28.5497726124305,29.7625063163214,27.5896917635169,40.0202122283982,61.7483577564427,22.8398180899444
"110",2014,"N. Sudfeld","Indiana",80.1414855987873,58.3628094997473,29.0045477513896,91.6624557857504,11.1672561899949,46.3365336028297,51.6927741283477,81.5310763011622,98.2314300151592
"111",2014,"O. Mann","Ball State",58.6154623547246,39.3633148054573,45.7806973218797,34.0070742799394,47.3471450227388,62.7589691763517,0.303183425972708,85.1692774128348,82.2132390096008
"112",2014,"P. Lynch","Memphis",51.4401212733704,29.9646286003032,53.1581606872158,34.967155128853,29.8635674583123,37.4936836786256,27.9434057604851,89.1864578069732,2.52652854977261
"113",2014,"P. Mahomes","Texas Tech",35.4724608388075,65.6392117230925,64.8054573016675,42.6478019201617,86.5588681152097,70.4901465386559,5.25517938352703,69.4290045477514,53.966649823143
"114",2014,"P. Thomas","UL Monroe",13.0874178878221,12.5315816068722,4.57301667508843,15.866599292572,17.3825164224356,2.47599797877716,42.5972713491662,17.1803941384538,33.299646286003
"115",2014,"P. Towles","Kentucky",11.7736230419404,20.6164729661445,18.7973724103082,35.6745831227893,14.5528044466902,3.63820111167256,89.8433552299141,14.1990904497221,43.8605356240526
"116",2014,"P. Walker","Temple",7.52905507832239,3.58767054067711,4.19403739262254,15.1591712986357,0.960080848913591,0.505305709954518,1.56644770085902,64.3254168772107,0.757958564931782
"117",2014,"Q. Kaehler","San Diego State",24.9621020717534,9.60080848913593,27.3370389085397,6.92268822637696,25.1136937847398,6.51844365841334,33.299646286003,44.8206164729661,11.2683173319859
"118",2014,"R. Bell","Eastern Michigan",24.8863062152602,23.9514906518444,59.8534613441132,42.9509853461344,11.7736230419404,28.7013643254169,30.2172814552804,5.63415866599293,30.8236483072259
"119",2014,"R. Bonnafon","Louisville",7.32693279434058,6.26579080343608,29.3835270338555,6.41738251642243,13.8959070237494,7.42799393633148,55.9878726629611,0.757958564931782,55.3309752400202
"120",2014,"R. Cato","Marshall",88.2516422435573,79.1814047498737,93.1783729156139,65.9423951490652,86.3567458312279,85.2450732693279,89.6412329459323,72.789287518949,4.24456796361798
"121",2014,"R. O'toole","Illinois",32.2385042950985,13.5927235977767,8.13542193026782,23.8504295098535,10.8640727640222,9.95452248610409,58.6154623547246,9.55027791814047,24.1030823648307
"122",2014,"S. Bench","South Florida",11.4704396159677,25.1642243557352,19.8585144012127,2.02122283981809,85.4471955533098,29.4593228903487,46.8418393127842,39.11066195048,97.9282465891865
"123",2014,"S. Carden","East Carolina",87.6705406771097,65.588681152097,76.5032844871147,58.6659929257201,73.3198585144012,94.0879231935321,6.46791308741789,65.5381505811016,5.96260737746337
"124",2014,"S. Howard","West Virginia",26.755937342092,57.2511369378474,70.1869631126832,82.9206670035371,23.0924709449217,39.6159676604346,62.7084386053562,85.0682162708439,96.7155128852956
"125",2014,"S. Liufau","Colorado",61.4451743304699,40.6771096513391,41.6877210712481,27.3875694795351,62.5063163213744,47.2966144517433,67.6604345629106,81.6574027286508,1.01061141990905
"126",2014,"S. Mannion","Oregon State",31.4805457301668,14.8054573016675,23.5977766548762,20.7175341081354,17.0288024254674,8.79231935320869,22.7387569479535,30.2930773117736,23.4967155128853
"127",2014,"S. Richardson","Iowa State",32.4406265790803,31.0257705912077,34.6639717028802,29.6614451743305,39.0096008084891,12.8347650328449,90.7023749368368,57.1500757958565,23.9009600808489
"128",2014,"T. Armstrong","Nebraska",21.7786760990399,29.1056088933805,41.788782213239,20.4143506821627,49.1157150075796,27.7918140474987,55.2299140980293,60.8388074785245,1.61697827185447
"129",2014,"T. Boykin","TCU",72.1323900960081,55.7352198079838,40.6013137948459,58.767054067711,48.8630621526023,73.8251642243557,74.8357756442648,72.511369378474,8.43860535624053
"130",2014,"T. Broadway","Louisiana",52.956038403234,34.7145022738757,44.6184941889843,43.2541687721071,29.3582617483578,16.3719050025265,91.2582112177868,43.4562910560889,26.9833249115715
"131",2014,"T. Carter","UTSA",28.322385042951,10.3587670540677,7.93329964628601,13.3400707427994,15.1086407276402,17.8878221323901,15.2097018696311,45.199595755432,70.1364325416877
"132",2014,"T. Harris","Florida",6.31632137443153,31.3289540171804,49.2420414350682,27.3370389085397,40.9802930773118,40.5760485093481,17.8372915613946,47.5492673067206,56.0384032339565
"133",2014,"T. Heinicke","Old Dominion",69.2268822637696,72.5618999494694,67.4077817079333,53.5624052551794,87.9231935320869,76.0990399191511,88.2263769580596,47.6503284487115,24.355735219808
"134",2014,"T. Hill","BYU",89.1864578069732,65.8413340070743,55.4825669530066,52.5012632642749,82.0616472966145,26.7812026275897,94.6437594744821,9.29762506316322,75.3916119252147
"135",2014,"T. Hunt","Syracuse",15.032844871147,15.7655381505811,26.0737746336534,29.1056088933805,10.9651339060131,15.1086407276402,62.1020717534108,96.4881253158161,63.0621526023244
"136",2014,"T. Jones","Texas State",51.3895907023749,33.1480545730167,21.8292066700354,46.9429004547751,23.1430015159171,43.4562910560889,31.5816068721577,37.4684183931278,20.8691258211218
"137",2014,"T. Kelly","Arizona State",29.4845881758464,48.0040424456796,54.8762001010611,72.2587165234967,21.8797372410308,50.833754421425,61.7988883274381,11.4199090449722,85.7503789792825
"138",2014,"T. Knight","Oklahoma",51.9454269833249,38.4537645275392,66.2455785750379,69.3279434057605,11.3188479029813,39.7170288024255,61.4957049014654,94.1384537645275,17.9383527033856
"139",2014,"T. Lamb","App State",81.5563415866599,90.3991915108641,92.1677614957049,79.88883274381,89.944416371905,83.122789287519,91.0055583628095,89.6159676604346,60.2324406265791
"140",2014,"T. Lee","Tulane",9.39868620515412,10.8640727640222,12.7842344618494,6.97321879737242,30.3183425972714,9.65133906013138,12.0768064679131,41.4350682162708,25.1642243557352
"141",2014,"T. Mcevoy","Wisconsin",81.4047498736736,55.2299140980293,34.0576048509348,61.9504800404245,43.2541687721071,29.6614451743305,85.2956038403234,93.3299646286003,71.3491662455786
"142",2014,"T. Murphy","Boston College",81.6574027286508,64.5275391611925,69.9343102577059,89.4896412329459,28.9540171803941,21.4754926730672,99.1915108640728,21.8797372410308,48.3577564426478
"143",2014,"T. Rogers","New Mexico State",38.9590702374937,20.66700353714,40.9802930773118,18.1910055583628,34.5629105608893,32.0869125821122,1.0611419909045,95.3006568974229,0
"144",2014,"T. Siemian","Northwestern",28.0192016169783,9.55027791814047,20.4143506821627,5.5078322385043,31.2784234461849,2.52652854977261,49.722081859525,25.922182920667,24.6083880747852
"145",2014,"T. Swoopes","Texas",24.6589186457807,15.4623547246084,17.433046993431,11.9757453259222,31.2278928751895,4.24456796361798,69.9848408287014,44.2900454775139,10.1061141990905
"146",2014,"T. Wilson","Utah",17.0793329964629,21.8292066700354,18.4941889843355,31.3289540171804,20.7175341081354,18.6963112683173,45.8817584638706,49.5452248610409,53.1581606872158
"147",2014,"T. Woodson","Akron",8.43860535624053,3.43607882769076,13.2895401718039,26.8317331985851,0.101061141990899,8.53966649823144,27.6402223345124,77.8423446184942,67.8625568468924
"148",2014,"W. Gardner","Louisville",22.8903486609399,36.2809499747347,43.1025770591208,30.9247094492168,47.4987367357251,53.0570995452249,3.23395654370895,54.7246083880748,49.7726124305205
"149",2014,"W. Lunt","Illinois",24.4820616472966,47.6503284487115,65.0833754421425,41.4855987872663,55.4320363820111,59.77766548762,6.41738251642243,73.7493683678626,78.0697321879737
"150",2014,"Z. Diamont","Indiana",0.454775138959074,0.555836280949973,0.454775138959074,1.11167256189995,2.37493683678626,1.41485598787267,40.9297625063163,5.05305709954522,86.0535624052552
"151",2014,"Z. Terrell","Western Michigan",87.7210712481051,80.2930773117736,85.0682162708439,82.3143001515917,69.4795351187469,79.8383021728146,83.9818089944416,61.0409297625063,14.4517433046993
"152",2015,"A. Allen","New Mexico State",5.0277918140475,28.4487114704396,36.6599292572006,31.2278928751895,31.733198585144,30.7731177362304,43.7594744820616,21.2228398180899,63.9717028802425
"153",2015,"A. Apodaca","New Mexico",8.56493178372916,5.00252652854978,0.0505305709954551,12.1273370389085,4.09297625063163,21.4249621020718,6.26579080343608,69.9343102577059,56.5437089439111
"154",2015,"A. Appleby","Purdue",24.2799393633148,16.0181910055584,12.6831733198585,12.8852956038403,32.0869125821122,28.044466902476,4.59828196058616,70.3385548256695,27.7918140474987
"155",2015,"A. Mcgough","Florida International",52.8549772612431,37.7968671045983,52.5265285497726,33.299646286003,46.8923698837797,40.22233451238,63.6685194542698,52.7539161192522,23.1935320869126
"156",2015,"A. Mcnulty","North Texas",2.3244062657908,2.77918140474988,5.63415866599293,0.0505305709954551,55.2299140980293,3.3855482566953,67.3572511369378,18.1404749873674,60.4850934815563
"157",2015,"A. Solomon","Arizona",72.8145528044467,75.5432036382011,90.7529055078322,83.577564426478,50.7326932794341,80.1414855987873,64.022233451238,55.078322385043,52.400202122284
"158",2015,"B. Allen","Arkansas",92.5214754926731,97.5745325922183,99.44416371905,98.6862051541182,79.6867104598282,97.321879737241,68.6710459828196,84.7902981303689,67.6099039919151
"159",2015,"B. Bahl","Miami (OH)",3.94138453764528,2.42546740778171,44.4416371905003,7.93329964628601,2.57705912076807,2.27387569479535,28.2971197574533,13.5927235977767,10.6619504800404
"160",2015,"B. Bogenschutz","UTSA",8.9944416371905,9.80293077311774,21.4754926730672,5.40677109651338,34.7145022738757,25.1136937847398,4.34562910560889,35.3713996968166,73.521980798383
"161",2015,"B. Decker","UNLV",36.0282971197575,44.2142496210207,48.711470439616,60.0303183425973,25.1642243557352,57.3016675088428,6.16472966144518,75.9979787771602,48.8630621526023
"162",2015,"B. Doughty","Western Kentucky",94.9469429004548,93.8352703385548,97.877716018191,95.2501263264275,80.8994441637191,99.0399191510864,12.3294593228903,92.8246589186458,30.4194037392623
"163",2015,"B. Frohnapfel","Massachusetts",19.55533097524,15.9171298635675,18.3425972713492,14.7043961596766,27.5896917635169,5.10358767054068,58.2617483577564,62.3041940373926,11.1167256189995
"164",2015,"B. Haack","Louisiana",45.5280444669025,40.1212733703891,48.2819605861546,83.021728145528,4.90146538655887,34.1081354219303,66.0434562910561,37.0894391106619,85.4977261243052
"165",2015,"B. Harris","LSU",16.5740272865083,47.043961596766,37.8473976755937,25.6189994946943,68.822637695806,50.6821627084386,55.4825669530066,56.9732187973724,48.6104092976251
"166",2015,"B. Kaaya","Miami",63.7695805962607,78.878221323901,90.8034360788277,85.8514401212734,57.1500757958565,88.0242546740778,35.5229914098029,82.7185447195553,59.0197069226882
"167",2015,"B. Kemp","East Carolina",76.5032844871147,45.477513895907,55.3309752400202,38.100050530571,58.9186457806973,65.8413340070743,5.55836280949975,86.4578069732188,5.65942395149065
"168",2015,"B. Mayfield","Oklahoma",86.4578069732188,71.8039413845377,88.377968671046,78.0697321879737,53.3097524002021,84.1839312784235,75.9979787771602,12.5821121778676,22.6882263769581
"169",2015,"B. Motley","Virginia Tech",25.1642243557352,28.600303183426,25.4926730672057,39.5654370894391,22.9408792319353,33.5522991409803,34.967155128853,16.7761495704902,65.3865588681152
"170",2015,"B. Roback","Eastern Michigan",52.0970186963113,50.9348155634159,48.8377968671046,36.1293582617484,66.8519454269833,64.3254168772107,20.8691258211218,85.9019706922688,20.5154118241536
"171",2015,"B. Rypien","Boise State",67.6604345629106,54.8256695300657,36.1798888327438,59.5755432036382,45.2753916119252,66.6498231430015,60.0303183425973,72.2587165234967,27.4381000505306
"172",2015,"B. Schneider","UCF",13.3148054573017,0.252652854977264,1.46538655886812,0.960080848913591,1.76856998484083,5.86154623547246,26.3769580596261,12.9105608893381,55.8362809499747
"173",2015,"B. Shirreffs","UConn",42.9509853461344,26.3264274886306,26.9833249115715,47.8524507326933,15.310763011622,18.8984335522991,68.1657402728651,4.57301667508843,44.3153107630116
"174",2015,"B. Silvers","Troy",63.3148054573017,51.0864072764022,54.3708943911066,56.2405255179383,40.8792319353209,62.8094997473472,20.11116725619,86.6599292572006,35.8261748357756
"175",2015,"B. Stockstill","Middle Tennessee",56.9479535118747,72.9156139464376,73.1935320869126,63.8201111672562,76.7054067710965,88.933804951996,51.4401212733704,87.6200101061142,4.29509853461344
"176",2015,"C. Beathard","Iowa",67.2561899949469,67.4583122789288,67.710965133906,72.0060636685194,55.6846892369884,64.2243557352198,91.9656392117231,26.1243052046488,53.2592218292067
"177",2015,"C. Clements","South Alabama",14.5022738756948,12.4305204648813,18.6963112683173,17.5341081354219,15.6644770085902,5.7099545224861,49.2673067205659,31.6826680141486,5.55836280949975
"178",2015,"C. Coffman","Wyoming",36.2304194037393,26.0232440626579,43.355229914098,58.3122789287519,10.0050530570995,35.5229914098029,16.6750884284992,9.37342091965639,12.4810510358767
"179",2015,"C. Cook","Michigan State",57.8827690752906,76.0990399191511,78.4739767559373,60.7377463365336,80.0909550277918,85.5482566953007,63.1632137443153,75.6947953511875,73.4209196563921
"180",2015,"C. Hackenberg","Penn State",9.75240020212228,15.2097018696311,18.99949469429,25.3158160687216,13.6937847397676,8.84284992420414,44.921677614957,9.04497220818595,35.1187468418393
"181",2015,"C. Jones","Ohio State",42.7488630621526,17.2309247094492,36.5588681152097,26.0737746336534,14.6538655886811,26.5285497726124,11.6725618999495,39.4391106619505,51.7433046993431
"182",2015,"C. Keeton","Utah State",3.63820111167256,5.20464881253159,5.63415866599293,10.2577059120768,6.72056594239515,4.44669024759979,49.1157150075796,85.7503789792825,56.5942395149065
"183",2015,"C. Kelly","Ole Miss",92.2182920667004,85.0429509853461,88.8832743810005,94.744820616473,35.5229914098029,91.2076806467913,92.6730672056594,84.133400707428,12.8852956038403
"184",2015,"C. Kessler","USC",66.700353713997,62.7084386053562,64.4264780192016,64.4264780192016,56.3921172309247,77.0085901970692,67.3067205659424,24.0020212228398,34.0576048509348
"185",2015,"C. Laviano","Rutgers",45.9322890348661,18.7468418393128,39.7675593734209,33.8049519959576,13.3906013137948,17.2309247094492,32.6427488630622,27.6907529055078,13.2895401718039
"186",2015,"C. Litton","Marshall",54.2193026781203,34.1081354219303,55.0277918140475,51.2379989893886,20.2122283981809,52.8044466902476,4.24456796361798,79.7625063163214,28.6508337544214
"187",2015,"C. Reardon","Kent State",0.0505305709954551,0.202122283981809,0,1.46538655886812,0.808489135927237,3.94138453764528,0.909550277918136,92.0161697827185,69.4795351187469
"188",2015,"C. Rowe","Maryland",12.3294593228903,9.29762506316322,27.8928751894896,5.00252652854978,34.0070742799394,12.3294593228903,53.5118746841839,99.8484082870136,19.100555836281
"189",2015,"C. Rush","Central Michigan",68.7721071248105,76.5538150581101,90.955027791814,54.8256695300657,86.6599292572006,86.8620515411824,74.077817079333,63.7948458817585,12.733703890854
"190",2015,"C. Thorson","Northwestern",4.74987367357251,7.88276907529055,20.0606366851945,2.82971197574533,36.1798888327438,0.808489135927237,83.2238504295099,36.9125821121779,16.2708438605356
"191",2015,"D. Blough","Purdue",11.4199090449722,12.3799898938858,2.42546740778171,6.31632137443153,35.7756442647802,8.03436078827691,37.2915613946438,50.3789792824659,61.7483577564427
"192",2015,"D. Evans","Tulsa",46.9429004547751,81.7079332996463,61.6978271854472,67.3067205659424,86.0535624052552,95.1490651844366,36.8873168266801,23.0419403739262,23.1430015159171
"193",2015,"D. Hare","Northern Illinois",35.9019706922688,26.478019201617,23.799898938858,38.6053562405255,21.3239009600808,44.7195553309752,1.76856998484083,55.9120768064679,36.5841334007074
"194",2015,"D. Jackson","Rice",27.3875694795351,46.2860030318343,65.588681152097,26.9833249115715,71.0965133906013,64.4264780192016,6.77109651339061,7.42799393633148,19.9090449722082
"195",2015,"D. Kizer","Notre Dame",61.5462354724608,76.2506316321374,56.088933804952,73.0672056594239,71.7028802425467,79.1814047498737,88.3274381000505,40.8287013643254,18.3425972713492
"196",2015,"D. Kummer","Miami (OH)",13.6685194542698,21.0712481051036,76.9580596260738,9.80293077311774,50.4800404244568,30.9247094492168,27.2359777665488,65.0833754421425,55.078322385043
"197",2015,"D. Lock","Missouri",2.47599797877716,1.36432541687721,6.94795351187468,4.09297625063163,2.12228398180899,0.303183425972708,62.9105608893381,13.744315310763,63.7190500252653
"198",2015,"D. Prescott","Mississippi State",71.399696816574,76.0485093481556,68.9236988377969,75.2905507832238,69.1258211217787,88.7822132390096,90.3991915108641,42.8246589186458,39.8686205154118
"199",2015,"D. Smith","North Texas",19.2521475492673,9.95452248610409,12.2283981808994,8.18595250126326,24.5578575037898,6.5689742294088,51.7433046993431,69.9343102577059,29.156139464376
"200",2015,"D. Sturm","UTSA",15.2097018696311,7.52905507832239,11.2177867609904,8.48913592723598,16.7761495704902,8.28701364325417,3.94138453764528,1.46538655886812,35.6745831227893
"201",2015,"D. Vick","Ohio",25.8211217786761,31.6826680141486,24.9621020717534,16.0181910055584,66.2455785750379,47.043961596766,7.17534108135421,21.1470439615968,55.533097524002
"202",2015,"D. Washington","Old Dominion",26.932794340576,61.7483577564427,66.9024759979788,68.4689236988378,45.1237998989389,53.2592218292067,48.155634158666,46.6397170288024,88.2769075290551
"203",2015,"D. Watson","Clemson",89.944416371905,80.3436078827691,65.9929257200606,80.4951995957554,72.8145528044467,93.2794340576048,94.9469429004548,89.944416371905,8.48913592723598
"204",2015,"E. Carrington","UL Monroe",0.505305709954518,2.02122283981809,1.31379484588175,27.6907529055078,0.202122283981809,5.96260737746337,44.5174330469934,19.7574532592218,69.9848408287014
"205",2015,"E. Dungey","Syracuse",54.9267306720566,22.7387569479535,34.3607882769075,26.1748357756443,26.2758969176352,27.0338554825669,32.0869125821122,47.3976755937342,24.7094492167761
"206",2015,"E. Golson","Florida State",80.722587165235,63.4158665992926,77.4128347650328,50.2273875694795,76.0485093481556,69.0247599797878,12.6326427488631,29.2572006063669,86.3062152602324
"207",2015,"F. Knighten","Arkansas State",36.1293582617484,28.8529560384032,33.7796867104598,40.5255179383527,23.3956543708944,35.6745831227893,25.366346639717,53.1076301162203,30.0151591712986
"208",2015,"G. Bollas","Kent State",1.51591712986356,0.707427993936327,1.6422435573522,1.61697827185447,2.3244062657908,3.33501768569985,2.07175341081354,75.366346639717,38.3021728145528
"209",2015,"G. Kiel","Cincinnati",94.1384537645275,79.1308741788782,93.2289034866094,43.5573521980798,96.6649823143001,86.3567458312279,10.4092976250632,93.9363314805457,1.66750884284993
"210",2015,"G. Lambert","Georgia",65.7402728650834,35.4724608388075,44.921677614957,80.3436078827691,6.97321879737242,50.2273875694795,7.78170793329964,77.3623041940374,78.2213239009601
"211",2015,"G. Smith","UL Monroe",12.2789287518949,22.0313289540172,12.9358261748358,22.6882263769581,29.6614451743305,31.733198585144,3.53713996968166,38.2516422435573,34.7650328448711
"212",2015,"G. Ward","Houston",85.5482566953007,79.5856493178373,68.0141485598787,46.7913087417888,94.4416371905002,77.4128347650328,98.1303688731683,38.8580090955028,27.5391611925215
"213",2015,"H. Moore","Cincinnati",65.2349671551289,31.4805457301668,67.3572511369378,30.6720565942395,38.4537645275392,42.799393633148,13.4411318847903,31.9353208691258,6.46791308741789
"214",2015,"I. Woolsey","Hawai'i",3.73926225366347,6.41738251642243,5.48256695300657,17.7362304194037,6.82162708438605,12.2283981808994,23.7493683678626,40.6771096513391,74.2799393633148
"215",2015,"J. Barrett","Ohio State",88.2516422435573,54.6740778170793,34.3607882769075,71.7028802425467,26.9833249115715,29.4087923193532,90.500252652855,79.3582617483578,52.0970186963113
"216",2015,"J. Brissett","NC State",28.9034866093987,40.0707427993936,36.8367862556847,27.9939363314806,56.2405255179383,23.5472460838807,92.1172309247094,16.2203132895402,61.4451743304699
"217",2015,"J. Browning","Washington",53.7645275391612,32.5922182920667,79.9393633148055,38.4032339565437,31.4300151591713,22.3345123799899,79.5856493178373,21.6270843860536,3.89085396664982
"218",2015,"J. Coker","Alabama",45.6291056088934,47.3471450227388,62.8094997473472,77.3117736230419,15.1591712986357,62.2536634663972,35.0176856998484,48.0545730166751,62.0515411824154
"219",2015,"J. Dobbs","Tennessee",51.5411824153613,56.088933804952,60.9903991915109,30.0656897422941,77.766548762001,52.5012632642749,89.6917635169277,54.7751389590702,42.0414350682163
"220",2015,"J. Driskel","Florida Atlantic",19.4290045477514,6.61950480040424,10.1566447700859,8.59019706922688,12.733703890854,10.3082364830723,50.833754421425,44.2900454775139,53.3097524002021
"221",2015,"J. Driskel","Louisiana Tech",80.3941384537645,79.8383021728146,93.4310257705912,77.2612430520465,76.8569984840829,90.2475997978777,72.1071248105104,80.6467913087418,17.8372915613946
"222",2015,"J. Goff","California",92.2688226376958,91.5613946437595,94.0879231935321,94.0879231935321,72.1576553815058,98.1303688731683,71.2986356745831,69.2268822637696,8.03436078827691
"223",2015,"J. Gray","San José State",86.1798888327438,61.2430520464881,94.1637190500253,40.0202122283982,83.8807478524507,46.8923698837797,41.3845376452754,29.610914603335,82.1627084386054
"224",2015,"J. Heard","Texas",14.855987872663,13.0368873168267,10.6619504800404,8.53966649823144,33.6028297119757,4.29509853461344,83.9312784234462,0.505305709954518,55.7352198079838
"225",2015,"J. Holman","UCF",19.2016169782719,5.60889338049519,29.610914603335,16.2708438605356,4.59828196058616,1.81910055583628,76.4022233451238,84.8913592723598,7.07427993936331
"226",2015,"J. Hubener","Kansas State",21.4249621020718,30.1162203132895,29.4593228903487,14.4517433046993,63.011622031329,11.3188479029813,90.7529055078322,28.2465891864578,23.799898938858
"227",2015,"J. Johnson","Auburn",52.0464881253158,73.6735725113694,75.644264780192,86.5588681152097,42.4456796361799,52.5517938352703,72.4103082364831,55.0277918140475,74.8863062152602
"228",2015,"J. Johnson","Florida Atlantic",18.9489641232946,21.2228398180899,35.5482566953007,20.2122283981809,31.9353208691258,21.2228398180899,39.9191510864073,38.8074785245073,25.6189994946943
"229",2015,"J. Lanning","Iowa State",29.9646286003032,30.9752400202122,34.8660939868621,46.589186457807,22.3850429509853,17.7362304194037,82.9206670035371,5.35624052551794,71.6018191005558
"230",2015,"J. Licata","Buffalo",79.33299646286,52.0970186963113,61.5967660434563,59.0197069226882,41.1318847902981,62.5568468923699,50.1768569984841,86.4072764022233,10.4598281960586
"231",2015,"J. Mccrary","Vanderbilt",17.6856998484083,5.05305709954522,15.1086407276402,4.80040424456797,16.1697827185447,0.757958564931782,75.5432036382011,37.2410308236483,7.42799393633148
"232",2015,"J. Nixon","Louisiana",32.8954017180394,35.6240525517938,77.1096513390601,21.4754926730672,60.5356240525518,18.4436584133401,86.0030318342597,98.2566953006569,35.8767054067711
"233",2015,"J. Rosen","UCLA",46.4881253158161,74.1283476503285,71.6523496715513,62.6073774633653,79.7877716018191,89.1359272359778,48.711470439616,94.8206164729662,31.3289540171804
"234",2015,"J. Rudock","Michigan",86.6599292572006,73.8251642243557,86.1040929762506,65.4370894391107,73.4209196563921,76.200101061142,85.5987872662961,76.200101061142,14.9570490146539
"235",2015,"J. Sprague","Ohio",45.2753916119252,23.799898938858,65.2854977261243,15.7150075795856,46.589186457807,27.2865083375442,47.043961596766,65.0833754421425,73.3198585144012
"236",2015,"J. Stave","Wisconsin",65.2854977261243,18.6963112683173,68.5699848408287,41.4350682162708,9.24709449216776,19.4037392622537,15.7150075795856,58.8175846387064,3.4866093986862
"237",2015,"J. Stidham","Baylor",91.4603335017686,98.0798383021728,87.6705406771097,91.6119252147549,99.2925720060637,78.7266296109146,34.7145022738757,24.3052046488125,93.1278423446185
"238",2015,"J. Tabary","Arkansas State",43.0015159171299,2.57705912076807,10.8640727640222,16.7256189994947,0.353713996968164,17.433046993431,8.13542193026782,13.3400707427994,61.5967660434563
"239",2015,"J. Thomas","Georgia Tech",9.29762506316322,10.8135421930268,18.1404749873674,52.6023244062658,1.46538655886812,30.3688731682668,0.101061141990899,43.1531076301162,20.3132895401718
"240",2015,"J. Wolford","Wake Forest",33.5017685699848,10.7630116220313,22.0565942395149,14.8054573016675,13.744315310763,8.94391106619504,34.8155634158666,12.7842344618494,6.87215765538151
"241",2015,"K. Allen","Texas A&M",29.5603840323396,37.0389085396665,34.5123799898939,60.88933804952,17.8878221323901,36.2809499747347,63.3653360282971,24.1536129358262,86.1040929762506
"242",2015,"K. Anderson","Fresno State",4.62354724608388,15.310763011622,14.6033350176857,6.77109651339061,49.3178372915614,10.7124810510359,75.1389590702375,46.1091460333502,89.6917635169277
"243",2015,"K. Bolin","Louisville",36.3314805457302,12.2789287518949,50.8590197069227,17.0288024254674,11.4199090449722,21.0207175341081,33.2491157150076,17.988883274381,27.1349166245579
"244",2015,"K. Hinton","Wake Forest",10.2071753410814,20.1616978271854,8.26174835775644,24.1536129358262,22.6882263769581,9.85346134411319,81.8595250126326,13.188479029813,83.9312784234462
"245",2015,"K. Hogan","Stanford",91.8645780697322,92.5720060636685,92.3698837796867,94.8458817584639,75.5432036382011,92.6730672056594,71.0965133906013,48.7367357251137,39.2622536634664
"246",2015,"K. Murray","Texas A&M",50.4042445679636,19.4542698332491,20.7680646791309,27.1854471955533,18.0394138453765,16.978271854472,67.9130874178878,44.2900454775139,66.0939868620516
"247",2015,"K. Myers","Utah State",20.5154118241536,53.9161192521475,40.8792319353209,60.9903991915109,42.1930267812026,61.4957049014654,20.4143506821627,37.3926225366347,60.0303183425973
"248",2015,"K. Palandech","UNLV",13.7948458817585,12.6326427488631,16.4729661445174,26.4274886306215,10.3587670540677,7.8322385042951,73.7241030823648,1.92016169782718,65.6392117230925
"249",2015,"K. Potter","San José State",62.0515411824154,71.1470439615968,74.5325922182921,49.8231430015159,83.2743810005053,61.5967660434563,90.3486609398686,8.28701364325417,77.1601819100556
"250",2015,"K. Reynolds","Navy",59.7271349166246,80.8489135927236,23.0924709449217,74.8863062152602,82.1627084386054,56.088933804952,98.3324911571501,7.15007579585649,95.5533097524002
"251",2015,"K. Roberts","Air Force",62.7084386053562,54.6235472460839,51.3895907023749,69.2268822637696,31.4805457301668,65.2349671551289,15.3612935826175,96.4881253158161,16.1697827185447
"252",2015,"K. Shurmur","Vanderbilt",0.757958564931782,1.21273370389086,2.34967155128853,19.7574532592218,0.303183425972708,10.9651339060131,22.789287518949,17.6604345629106,91.5613946437595
"253",2015,"L. Falk","Washington State",68.266801414856,58.8175846387064,59.0197069226882,42.1424962102072,79.0298130368873,84.7902981303689,58.5649317837292,51.6422435573522,39.7170288024255
"254",2015,"L. Jackson","Louisville",55.1793835270339,49.166245578575,57.3521980798383,48.8630621526023,47.9535118746842,16.9277412834765,97.7261243052046,12.733703890854,30.3183425972714
"255",2015,"L. Jordan","New Mexico",11.9757453259222,30.166750884285,7.17534108135421,7.07427993936331,81.4047498736736,19.5048004042446,78.6760990399192,30.899444163719,40.6771096513391
"256",2015,"L. Mcneill","Charlotte",0.202122283981809,0,0.63163213744315,0.151591712986354,0.252652854977264,0.101061141990899,5.40677109651338,14.5528044466902,15.8160687215765
"257",2015,"M. Bercovici","Arizona State",30.2678120262759,38.1505811015665,46.9429004547751,44.9722081859525,34.8155634158666,55.1793835270339,32.0363820111167,37.9989893885801,18.8984335522991
"258",2015,"M. Brewer","Virginia Tech",55.078322385043,38.7569479535119,67.5088428499242,39.0096008084891,41.2834765032845,45.6796361798888,24.9621020717534,24.355735219808,36.1798888327438
"259",2015,"M. Cozart","Kansas",41.2834765032845,43.1531076301162,39.8686205154118,43.9615967660435,43.4562910560889,48.8125315816069,13.6937847397676,54.5730166750884,93.077311773623
"260",2015,"M. Davis","SMU",25.8716523496715,29.055078322385,48.2061647296615,30.4699343102577,33.7544214249621,19.6563921172309,75.0378979282466,5.7099545224861,32.3395654370894
"261",2015,"M. Johns","Virginia",45.477513895907,46.2354724608388,68.4183931278424,29.2066700353714,64.578069732188,58.0596260737746,49.3178372915614,68.0646791308742,1.76856998484083
"262",2015,"M. Johnson","Bowling Green",89.388580090955,87.8726629610915,71.6018191005558,69.277412834765,96.766043456291,97.9282465891865,74.8863062152602,50.9348155634159,6.77109651339061
"263",2015,"M. Leftwich","UTEP",18.2415361293583,60.5861546235472,53.6129358261748,19.100555836281,83.2238504295099,53.7645275391612,30.8236483072259,93.7847397675594,89.5907023749368
"264",2015,"M. Leidner","Minnesota",35.3713996968166,31.2784234461849,26.1495704901465,28.2971197574533,41.0308236483072,52.0970186963113,2.17281455280445,80.7983830217281,5.30570995452249
"265",2015,"M. Mauk","Missouri",13.8453764527539,28.4992420414351,54.3203638201112,23.9514906518444,40.77817079333,26.7306720565942,59.3734209196564,74.0020212228398,90.1465386558868
"266",2015,"M. Rudolph","Oklahoma State",56.8216270843861,78.2718544719555,88.6306215260232,59.22182920667,89.7422940879232,92.7741283476503,11.8746841839313,35.0176856998484,10.3587670540677
"267",2015,"M. Smith","San Diego State",27.2865083375442,27.8423446184942,46.4375947448206,51.8948964123295,18.1910055583628,37.1905002526529,20.7680646791309,18.8479029813037,81.00050530571
"268",2015,"M. Williams","North Carolina",70.2880242546741,79.9898938858009,78.2213239009601,85.4471955533098,58.1606872157655,75.0378979282466,97.9282465891865,70.9701869631127,9.70186963112684
"269",2015,"M. Wittek","Hawai'i",2.07175341081354,0.303183425972708,4.80040424456797,0.404244567963619,6.01313794845881,0.202122283981809,34.9166245578575,15.866599292572,3.28448711470439
"270",2015,"N. Arbuckle","Georgia State",77.9181404749874,86.811520970187,95.2501263264275,82.3648307225872,84.4365841334007,96.4123294593229,37.7463365336028,45.2753916119252,9.75240020212228
"271",2015,"N. Mitchell","Oregon State",1.79383527033855,4.04244567963618,5.48256695300657,10.8640727640222,4.29509853461344,16.5234967155129,10.7124810510359,34.967155128853,82.8701364325417
"272",2015,"N. Mullens","Southern Miss",64.855987872663,77.1096513390601,92.9762506316321,52.1475492673067,89.2875189489641,93.6836786255685,25.7705912076806,73.1177362304194,3.99191510864073
"273",2015,"N. Peterman","Pittsburgh",60.5356240525518,52.1980798383022,80.0404244567964,43.355229914098,60.3840323395654,64.5275391611925,31.7837291561395,26.5790803436079,26.8822637695806
"274",2015,"N. Stevens","Colorado State",79.8383021728146,61.344113188479,69.2268822637696,54.7751389590702,62.8094997473472,65.2854977261243,67.0540677109651,75.9979787771602,17.6351692774128
"275",2015,"N. Sudfeld","Indiana",87.266296109146,89.1864578069732,98.6862051541182,97.6250631632137,36.6851945426983,94.5426983324912,41.788782213239,95.5533097524002,40.8287013643254
"276",2015,"P. Ely","Toledo",47.0692268822638,59.1712986356746,75.3916119252147,38.2516422435573,72.966144517433,75.1894896412329,9.29762506316322,99.6968165740273,39.0096008084891
"277",2015,"P. Hills","Maryland",11.9252147549267,3.84032339565437,11.1167256189995,10.8135421930268,3.3855482566953,0.555836280949973,86.4072764022233,14.4012127337039,20.1616978271854
"278",2015,"P. Lynch","Memphis",83.577564426478,87.7716018191006,88.6811520970187,85.699848408287,80.7983830217281,95.5533097524002,66.9530065689742,85.699848408287,80.8994441637191
"279",2015,"P. Mahomes","Texas Tech",73.9262253663466,77.5644264780192,67.1045982819606,49.3683678625569,94.8458817584639,83.2238504295099,98.7872662961091,72.0313289540172,2.57705912076807
"280",2015,"P. Orth","South Carolina",21.677614957049,54.0171803941384,34.1586659929257,48.1051035876705,57.5543203638201,49.3178372915614,72.511369378474,49.4694290045477,48.1051035876705
"281",2015,"P. Towles","Kentucky",19.7827185447196,19.55533097524,23.0419403739262,9.65133906013138,49.722081859525,5.20464881253159,87.0136432541688,30.6215260232441,8.74178878221324
"282",2015,"P. Walker","Temple",24.4820616472966,35.0176856998484,29.7625063163214,19.3532086912582,64.6791308741789,55.6341586659929,5.30570995452249,84.0828701364325,17.7867609903992
"283",2015,"Q. Flowers","South Florida",30.166750884285,46.7913087417888,20.6417382516422,66.2455785750379,26.0232440626579,44.8206164729661,81.8089944416372,39.3633148054573,68.4183931278424
"284",2015,"R. Graham","Northern Illinois",11.5715007579586,4.14350682162708,3.13289540171804,14.6538655886811,2.72865083375442,15.5634158665993,4.95199595755432,3.78979282465892,58.211217786761
"285",2015,"R. Metz","UTEP",23.4714502273876,6.21526023244062,3.03183425972714,33.3501768569985,2.07175341081354,14.300151591713,29.5603840323396,95.4017180394138,44.8206164729661
"286",2015,"R. Neal","Ball State",32.9459322890349,31.0763011622031,15.9929257200606,40.8287013643254,26.7812026275897,32.5416877210712,52.1475492673067,93.633148054573,35.421930267812
"287",2015,"R. Willis","Kansas",6.82162708438605,3.78979282465892,3.23395654370895,0.808489135927237,40.6771096513391,0.960080848913591,35.3713996968166,16.7256189994947,11.9757453259222
"288",2015,"S. Bentley","Old Dominion",1.11167256189995,2.47599797877716,4.90146538655887,2.17281455280445,11.4704396159677,0.656897422940883,42.1424962102072,36.4830722587165,30.4699343102577
"289",2015,"S. Collins","Oregon State",40.5760485093481,34.7650328448711,31.7837291561395,42.4456796361799,30.5204648812532,27.2359777665488,71.7534108135422,67.3572511369378,75.8969176351693
"290",2015,"S. Howard","West Virginia",33.7544214249621,21.5260232440627,33.8807478524507,27.8423446184942,21.6270843860536,14.5022738756948,47.1955533097524,31.5816068721577,2.47599797877716
"291",2015,"S. Liufau","Colorado",58.4386053562405,59.6260737746336,60.1819100555836,65.032844871147,47.9029813036887,62.3041940373926,69.0752905507832,48.1051035876705,73.4714502273876
"292",2015,"S. Maguire","Florida State",33.9060131379485,56.1899949469429,42.6983324911572,67.4077817079333,38.9085396664982,54.3708943911066,29.1056088933805,89.3127842344618,82.566953006569
"293",2015,"S. Richardson","Iowa State",20.11116725619,7.37746336533602,17.6351692774128,7.7311773623042,18.6963112683173,10.8640727640222,17.0288024254674,23.6735725113694,26.2758969176352
"294",2015,"S. Russell","Baylor",93.2289034866094,99.0399191510864,97.7766548762001,98.6356745831228,97.4229408792319,89.7928246589186,85.144012127337,98.1303688731683,64.4264780192016
"295",2015,"S. White","Auburn",25.7200606366852,33.0975240020212,73.4209196563921,35.977766548762,36.1293582617484,44.5679636179889,11.1672561899949,42.1172309247094,90.8539666498231
"296",2015,"T. Armstrong","Nebraska",48.1051035876705,52.4507326932794,78.5750378979282,56.8468923698838,43.8605356240526,53.8655886811521,84.2849924204144,90.4497220818595,7.7311773623042
"297",2015,"T. Boykin","TCU",83.3754421424962,88.8832743810005,84.7397675593734,92.3698837796867,67.5593734209197,94.9974734714502,72.0060636685194,92.1677614957049,41.1318847902981
"298",2015,"T. Harris","Florida",11.3693784739768,17.1803941384538,14.4012127337039,24.5578575037898,17.9383527033856,10.5608893380495,64.2748863062153,3.66346639717029,48.4082870136433
"299",2015,"T. Jones","Texas State",28.5497726124305,42.900454775139,55.6341586659929,24.8105103587671,70.4901465386559,42.6983324911572,75.3410813542193,61.5967660434563,21.7281455280445
"300",2015,"T. Lamb","App State",84.3355229914098,81.9605861546236,91.3592723597777,73.9262253663466,77.8676099039919,79.2824658918646,76.8064679130874,80.4951995957554,26.1748357756443
"301",2015,"T. Lee","Tulane",4.39615967660435,13.4411318847903,13.9969681657403,10.1061141990905,30.166750884285,18.544719555331,10.2577059120768,33.7544214249621,34.7145022738757
"302",2015,"T. Mangum","BYU",40.3739262253663,50.2273875694795,49.5199595755432,30.8236483072259,78.0697321879737,70.944921677615,16.7761495704902,51.3643254168772,7.93329964628601
"303",2015,"T. Rogers","New Mexico State",1.56644770085902,12.4810510358767,4.34562910560889,49.722081859525,1.97069226882264,21.3744315310763,28.7518948964123,24.2294087923194,95.0480040424457
"304",2015,"T. Sirk","Duke",25.4168772107125,34.2597271349166,25.4168772107125,31.2784234461849,42.799393633148,31.1268317331986,74.0272865083375,91.6877210712481,28.7518948964123
"305",2015,"T. Stewart","Nevada",64.7801920161698,42.6478019201617,59.0955027791814,39.4643759474482,49.0146538655887,47.8019201616978,60.88933804952,38.655886811521,22.3850429509853
"306",2015,"T. Wilson","Utah",28.9540171803941,30.722587165235,32.4658918645781,49.5199595755432,18.3931278423446,27.9939363314806,63.3148054573017,39.9696816574027,53.2086912582112
"307",2015,"T. Woodson","Akron",43.355229914098,47.8524507326933,44.5679636179889,27.9434057604851,79.2319353208691,56.9984840828701,49.7726124305205,86.2051541182415,26.3769580596261
"308",2015,"V. Adams","Oregon",87.0136432541688,91.4098029307731,90.1465386558868,87.8726629610915,88.5295603840323,91.8140474987367,23.1430015159171,13.3400707427994,58.1101566447701
"309",2015,"W. Grier","Florida",59.6766043456291,54.7246083880748,39.11066195048,26.478019201617,81.9100555836281,46.9429004547751,56.1394643759475,25.0126326427489,83.0722587165235
"310",2015,"W. Lunt","Illinois",10.2577059120768,10.2577059120768,9.39868620515412,25.0126326427489,6.41738251642243,3.23395654370895,21.8797372410308,83.5270338554826,53.9161192521475
"311",2015,"Z. Greenlee","Fresno State",0.909550277918136,7.02374936836786,3.53713996968166,2.62758969176352,43.8100050530571,13.1379484588176,39.11066195048,25.1894896412329,76.0990399191511
"312",2015,"Z. Mahoney","Syracuse",1.41485598787267,4.74987367357251,4.44669024759979,11.7736230419404,5.7099545224861,17.2814552804447,8.64072764022233,52.400202122284,83.4259727134917
"313",2015,"Z. Terrell","Western Michigan",82.8701364325417,87.3673572511369,93.633148054573,90.6013137948459,70.0859019706923,92.1677614957049,62.3041940373926,30.2930773117736,31.9858514401213
"314",2016,"A. Allen","Arkansas",70.9196563921172,68.5699848408287,93.9363314805457,87.4178878221324,30.9752400202122,84.7397675593734,23.8504295098535,23.1935320869126,12.8347650328449
"315",2016,"A. Appleby","Florida",15.310763011622,10.9146033350177,6.87215765538151,36.4325416877211,4.14350682162708,11.1167256189995,42.8499242041435,14.3254168772107,59.3228903486609
"316",2016,"A. Ford","Massachusetts",51.3390601313795,48.9135927235978,78.1707933299646,25.2652854977261,80.3436078827691,49.6715512885296,72.8145528044467,20.9196563921172,3.78979282465892
"317",2016,"A. Hornibrook","Wisconsin",21.2733703890854,23.3956543708944,66.3971702880243,7.42799393633148,50.6316321374431,34.7650328448711,14.5528044466902,43.9615967660435,66.7508842849924
"318",2016,"A. Jennings","Louisiana",17.9383527033856,11.0156644770086,16.5234967155129,34.5123799898939,4.39615967660435,1.26326427488631,80.7478524507327,6.36685194542699,21.2733703890854
"319",2016,"A. Maddie","Northern Illinois",70.5659423951491,63.6685194542698,39.7675593734209,62.2536634663972,62.9610914603335,41.0308236483072,86.3062152602324,98.7367357251137,67.1045982819606
"320",2016,"A. Mcgough","Florida International",32.1121778676099,22.9408792319353,51.5159171298636,18.6963112683173,39.9696816574027,24.2041435068216,37.1905002526529,81.455280444669,7.63011622031329
"321",2016,"A. Morris","North Texas",15.9423951490652,10.5103587670541,24.6083880747852,38.7569479535119,1.31379484588175,16.7761495704902,26.7812026275897,87.3673572511369,63.9211723092471
"322",2016,"B. Bahl","Miami (OH)",60.2324406265791,26.6296109146033,81.0510358767054,37.7968671045983,20.11116725619,30.6720565942395,42.344618494189,1.26326427488631,20.9196563921172
"323",2016,"B. Dawkins","Arizona",41.6371905002527,78.4234461849419,63.2390096008085,53.3097524002021,91.3087417887822,35.4724608388075,97.6250631632137,55.9120768064679,74.5325922182921
"324",2016,"B. Hicks","SMU",21.8797372410308,26.4274886306215,56.4426478019202,7.8322385042951,68.9742294087923,25.366346639717,45.9322890348661,61.0409297625063,1.36432541687721
"325",2016,"B. Houston","Wisconsin",94.6942900454775,75.5937342091966,98.5851440121273,95.4017180394138,26.8822637695806,63.1126831733199,25.6189994946943,28.3729156139464,80.4951995957554
"326",2016,"B. Kaaya","Miami",62.9105608893381,64.9317837291561,56.2910560889338,84.3355229914098,29.2066700353714,81.9100555836281,29.610914603335,53.0570995452249,53.8655886811521
"327",2016,"B. Mayfield","Oklahoma",98.2314300151592,99.4946942900455,99.4946942900455,99.44416371905,94.3911066195048,99.5452248610409,59.4744820616473,67.9383527033855,26.6801414855988
"328",2016,"B. Mcilwain","South Carolina",4.87620010106115,4.85093481556341,6.31632137443153,17.6351692774128,2.77918140474988,18.6457806973219,2.3244062657908,28.1455280444669,94.8964123294593
"329",2016,"B. Roback","Eastern Michigan",82.6932794340576,76.4022233451238,56.1899949469429,49.7726124305205,93.2289034866094,80.0909550277918,81.1520970186963,93.077311773623,48.0040424456796
"330",2016,"B. Rypien","Boise State",87.7716018191006,91.7129863567458,94.1637190500253,91.8645780697322,81.2531581606872,95.7049014653866,31.0257705912077,75.2400202122284,41.6877210712481
"331",2016,"B. Shirreffs","UConn",21.5512885295604,24.3052046488125,7.63011622031329,15.5128852956038,47.599797877716,44.6690247599798,0.606366851945428,23.799898938858,58.0090955027792
"332",2016,"B. Silvers","Troy",46.6397170288024,32.6427488630622,46.6902475997979,34.2597271349166,36.7862556846892,30.5204648812532,65.0833754421425,98.5346134411319,22.6376958059626
"333",2016,"B. Stockstill","Middle Tennessee",68.3173319858514,85.5482566953007,93.5573521980798,70.6922688226377,92.6730672056594,87.0641738251642,69.5300656897423,93.8352703385548,37.1399696816574
"334",2016,"C. Beathard","Iowa",18.4436584133401,16.5234967155129,10.7124810510359,27.2359777665488,16.9277412834765,4.74987367357251,81.3542193026781,11.6472966144517,36.6851945426983
"335",2016,"C. Chapman","San Diego State",51.4906518443658,29.610914603335,35.977766548762,37.0389085396665,28.1455280444669,45.9322890348661,4.49722081859525,10.7630116220313,42.4962102071753
"336",2016,"C. Evans","UL Monroe",7.02374936836786,20.2627589691764,20.3638201111673,5.96260737746337,57.7564426478019,26.1748357756443,35.4724608388075,91.6877210712481,81.1520970186963
"337",2016,"C. Hill","Colorado State",77.9686710459828,79.33299646286,72.6882263769581,74.5831227892875,74.077817079333,58.8681152097019,49.9242041435068,27.0085901970692,88.7822132390096
"338",2016,"C. Kelly","Ole Miss",85.8009095502779,80.3941384537645,86.5588681152097,84.5376452753916,63.2642748863062,82.7185447195553,78.1707933299646,74.1283476503285,35.2703385548257
"339",2016,"C. Laviano","Rutgers",2.52652854977261,2.12228398180899,6.6700353713997,8.64072764022233,1.11167256189995,9.29762506316322,2.82971197574533,20.8185952501263,78.7771601819101
"340",2016,"C. Litton","Marshall",13.0368873168267,15.2602324406266,9.85346134411319,14.1485598787266,26.8317331985851,14.7043961596766,29.7119757453259,41.8393127842345,37.3926225366347
"341",2016,"C. Manning","Georgia State",37.7463365336028,41.5866599292572,60.1819100555836,29.0045477513896,58.8681152097019,57.655381505811,12.8347650328449,94.4921677614957,6.01313794845881
"342",2016,"C. Rush","Central Michigan",39.2875189489641,39.2117230924709,65.8413340070743,33.0469934310258,49.5199595755432,49.5199595755432,51.9454269833249,32.3900960080849,4.49722081859525
"343",2016,"C. Stanley","Kansas",9.90399191510864,4.90146538655887,2.57705912076807,17.1298635674583,1.61697827185447,7.78170793329964,45.3259221829207,65.0833754421425,37.9989893885801
"344",2016,"C. Thorson","Northwestern",38.2516422435573,42.0414350682163,41.7382516422436,41.232945932289,44.2647801920162,60.2829711975745,33.7038908539666,25.9727134916625,10.611419909045
"345",2016,"C. Virgil","Fresno State",10.9398686205154,33.7038908539666,19.2016169782719,32.1374431531076,40.1212733703891,33.3501768569985,60.1313794845882,44.7195553309752,70.8943911066195
"346",2016,"D. Blough","Purdue",25.7705912076806,27.0843860535624,21.9807983830217,13.8453764527539,58.0596260737746,24.4062657908034,50.4800404244568,61.7988883274381,0.606366851945428
"347",2016,"D. Brown","Hawai'i",68.0141485598787,43.4057604850935,66.8014148559879,50.277918140475,36.533602829712,63.7695805962607,5.5078322385043,56.5942395149065,17.3319858514401
"348",2016,"D. Davis","South Alabama",33.8049519959576,46.1344113188479,69.1763516927741,56.5437089439111,34.6639717028802,47.3471450227388,73.2187973724103,42.9257200606367,22.7387569479535
"349",2016,"D. Etling","LSU",59.0702374936837,61.4957049014654,84.4365841334007,64.5275391611925,53.1581606872158,66.2961091460333,37.1399696816574,53.2086912582112,63.5169277412835
"350",2016,"D. Evans","Tulsa",75.7453259221829,59.4239514906519,84.1839312784235,71.5007579585649,38.655886811521,79.0298130368873,16.9277412834765,69.5300656897423,1.56644770085902
"351",2016,"D. Francois","Florida State",72.4608388074785,62.3547246083881,86.7104598281961,66.0939868620516,53.2086912582112,72.1576553815058,78.9287518948964,21.0712481051036,20.6164729661445
"352",2016,"D. Garretson","Oregon State",8.48913592723598,3.4866093986862,8.48913592723598,2.88024254674077,16.5234967155129,2.77918140474988,82.2132390096008,21.4249621020718,62.6073774633653
"353",2016,"D. Jones","Duke",67.8878221323901,47.9535118746842,56.8974229408792,35.1692774128348,64.9317837291561,55.9373420919656,71.9050025265285,59.6008084891359,14.2496210207175
"354",2016,"D. Kizer","Notre Dame",50.1263264274886,60.9903991915109,71.4502273875695,51.6927741283477,68.7721071248105,76.0485093481556,50.5305709954523,38.1505811015665,8.33754421424963
"355",2016,"D. Lock","Missouri",42.2435573521981,37.1399696816574,56.4931783729156,59.1712986356746,18.3425972713492,42.5467407781708,55.4320363820111,89.9949469429005,2.77918140474988
"356",2016,"D. Prukop","Oregon",74.4315310763012,81.6574027286508,64.0980293077312,52.0970186963113,93.9868620515412,66.0939868620516,51.3390601313795,49.3178372915614,92.4709449216776
"357",2016,"D. Sturm","UTSA",39.0348660939869,44.3658413340071,28.9540171803941,52.9055078322385,37.5947448206165,31.5310763011622,86.0535624052552,4.19403739262254,72.5618999494694
"358",2016,"D. Washington","Old Dominion",58.8428499242041,62.6073774633653,67.6604345629106,75.644264780192,37.6958059626074,80.3941384537645,3.78979282465892,70.7680646791309,60.7377463365336
"359",2016,"D. Watson","Clemson",89.3380495199596,62.8600303183426,60.3840323395654,50.4800404244568,75.2400202122284,90.0960080848914,53.1581606872158,90.9044972208186,0.0505305709954551
"360",2016,"D. Webb","California",46.1849418898434,59.22182920667,57.1500757958565,65.9929257200606,44.3153107630116,83.3754421424962,47.599797877716,93.5826174835776,12.0262758969176
"361",2016,"E. Dungey","Syracuse",61.4451743304699,43.4562910560889,31.0763011622031,25.1136937847398,69.9343102577059,61.1419909044972,21.1723092470945,54.8509348155634,28.044466902476
"362",2016,"G. Cuiellette","Tulane",0.808489135927237,0.757958564931782,2.2233451237999,4.19403739262254,0.656897422940883,1.76856998484083,0,24.5578575037898,26.5285497726124
"363",2016,"G. Kiel","Cincinnati",18.4941889843355,17.0793329964629,14.8307225871652,40.77817079333,8.9944416371905,32.1374431531076,13.0874178878221,95.0985346134411,91.0560889338049
"364",2016,"G. Minshew","East Carolina",22.8398180899444,67.6099039919151,51.844365841334,35.6240525517938,91.2582112177868,67.2561899949469,12.9358261748358,73.1682668014149,78.9792824658919
"365",2016,"G. Ragland","Miami (OH)",79.5856493178373,73.0672056594239,90.7023749368368,66.3971702880243,73.9767559373421,70.3385548256695,36.0282971197575,13.8453764527539,70.4901465386559
"366",2016,"G. Rescigno","Rutgers",6.6700353713997,1.81910055583628,6.36685194542699,4.14350682162708,3.33501768569985,3.18342597271349,20.66700353714,9.95452248610409,50.0252652854977
"367",2016,"G. Smith","UL Monroe",48.8883274381001,43.355229914098,53.1076301162203,39.1611925214755,50.5305709954523,31.2784234461849,76.4527539161192,87.3673572511369,47.8524507326933
"368",2016,"G. Ward","Houston",64.3254168772107,57.655381505811,37.6958059626074,23.1430015159171,89.4391106619505,79.4340576048509,69.7827185447196,37.7968671045983,8.64072764022233
"369",2016,"G. Windham","Ohio",32.7943405760485,28.6508337544214,22.6882263769581,23.9009600808489,41.5866599292572,14.8054573016675,84.3860535624053,88.7316826680141,19.7069226882264
"370",2016,"H. Klugh","Charlotte",12.3799898938858,35.977766548762,20.3132895401718,25.0631632137443,54.1687721071248,20.7680646791309,85.699848408287,46.3365336028297,75.9474482061647
"371",2016,"H. Moore","Cincinnati",25.5684689236988,27.2359777665488,30.7983830217281,16.3719050025265,52.7033855482567,29.2572006063669,46.1344113188479,34.8660939868621,39.7675593734209
"372",2016,"J. Allen","Wyoming",72.5366346639717,77.9686710459828,94.9469429004548,67.9130874178878,76.9075290550783,83.5270338554826,83.577564426478,39.2622536634664,2.12228398180899
"373",2016,"J. Barrett","Ohio State",37.9484588175846,32.2385042950985,13.4411318847903,44.2142496210207,23.799898938858,28.2971197574533,70.8438605356241,38.7064173825164,32.4406265790803
"374",2016,"J. Bentley","South Carolina",24.355735219808,27.4381000505306,43.911066195048,18.6457806973219,47.1450227387569,27.6907529055078,52.7033855482567,5.00252652854978,67.5593734209197
"375",2016,"J. Browning","Washington",89.0853966649823,82.2132390096008,82.9206670035371,95.8059626073775,27.9939363314806,87.3168266801415,78.6255684689237,47.4482061647297,18.6963112683173
"376",2016,"J. Dobbs","Tennessee",49.6462860030318,50.6821627084386,68.7721071248105,79.5856493178373,14.1990904497221,40.1212733703891,92.0161697827185,45.0732693279434,6.21526023244062
"377",2016,"J. Driskel","Florida Atlantic",68.5194542698332,47.599797877716,65.8413340070743,79.0803436078828,14.9570490146539,31.6826680141486,89.2875189489641,40.9044972208186,34.8660939868621
"378",2016,"J. Eason","Georgia",16.6498231430015,17.8372915613946,29.5098534613441,5.811015664477,52.2486104092976,11.4199090449722,51.0864072764022,57.7059120768065,22.5871652349672
"379",2016,"J. Ertz","Kansas State",66.3466397170288,66.5992925720061,53.7139969681657,51.844365841334,74.9368367862557,44.0626579080344,98.2819605861546,19.3532086912582,84.133400707428
"380",2016,"J. Evans","Virginia Tech",83.0722587165235,66.4982314300152,91.9151086407276,68.5699848408287,59.22182920667,84.2344618494189,80.3941384537645,31.4300151591713,4.59828196058616
"381",2016,"J. Hansen","Arkansas State",28.0192016169783,46.7407781707933,60.33350176857,54.3708943911066,37.4431531076301,67.4583122789288,4.90146538655887,62.6073774633653,38.4032339565437
"382",2016,"J. Herbert","Oregon",38.7064173825164,75.9979787771602,75.0378979282466,84.7397675593734,51.3895907023749,75.3916119252147,48.8125315816069,31.1268317331986,90.8034360788277
"383",2016,"J. Hubenak","Texas A&M",7.80697321879738,25.1136937847398,28.7771601819101,29.3582617483578,28.2971197574533,35.3713996968166,21.9807983830217,28.7266296109146,85.0429509853461
"384",2016,"J. Hurts","Alabama",39.8180899444164,33.6028297119757,46.033350176857,39.4138453764527,31.5310763011622,24.4567963617989,81.7584638706417,68.822637695806,14.6538655886811
"385",2016,"J. Knapke","Bowling Green",0.101061141990899,0.0505305709954551,0.859019706922692,0.202122283981809,2.2233451237999,2.17281455280445,51.8948964123295,39.8180899444164,39.5654370894391
"386",2016,"J. Lanning","Iowa State",40.9297625063163,42.2940879231935,28.8529560384032,22.6376958059626,69.7321879737241,28.2465891864578,83.4259727134917,5.40677109651338,70.5912076806468
"387",2016,"J. Morgan","Bowling Green",37.8473976755937,9.75240020212228,38.0495199595755,9.34815563415866,21.121778676099,5.30570995452249,52.2991409802931,63.9717028802425,9.09550277918141
"388",2016,"J. Park","Iowa State",54.4719555330975,59.3228903486609,64.1738251642244,43.5068216270844,71.399696816574,66.4477008590197,9.85346134411319,62.9105608893381,75.7958564931784
"389",2016,"J. Rosen","UCLA",66.2455785750379,62.2536634663972,79.1814047498737,57.4027286508338,65.9423951490652,65.6897422940879,19.4542698332491,58.7165234967155,62.5063163213744
"390",2016,"J. Stanton","UNLV",23.1430015159171,17.8878221323901,57.8575037897928,22.0313289540172,19.9090449722082,27.488630621526,30.166750884285,97.0439615967661,59.8787266296109
"391",2016,"J. Thomas","Georgia Tech",13.6685194542698,74.9368367862557,32.4658918645781,86.6093986862052,44.6184941889843,72.9156139464376,42.9509853461344,33.1985851440121,99.3431025770591
"392",2016,"J. Urzua","Middle Tennessee",11.7230924709449,4.80040424456797,15.9929257200606,18.1404749873674,1.36432541687721,16.2203132895402,21.6270843860536,71.9050025265285,40.4749873673573
"393",2016,"J. Wolford","Wake Forest",27.488630621526,10.4598281960586,24.0525517938353,25.922182920667,5.76048509348156,1.01061141990905,85.9525012632643,7.22587165234967,18.5952501263264
"394",2016,"K. Benkert","Virginia",22.2839818089944,10.5608893380495,26.2758969176352,9.75240020212228,22.0818595250126,8.23648307225872,1.01061141990905,39.11066195048,3.43607882769076
"395",2016,"K. Chryst","Stanford",10.7630116220313,19.2521475492673,11.6978271854472,37.9989893885801,10.3082364830723,24.6083880747852,38.4537645275392,25.2905507832239,96.1091460333502
"396",2016,"K. Ellison","Georgia Southern",29.055078322385,58.0090955027792,35.1945426983325,77.8170793329965,26.7306720565942,53.6634663971703,54.2698332491157,59.3734209196564,83.1733198585144
"397",2016,"K. Hill","TCU",69.6816574027286,63.5169277412835,70.6417382516422,47.7513895907024,79.9393633148055,41.6371905002527,98.9388580090955,52.8549772612431,4.95199595755432
"398",2016,"K. Myers","Utah State",25.6695300656897,26.5285497726124,31.5310763011622,21.9807983830217,39.9191510864073,11.3693784739768,86.255684689237,31.2784234461849,31.5310763011622
"399",2016,"K. Olsen","Charlotte",1.36432541687721,3.89085396664982,2.14754926730673,4.90146538655887,11.2177867609904,13.6937847397676,18.99949469429,68.9742294087923,90.3991915108641
"400",2016,"K. Potter","San José State",28.6508337544214,31.7837291561395,46.4881253158161,12.9863567458312,69.0752905507832,20.9701869631127,80.6973218797372,3.3855482566953,25.9727134916625
"401",2016,"K. Shurmur","Vanderbilt",11.622031328954,15.0581101566448,19.55533097524,25.7200606366852,14.855987872663,10.6619504800404,31.5310763011622,19.9090449722082,45.1237998989389
"402",2016,"L. Falk","Washington State",75.9474482061647,63.9211723092471,44.3658413340071,62.2031328954017,65.2349671551289,92.5720060636685,11.7736230419404,72.0313289540172,17.0793329964629
"403",2016,"L. Jackson","Louisville",80.2425467407782,74.2799393633148,53.0570995452249,68.6710459828196,76.5032844871147,63.2137443153108,99.6968165740273,11.0156644770086,10.8135421930268
"404",2016,"L. Rio","Florida",18.0646791308742,20.7680646791309,59.4239514906519,16.9277412834765,36.8873168266801,25.2652854977261,36.2809499747347,79.8635674583123,64.7801920161698
"405",2016,"L. Woodside","Toledo",82.566953006569,96.5133906013138,96.6144517433047,94.3911066195048,93.3804951995958,98.5346134411319,4.04244567963618,91.7635169277413,44.5174330469934
"406",2016,"M. Cozart","Kansas",21.1723092470945,10.9651339060131,9.75240020212228,9.44921677614957,24.0525517938353,17.4835775644265,18.0899444163719,97.9787771601819,33.0469934310258
"407",2016,"M. Fafaul","UCLA",2.02122283981809,11.1672561899949,15.7655381505811,13.2895401718039,15.9171298635675,13.0874178878221,19.5048004042446,77.0843860535624,15.7150075795856
"408",2016,"M. Fine","North Texas",15.3612935826175,6.31632137443153,7.57958564931783,5.7099545224861,18.2415361293583,2.42546740778171,47.2460838807479,2.2233451237999,33.5017685699848
"409",2016,"M. Leidner","Minnesota",54.977261243052,39.0601313794846,54.6235472460839,52.400202122284,27.4381000505306,29.1056088933805,83.7796867104598,73.244062657908,49.6210207175341
"410",2016,"M. Mcmaryion","Oregon State",7.98383021728145,23.0419403739262,22.3345123799899,42.0919656392117,16.6245578575038,29.8635674583123,30.7731177362304,78.878221323901,43.7089439110662
"411",2016,"M. Milton","UCF",23.9009600808489,8.8933804951996,3.43607882769076,14.0474987367357,9.75240020212228,5.00252652854978,23.2945932289035,24.911571500758,50.833754421425
"412",2016,"M. Rudolph","Oklahoma State",66.0434562910561,79.7877716018191,69.5805962607377,81.6574027286508,69.8837796867105,92.4709449216776,53.7139969681657,42.1172309247094,42.5972713491662
"413",2016,"M. Trubisky","North Carolina",66.6498231430015,87.6705406771097,81.4047498736736,87.7716018191006,77.0591207680647,96.867104598282,44.0121273370389,74.5325922182921,42.8499242041435
"414",2016,"M. White","Western Kentucky",93.5826174835776,94.6942900454775,91.1571500757959,98.5851440121273,45.9322890348661,96.9681657402729,17.7362304194037,77.6149570490146,28.7013643254169
"415",2016,"M. Wilkins","Arizona State",37.1905002526529,36.988377968671,50.5305709954523,60.33350176857,17.7362304194037,39.66649823143,60.6872157655381,10.611419909045,47.5492673067206
"416",2016,"N. Fitzgerald","Mississippi State",57.9585649317837,64.8307225871652,63.8706417382516,55.8868115209702,70.1869631126832,22.9408792319353,99.7473471450227,81.4047498736736,9.19656392117231
"417",2016,"N. Holley","Kent State",20.8185952501263,17.3825164224356,2.52652854977261,23.4967155128853,17.0793329964629,10.4092976250632,66.0939868620516,23.6735725113694,84.0323395654371
"418",2016,"N. Mullens","Southern Miss",54.522486104093,75.0378979282466,76.7054067710965,51.1874684183931,85.8514401212734,83.6280949974735,58.0596260737746,68.0141485598787,8.9944416371905
"419",2016,"N. Peterman","Pittsburgh",84.8408287013643,92.7741283476503,88.7822132390096,84.4871147043962,89.9949469429005,91.9151086407276,72.7640222334512,88.4284992420414,24.8610409297625
"420",2016,"N. Romine","Air Force",14.9065184436584,53.5624052551794,16.1192521475493,93.4815563415867,3.94138453764528,66.7508842849924,0.757958564931782,18.2162708438605,88.1253158160687
"421",2016,"N. Stevens","Colorado State",72.6882263769581,96.2607377463365,97.2713491662456,99.7978777160182,35.3208691258211,76.5538150581101,66.1950480040424,95.199595755432,84.4365841334007
"422",2016,"P. Hills","Maryland",21.0207175341081,12.5821121778676,35.3208691258211,36.6346639717029,5.35624052551794,13.9969681657403,28.4487114704396,0.555836280949973,27.8928751894896
"423",2016,"P. Mahomes","Texas Tech",90.0960080848914,93.2794340576048,90.3991915108641,80.1414855987873,98.1303688731683,99.2420414350682,94.9974734714502,73.6735725113694,28.8529560384032
"424",2016,"P. Nelson","East Carolina",46.5639211723092,49.8736735725114,45.6796361798888,17.2814552804447,90.3991915108641,62.0010106114199,35.1187468418393,61.1925214754927,13.9969681657403
"425",2016,"P. Towles","Boston College",8.79231935320869,6.46791308741789,22.1576553815058,22.3850429509853,7.42799393633148,1.86963112683173,51.7938352703386,14.2496210207175,13.1379484588176
"426",2016,"P. Walker","Temple",30.0151591712986,35.2198079838302,51.9959575543204,43.6078827690753,31.6826680141486,51.844365841334,10.9651339060131,36.7862556846892,6.6700353713997
"427",2016,"Q. Flowers","South Florida",84.6134411318848,93.1278423446185,76.6548762001011,93.2794340576048,83.7796867104598,76.6548762001011,99.7978777160182,88.3274381000505,65.6897422940879
"428",2016,"Q. Maxwell","Ohio",29.6867104598282,21.2733703890854,24.4062657908034,24.7599797877716,26.1748357756443,28.9034866093987,23.4461849418898,50.8084891359272,68.5699848408287
"429",2016,"R. Burns","Stanford",17.6351692774128,6.6700353713997,17.2814552804447,3.08236483072258,33.1985851440121,16.2708438605356,3.18342597271349,2.3244062657908,24.0020212228398
"430",2016,"R. Ferguson","Memphis",73.521980798383,64.4770085901971,76.755937342092,75.1894896412329,44.7195553309752,87.1652349671551,8.33754421424963,36.0788276907529,13.9464375947448
"431",2016,"R. Finley","NC State",36.811520970187,50.1263264274886,39.11066195048,56.644770085902,41.232945932289,73.9767559373421,3.99191510864073,83.2238504295099,24.911571500758
"432",2016,"R. Graham","Northern Illinois",9.90399191510864,28.1960586154623,36.7862556846892,39.9191510864073,24.8610409297625,41.8393127842345,8.94391106619504,99.7473471450227,88.3274381000505
"433",2016,"R. Higgins","Louisiana Tech",92.9762506316321,95.0985346134411,87.5189489641233,95.4522486104093,87.3168266801415,98.989388580091,75.7958564931784,72.4608388074785,37.1905002526529
"434",2016,"R. Lagow","Indiana",28.7013643254169,33.4007074279939,86.7609903991915,68.1657402728651,11.5209701869631,46.033350176857,19.100555836281,51.3643254168772,2.37493683678626
"435",2016,"R. Metz","UTEP",29.2572006063669,18.8479029813037,74.7347145022739,15.2602324406266,32.7943405760485,19.9595755432036,53.1076301162203,40.1718039413845,75.1389590702375
"436",2016,"R. Neal","Ball State",76.8569984840829,34.411318847903,35.2703385548257,46.7407781707933,25.7705912076806,37.7463365336028,59.3228903486609,78.5497726124305,8.18595250126326
"437",2016,"R. Willis","Kansas",0.353713996968164,1.1622031328954,2.14754926730673,1.36432541687721,6.46791308741789,11.9252147549267,1.21273370389086,3.4866093986862,47.1450227387569
"438",2016,"S. Buechele","Texas",55.6341586659929,37.9989893885801,24.2041435068216,83.4259727134917,3.13289540171804,47.9029813036887,44.466902475998,35.5735219807984,48.2061647296615
"439",2016,"S. Darnold","USC",95.755432036382,86.7609903991915,96.311268317332,85.1945426983325,80.4951995957554,94.2900454775139,14.7043961596766,97.7261243052046,7.78170793329964
"440",2016,"S. Howard","West Virginia",60.1313794845882,63.7190500252653,72.0565942395149,59.8281960586155,66.3466397170288,75.4421424962102,82.3143001515917,50.5811015664477,8.84284992420414
"441",2016,"S. Johnson","Kentucky",18.5952501263264,35.2703385548257,38.8074785245073,39.5149065184437,36.3820111167256,26.3264274886306,78.2213239009601,35.9019706922688,13.6432541687721
"442",2016,"S. Liufau","Colorado",42.4962102071753,39.4643759474482,40.1718039413845,40.5760485093481,41.1824153612936,61.7483577564427,3.08236483072258,36.2304194037393,45.0732693279434
"443",2016,"S. Montez","Colorado",63.8453764527539,46.9429004547751,45.3764527539161,46.4881253158161,46.7913087417888,37.3420919656392,65.6897422940879,57.655381505811,81.3542193026781
"444",2016,"S. Patterson","Ole Miss",30.1162203132895,25.8716523496715,57.8575037897928,14.0980293077312,60.2829711975745,29.5603840323396,45.1237998989389,50.1010611419909,67.155128852956
"445",2016,"S. Russell","Baylor",58.8428499242041,72.8650833754421,45.9322890348661,60.4850934815563,83.7291561394644,54.4214249621021,95.2501263264275,72.5618999494694,29.2066700353714
"446",2016,"S. White","Auburn",67.6099039919151,31.733198585144,73.521980798383,65.6392117230925,13.0368873168267,26.8822637695806,66.3971702880243,43.0015159171299,64.3254168772107
"447",2016,"T. Armstrong","Nebraska",60.9398686205154,73.3198585144012,83.0722587165235,47.3471450227388,84.8408287013643,75.4926730672057,75.8463870641738,96.3365336028297,48.5598787266296
"448",2016,"T. Gangi","Nevada",22.6376958059626,51.0358767054068,30.7983830217281,20.3638201111673,86.0030318342597,43.911066195048,48.0040424456796,81.0763011622031,71.7534108135422
"449",2016,"T. Hill","BYU",64.2243557352198,35.9272359777665,29.7119757453259,18.99949469429,68.266801414856,9.75240020212228,96.6649823143001,57.9080343607883,6.72056594239515
"450",2016,"T. Jackson","Buffalo",17.7867609903992,15.6644770085902,21.2733703890854,20.66700353714,19.55533097524,8.59019706922688,54.977261243052,87.9231935320869,25.2147549267307
"451",2016,"T. Jones","Texas State",14.5528044466902,2.67812026275897,9.70186963112684,8.23648307225872,1.71803941384537,0.353713996968164,1.36432541687721,8.08489135927236,1.71803941384537
"452",2016,"T. Knight","Texas A&M",41.9909044972208,58.9186457806973,50.3284487114704,41.5361293582618,77.4633653360283,54.977261243052,87.9231935320869,91.6119252147549,35.7251136937847
"453",2016,"T. Lamb","App State",55.4320363820111,41.4350682162708,64.6033350176857,55.6846892369884,28.7013643254169,36.533602829712,74.7347145022739,79.3582617483578,50.5305709954523
"454",2016,"T. Mcsorley","Penn State",29.8130368873168,67.3572511369378,51.7180394138454,88.3274381000505,22.3345123799899,88.5800909550278,15.1086407276402,52.9055078322385,31.0257705912077
"455",2016,"T. O'connor","Michigan State",35.0934815563416,52.6023244062658,69.8079838302173,59.7271349166246,42.6983324911572,62.4052551793835,21.2733703890854,35.2198079838302,41.0308236483072
"456",2016,"T. Porter","Eastern Michigan",66.2961091460333,30.8741788782213,76.3011622031329,36.8873168266801,29.7119757453259,31.4300151591713,50.0252652854977,95.9575543203638,20.11116725619
"457",2016,"T. Rogers","New Mexico State",19.3532086912582,18.1910055583628,37.7463365336028,17.2309247094492,29.0045477513896,2.62758969176352,91.2076806467913,36.7357251136938,6.26579080343608
"458",2016,"T. Stehling","Rice",18.8984335522991,25.5179383527034,21.0712481051036,21.7281455280445,40.22233451238,13.8959070237494,79.3835270338555,22.0060636685194,42.0919656392117
"459",2016,"T. Stewart","Nevada",69.9848408287014,55.6846892369884,64.2748863062153,36.4830722587165,79.6361798888327,48.5093481556342,58.4638706417383,18.9236988377969,90.0960080848914
"460",2016,"T. Williams","Utah",10.5608893380495,19.5048004042446,22.5618999494694,37.8979282465892,10.1566447700859,23.9009600808489,2.72865083375442,43.3046993431026,19.6563921172309
"461",2016,"T. Woodson","Akron",61.6472966144517,60.2324406265791,84.3860535624053,67.5593734209197,43.3046993431026,66.3466397170288,16.8772107124811,54.3708943911066,37.8473976755937
"462",2016,"W. Lunt","Illinois",30.6720565942395,9.34815563415866,23.3956543708944,7.78170793329964,23.3451237998989,19.2521475492673,3.03183425972714,51.0358767054068,61.3946437594745
"463",2016,"W. Speight","Michigan",45.3764527539161,45.5785750378979,73.2693279434058,55.6341586659929,36.2809499747347,56.7458312278929,27.0338554825669,50.8084891359272,33.4007074279939
"464",2016,"W. Worth","Navy",94.5426983324912,91.1066195048004,61.7483577564427,74.2294087923193,97.3724103082365,78.1202627589692,97.5240020212228,5.53309752400202,69.4290045477514
"465",2016,"Z. Greenlee","UTEP",37.6705406771097,20.9701869631127,33.4007074279939,23.799898938858,27.0338554825669,32.0363820111167,27.5391611925215,90.7529055078322,84.7902981303689
"466",2016,"Z. Mahoney","Syracuse",20.5659423951491,51.3390601313795,6.72056594239515,5.45730166750884,97.9282465891865,55.5836280949975,8.69125821121779,8.74178878221324,92.1677614957049
"467",2016,"Z. Smith","Baylor",59.4492167761496,64.022233451238,38.377968671046,90.2475997978777,15.6139464375948,62.2031328954017,26.0737746336534,50.6821627084386,72.6629610914603
"468",2016,"Z. Terrell","Western Michigan",95.9070237493684,98.0293077311774,97.6755937342092,98.4840828701364,85.6493178372916,97.3724103082365,90.2981303688732,82.4406265790803,84.3860535624053
"469",2017,"A. Allen","Arkansas",18.1404749873674,37.8473976755937,72.2587165234967,51.0864072764022,29.4087923193532,47.0944921677615,16.0687215765538,10.9651339060131,64.6791308741789
"470",2017,"A. Brown","Boston College",4.69934310257706,10.3082364830723,20.8691258211218,17.4835775644265,13.9969681657403,5.40677109651338,63.5674583122789,95.2501263264275,52.7033855482567
"471",2017,"A. Erdely","UAB",39.7170288024255,36.1293582617484,63.1632137443153,28.044466902476,51.288529560384,23.2945932289035,86.7104598281961,41.2834765032845,48.155634158666
"472",2017,"A. Ford","Massachusetts",67.7614957049015,64.1738251642244,77.3623041940374,80.0909550277918,35.3713996968166,78.2718544719555,30.6720565942395,9.80293077311774,28.3981808994442
"473",2017,"A. Hornibrook","Wisconsin",76.9580596260738,51.9454269833249,96.0080848913593,56.3921172309247,43.9615967660435,69.5300656897423,3.28448711470439,45.022738756948,1.51591712986356
"474",2017,"A. Mcgough","Florida International",78.6760990399192,80.0404244567964,91.8645780697322,76.3516927741283,74.3810005053057,79.0803436078828,90.1970692268823,54.1687721071248,19.1510864072764
"475",2017,"A. Rogers","UNLV",32.7185447195553,27.1349166245579,41.6119252147549,38.5548256695301,21.5765538150581,10.0050530570995,89.944416371905,5.10358767054068,60.6366851945427
"476",2017,"A. Worthman","Air Force",41.7129863567458,28.2971197574533,22.233451237999,40.8792319353209,20.3132895401718,38.8580090955028,14.0980293077312,1.71803941384537,21.8292066700354
"477",2017,"B. Bahl","Miami (OH)",62.3547246083881,27.9939363314806,39.3127842344619,77.9686710459828,4.34562910560889,38.2011116725619,18.9489641232946,86.7862556846892,85.4471955533098
"478",2017,"B. Dawkins","Arizona",84.4365841334007,67.3067205659424,65.3360282971198,47.1955533097524,80.1414855987873,34.0576048509348,88.0747852450733,62.0262758969176,78.1202627589692
"479",2017,"B. Dinucci","Pittsburgh",18.0646791308742,20.4648812531582,11.4957049014654,45.5280444669025,8.84284992420414,20.11116725619,58.3122789287519,18.5952501263264,88.5800909550278
"480",2017,"B. Hicks","SMU",47.2460838807479,74.077817079333,65.5381505811016,64.022233451238,76.2506316321374,88.9843355229914,46.7407781707933,79.2824658918646,15.6139464375948
"481",2017,"B. Lewerke","Michigan State",74.8863062152602,70.6922688226377,66.4477008590197,61.0914603335018,72.3597776654876,73.9262253663466,93.1783729156139,72.6629610914603,44.5679636179889
"482",2017,"B. Mayfield","Oklahoma",98.5346134411319,99.3431025770591,99.1915108640728,99.8484082870136,70.944921677615,99.6968165740273,82.3648307225872,46.1849418898434,63.1632137443153
"483",2017,"B. Peters","Michigan",2.27387569479535,1.86963112683173,19.3279434057605,74.7347145022739,0,18.3425972713492,1.86963112683173,46.0080848913593,85.9019706922688
"484",2017,"B. Roback","Eastern Michigan",30.722587165235,23.7493683678626,45.8312278928752,47.0944921677615,11.9252147549267,25.6189994946943,24.5073269327943,80.3183425972714,4.85093481556341
"485",2017,"B. Rypien","Boise State",63.5421930267812,72.2081859525013,80.44466902476,76.3011622031329,58.4638706417383,81.3542193026781,34.5629105608893,56.5437089439111,41.8898433552299
"486",2017,"B. Shirreffs","UConn",62.4305204648812,69.5300656897423,67.9130874178878,79.4845881758464,48.2061647296615,76.3516927741283,36.4325416877211,10.1061141990905,61.344113188479
"487",2017,"B. Silvers","Troy",43.1278423446185,46.9934310257706,27.5896917635169,49.4188984335523,42.3951490651844,51.4906518443658,69.4290045477514,84.689236988378,19.4542698332491
"488",2017,"B. Stockstill","Middle Tennessee",26.755937342092,38.7064173825164,47.6250631632137,60.1819100555836,18.5952501263264,46.4881253158161,24.4062657908034,57.4027286508338,38.2516422435573
"489",2017,"B. Wimbush","Notre Dame",28.7518948964123,49.9747347145023,46.1596766043456,28.7518948964123,73.6735725113694,18.9489641232946,97.4229408792319,25.2905507832239,30.9752400202122
"490",2017,"C. Brewer","Baylor",33.2491157150076,54.9267306720566,73.6988377968671,44.0121273370389,63.9717028802425,60.7377463365336,22.1829206670035,32.7185447195553,56.2910560889338
"491",2017,"C. Chapman","San Diego State",39.6159676604346,27.1854471955533,48.5093481556342,23.5977766548762,38.9590702374937,38.2516422435573,12.6831733198585,6.31632137443153,61.6978271854472
"492",2017,"C. Evans","UL Monroe",60.0303183425973,80.6467913087418,68.4689236988378,87.4684183931278,57.3016675088428,86.6599292572006,83.021728145528,67.8120262758969,49.166245578575
"493",2017,"C. Garvin","South Alabama",24.2799393633148,9.09550277918141,32.0363820111167,9.95452248610409,17.433046993431,9.24709449216776,37.5947448206165,50.5305709954523,45.6796361798888
"494",2017,"C. Kelley","Arkansas",31.3542193026781,44.5174330469934,47.5240020212228,12.4810510358767,83.122789287519,35.8261748357756,66.6498231430015,8.94391106619504,66.8519454269833
"495",2017,"C. Litton","Marshall",48.2061647296615,57.7564426478019,60.0050530570995,36.7357251136938,78.1202627589692,80.2930773117736,6.72056594239515,94.2395149065184,3.33501768569985
"496",2017,"C. Manning","Georgia State",57.655381505811,54.1182415361294,63.3653360282971,49.166245578575,56.8468923698838,69.7827185447196,11.1167256189995,72.7134916624558,43.8100050530571
"497",2017,"C. President","Tulsa",15.6392117230925,59.7271349166246,49.6210207175341,32.0869125821122,80.7478524507327,23.3956543708944,94.0373926225366,74.8610409297625,93.7847397675594
"498",2017,"C. Rhoda","Minnesota",23.6988377968671,15.5128852956038,45.477513895907,68.6205154118241,2.27387569479535,35.9272359777665,5.91207680646791,99.3936331480546,75.0378979282466
"499",2017,"C. Stanley","Kansas",5.86154623547246,3.18342597271349,3.63820111167256,11.622031328954,1.92016169782718,6.92268822637696,3.33501768569985,43.9615967660435,29.2572006063669
"500",2017,"C. Surratt","North Carolina",32.1121778676099,15.0075795856493,17.3572511369378,28.4487114704396,11.3693784739768,17.1803941384538,33.0975240020212,30.2930773117736,69.277412834765
"501",2017,"C. Thorson","Northwestern",47.4734714502274,20.8691258211218,38.9590702374937,29.5603840323396,21.2228398180899,3.84032339565437,89.0853966649823,33.9060131379485,3.3855482566953
"502",2017,"D. Blough","Purdue",53.2086912582112,13.6432541687721,4.39615967660435,19.3026781202628,16.0687215765538,15.6139464375948,55.8362809499747,13.7948458817585,77.210712481051
"503",2017,"D. Brown","Hawai'i",25.0126326427489,21.4249621020718,46.0838807478524,22.2839818089944,29.055078322385,17.5341081354219,41.232945932289,36.533602829712,19.7574532592218
"504",2017,"D. Croft","Minnesota",1.46538655886812,1.11167256189995,2.62758969176352,1.0611419909045,7.32693279434058,1.61697827185447,57.5037897928247,1.01061141990905,46.2354724608388
"505",2017,"D. Davis","South Alabama",38.655886811521,14.300151591713,19.100555836281,16.422435573522,22.1829206670035,36.988377968671,0.707427993936327,46.9429004547751,50.0757958564932
"506",2017,"D. Etling","LSU",31.1268317331986,57.7059120768065,47.8524507326933,71.5512885295604,40.9297625063163,58.5649317837292,68.0646791308742,13.5421930267812,88.933804951996
"507",2017,"D. Garretson","Oregon State",24.1536129358262,22.3850429509853,45.2248610409298,48.5598787266296,9.70186963112684,39.0096008084891,2.93077311773623,62.0262758969176,23.9514906518444
"508",2017,"D. Jones","Duke",20.66700353714,16.1192521475493,13.6937847397676,17.988883274381,22.9914098029308,1.0611419909045,88.8832743810005,56.2405255179383,7.52905507832239
"509",2017,"D. Lock","Missouri",66.9530065689742,82.4153612935826,80.3688731682668,86.4578069732188,64.0727640222335,92.1172309247094,31.0763011622031,93.2794340576048,3.13289540171804
"510",2017,"D. Pindell","UConn",18.99949469429,25.2652854977261,15.0581101566448,60.8388074785245,5.811015664477,25.0126326427489,53.410813542193,65.9423951490652,56.7458312278929
"511",2017,"D. Sturm","UTSA",62.9610914603335,61.9504800404245,68.5194542698332,48.2566953006569,70.7933299646286,52.7539161192522,91.3592723597777,29.5098534613441,54.0677109651339
"512",2017,"D. Wade","Boston College",42.799393633148,29.156139464376,73.9262253663466,8.38807478524507,59.4744820616473,40.4749873673573,13.6432541687721,28.7266296109146,71.2481051035877
"513",2017,"D. Williams","Texas State",12.6326427488631,9.44921677614957,22.4355735219808,15.8160687215765,8.79231935320869,5.05305709954522,22.6376958059626,15.1591712986357,29.9646286003032
"514",2017,"E. Dungey","Syracuse",45.6796361798888,43.1025770591208,17.5341081354219,25.7705912076806,70.1364325416877,26.2758969176352,93.8858009095503,39.6159676604346,52.956038403234
"515",2017,"E. Sindelar","Purdue",11.1167256189995,13.0874178878221,13.6432541687721,11.5715007579586,27.6402223345124,12.3799898938858,20.9196563921172,63.4411318847903,53.4613441131885
"516",2017,"F. Franks","Florida",9.70186963112684,14.9065184436584,14.4517433046993,11.6725618999495,31.3289540171804,18.0394138453765,23.0419403739262,4.29509853461344,69.9343102577059
"517",2017,"F. Nutile","Temple",57.8827690752906,77.1601819100556,91.4603335017686,47.5492673067206,90.6518443658413,71.7534108135422,23.9514906518444,86.0535624052552,54.6235472460839
"518",2017,"G. Bollas","Kent State",1.31379484588175,1.92016169782718,7.8322385042951,3.3855482566953,4.44669024759979,1.51591712986356,13.2390096008085,6.5689742294088,13.3906013137948
"519",2017,"G. Minshew","East Carolina",52.1728145528044,68.0141485598787,41.5361293582618,77.7160181910056,48.4082870136433,77.1096513390601,14.2496210207175,93.5320869125821,57.3016675088428
"520",2017,"G. Ragland","Miami (OH)",46.2607377463365,35.3713996968166,58.5144012127337,26.932794340576,53.3602829711976,47.5492673067206,17.6351692774128,47.0944921677615,12.177867609904
"521",2017,"H. Klugh","Charlotte",2.17281455280445,4.29509853461344,13.9969681657403,11.0156644770086,5.05305709954522,0.151591712986354,83.3249115715008,22.3850429509853,6.97321879737242
"522",2017,"H. Moore","Cincinnati",22.789287518949,39.8180899444164,49.7726124305205,32.4406265790803,52.4507326932794,59.9797877716018,11.7230924709449,85.5735219807984,11.8746841839313
"523",2017,"J. Allen","Wyoming",37.0894391106619,36.2304194037393,58.1101566447701,23.4461849418898,54.3203638201112,29.7119757453259,74.3304699343102,22.3345123799899,43.2036382011117
"524",2017,"J. Banks","Tulane",49.9494694290045,59.77766548762,66.5487620010106,51.9454269833249,65.1844365841334,57.7059120768065,73.9262253663466,14.6538655886811,61.1925214754927
"525",2017,"J. Barrett","Ohio State",91.2076806467913,76.3516927741283,44.7700859019707,86.255684689237,45.022738756948,78.4234461849419,95.3006568974229,66.1697827185447,35.1692774128348
"526",2017,"J. Bentley","South Carolina",36.533602829712,33.7544214249621,58.3122789287519,55.1288529560384,18.7973724103082,33.7038908539666,63.466397170288,34.1586659929257,22.1829206670035
"527",2017,"J. Blackman","Florida State",35.9019706922688,16.9277412834765,43.8605356240526,44.1637190500253,5.30570995452249,25.7705912076806,1.97069226882264,13.1379484588176,10.1566447700859
"528",2017,"J. Browning","Washington",84.133400707428,72.1071248105104,59.3228903486609,87.1147043961597,36.0788276907529,79.9393633148055,52.3496715512885,59.2470944921678,61.2430520464881
"529",2017,"J. Davis","Louisiana",22.4355735219808,21.9807983830217,18.0899444163719,18.3425972713492,38.8580090955028,12.9863567458312,79.2824658918646,55.1793835270339,20.0101061141991
"530",2017,"J. Doege","Bowling Green",41.7129863567458,39.11066195048,23.1430015159171,31.1268317331986,54.4719555330975,47.7008590197069,16.7256189994947,32.3395654370894,74.8357756442648
"531",2017,"J. Driskel","Florida Atlantic",48.0040424456796,71.5007579585649,54.4972208185953,73.4209196563921,62.6073774633653,69.2268822637696,78.0192016169783,94.3405760485093,92.1172309247094
"532",2017,"J. Fromm","Georgia",59.6260737746336,72.966144517433,85.5987872662961,49.3178372915614,81.5563415866599,79.1308741788782,34.6134411318848,45.477513895907,31.1268317331986
"533",2017,"J. George","Illinois",7.45325922182921,3.99191510864073,23.9009600808489,2.27387569479535,24.4567963617989,6.72056594239515,30.3183425972714,7.27640222334512,13.4916624557857
"534",2017,"J. Guarantano","Tennessee",4.62354724608388,2.98130368873168,10.0303183425973,11.4704396159677,2.82971197574533,11.4704396159677,1.1622031328954,0.404244567963619,95.3511874684184
"535",2017,"J. Hansen","Arkansas State",76.1495704901465,55.6341586659929,78.0192016169783,68.3173319858514,33.5522991409803,70.0859019706923,78.8276907529055,44.7700859019707,1.11167256189995
"536",2017,"J. Herbert","Oregon",79.1056088933805,90.1970692268823,87.4684183931278,88.6306215260232,83.9818089944416,74.6841839312784,75.9474482061647,70.3385548256695,52.2991409802931
"537",2017,"J. Hurts","Alabama",55.7099545224861,61.1419909044972,43.4815563415867,77.3623041940374,34.6134411318848,49.7726124305205,91.9151086407276,15.3612935826175,83.3249115715008
"538",2017,"J. Jackson","Virginia Tech",44.9722081859525,34.5123799898939,46.589186457807,32.7943405760485,40.8287013643254,33.5017685699848,69.4795351187469,64.022233451238,8.79231935320869
"539",2017,"J. Love","San José State",9.90399191510864,5.30570995452249,29.88883274381,3.94138453764528,21.1723092470945,10.8135421930268,27.7918140474987,44.2900454775139,32.289034866094
"540",2017,"J. Love","Utah State",24.0525517938353,24.0020212228398,36.0282971197575,42.344618494189,14.300151591713,29.9646286003032,25.922182920667,95.7049014653866,29.7119757453259
"541",2017,"J. Luton","Oregon State",43.1278423446185,15.3612935826175,55.7352198079838,5.65942395149065,58.7165234967155,25.1642243557352,27.3875694795351,75.366346639717,38.4537645275392
"542",2017,"J. Milas","Ball State",3.4866093986862,1.26326427488631,3.08236483072258,3.18342597271349,3.28448711470439,1.31379484588175,28.7013643254169,23.2693279434058,26.7306720565942
"543",2017,"J. Morgan","Bowling Green",7.63011622031329,6.87215765538151,14.5022738756948,5.20464881253159,24.6083880747852,7.22587165234967,44.1637190500253,70.7680646791309,36.533602829712
"544",2017,"J. O'korn","Michigan",2.77918140474988,1.0611419909045,13.4916624557857,1.01061141990905,7.37746336533602,3.03183425972714,16.5234967155129,3.84032339565437,48.5093481556342
"545",2017,"J. Park","Iowa State",71.0207175341081,34.967155128853,74.0272865083375,45.4269833249116,28.8529560384032,32.3395654370894,55.3309752400202,89.4391106619505,80.7983830217281
"546",2017,"J. Rosen","UCLA",75.7958564931784,72.4608388074785,70.2627589691764,79.1814047498737,52.956038403234,86.0535624052552,57.9585649317837,56.3921172309247,8.13542193026782
"547",2017,"J. Stidham","Auburn",31.4300151591713,40.0202122283982,42.6983324911572,48.0545730166751,33.7038908539666,61.0409297625063,5.76048509348156,16.1192521475493,15.4118241536129
"548",2017,"J. Ta'amu","Ole Miss",64.9823143001516,61.0409297625063,70.1364325416877,76.9580596260738,27.7918140474987,55.4825669530066,50.7832238504295,30.722587165235,59.1207680646791
"549",2017,"J. Urzua","Middle Tennessee",30.4951995957554,19.6563921172309,58.8175846387064,14.2496210207175,39.6159676604346,27.7412834765033,17.3825164224356,79.0803436078828,21.4249621020718
"550",2017,"J. Wassink","Western Michigan",68.3931278423446,51.9959575543204,50.8590197069227,70.8943911066195,25.5179383527034,47.2460838807479,55.7352198079838,55.1793835270339,73.6735725113694
"551",2017,"J. Wolford","Wake Forest",84.2344618494189,81.0510358767054,73.7746336533603,81.2531581606872,73.0672056594239,88.3274381000505,85.6493178372916,83.7038908539667,32.844871147044
"552",2017,"K. Allen","Houston",39.388580090955,18.6457806973219,25.7705912076806,16.8266801414856,31.0763011622031,36.7357251136938,9.34815563415866,91.8898433552299,84.6387064173825
"553",2017,"K. Anderson","Coastal Carolina",4.24456796361798,6.92268822637696,13.9969681657403,18.8479029813037,3.84032339565437,20.9196563921172,9.19656392117231,2.98130368873168,73.1177362304194
"554",2017,"K. Benkert","Virginia",17.4835775644265,12.9863567458312,17.4835775644265,16.7761495704902,17.988883274381,4.85093481556341,13.9969681657403,50.4295098534614,5.00252652854978
"555",2017,"K. Bolin","Rutgers",13.4158665992926,4.6488125315816,2.77918140474988,4.59828196058616,14.3506821627084,15.1591712986357,26.6296109146033,97.877716018191,64.0727640222335
"556",2017,"K. Bryant","Clemson",67.155128852956,46.1849418898434,25.2400202122284,33.2491157150076,63.8201111672562,49.166245578575,85.0934815563416,48.4082870136433,40.7276402223345
"557",2017,"K. Chryst","Stanford",10.611419909045,24.9621020717534,35.5482566953007,20.9701869631127,38.7569479535119,32.5922182920667,29.6614451743305,60.5608893380495,87.0641738251642
"558",2017,"K. Costello","Stanford",63.0621526023244,89.0348660939869,88.1758463870642,72.5618999494694,92.7741283476503,78.4739767559373,54.3708943911066,83.3249115715008,91.8645780697322
"559",2017,"K. Griggs","Southern Miss",36.7357251136938,39.4138453764527,39.0096008084891,61.5462354724608,19.6058615462355,43.5573521980798,50.1263264274886,82.8196058615462,75.3410813542193
"560",2017,"K. Hill","TCU",71.7534108135422,67.9130874178878,62.3294593228903,57.5543203638201,76.1495704901465,84.3860535624053,46.0838807478524,83.8807478524507,48.711470439616
"561",2017,"K. Howard","Southern Miss",14.7549267306721,28.8024254674078,50.1768569984841,40.1212733703891,24.911571500758,36.8873168266801,22.9914098029308,95.0480040424457,45.3764527539161
"562",2017,"K. Kempt","Iowa State",55.3309752400202,81.1520970186963,77.8676099039919,44.1131884790298,93.3299646286003,81.2531581606872,14.9570490146539,69.1005558362809,87.9231935320869
"563",2017,"K. Mond","Texas A&M",5.20464881253159,13.3906013137948,8.64072764022233,16.5740272865083,19.5048004042446,7.12481051035877,64.3254168772107,21.2733703890854,69.7827185447196
"564",2017,"K. Myers","Utah State",25.1136937847398,13.6937847397676,22.9408792319353,25.4168772107125,9.65133906013138,8.33754421424963,68.6205154118241,11.1167256189995,38.5042950985346
"565",2017,"K. Nelson","Akron",7.12481051035877,10.0050530570995,22.3850429509853,20.5659423951491,6.31632137443153,12.5315816068722,35.421930267812,1.36432541687721,83.8302172814553
"566",2017,"K. Postma","Houston",40.4497220818595,33.5522991409803,57.8575037897928,5.35624052551794,95.0985346134411,35.2703385548257,45.8312278928752,97.2208185952501,58.8681152097019
"567",2017,"K. Shurmur","Vanderbilt",74.0272865083375,70.1364325416877,82.7185447195553,58.211217786761,73.3703890853967,82.4153612935826,32.4406265790803,71.7028802425467,19.2016169782719
"568",2017,"K. Tate","Arizona",58.2364830722587,85.4977261243052,88.3274381000505,92.2182920667004,54.6235472460839,58.6659929257201,97.8271854471955,42.5720060636685,32.7438100050531
"569",2017,"L. Falk","Washington State",51.9959575543204,30.2678120262759,15.5634158665993,11.7230924709449,78.9792824658919,40.9297625063163,17.3319858514401,35.9019706922688,3.68873168266801
"570",2017,"L. Jackson","Louisville",91.3592723597777,91.6624557857504,82.8196058615462,90.5507832238504,85.1945426983325,89.5401718039414,99.8989388580091,45.1237998989389,11.8241536129358
"571",2017,"L. Marchi","Temple",14.9570490146539,19.8585144012127,36.4325416877211,9.39868620515412,51.1874684183931,25.5684689236988,20.7175341081354,73.7493683678626,40.77817079333
"572",2017,"L. Skipper","Tulsa",9.90399191510864,29.5603840323396,17.0793329964629,34.6639717028802,31.177362304194,28.3476503284487,57.6048509348156,2.93077311773623,82.6174835775644
"573",2017,"L. Woodside","Toledo",85.2450732693279,81.2531581606872,96.0586154623547,89.6412329459323,51.9959575543204,92.9257200606367,13.9464375947448,62.8094997473472,16.3719050025265
"574",2017,"M. Aaron","San José State",10.1061141990905,4.19403739262254,32.5416877210712,2.93077311773623,21.4754926730672,5.35624052551794,9.39868620515412,12.2536634663972,3.58767054067711
"575",2017,"M. Bortenschlager","Maryland",0.707427993936327,2.62758969176352,4.29509853461344,3.99191510864073,6.92268822637696,2.07175341081354,6.82162708438605,3.25922182920667,31.733198585144
"576",2017,"M. Browne","Pittsburgh",68.6710459828196,22.233451237999,47.1197574532592,80.2425467407782,1.01061141990905,33.0975240020212,21.3744315310763,17.5593734209197,90.2475997978777
"577",2017,"M. Childers","Northern Illinois",16.978271854472,14.7043961596766,8.84284992420414,35.8767054067711,7.27640222334512,11.5715007579586,26.4274886306215,45.7301667508843,51.8948964123295
"578",2017,"M. Fine","North Texas",70.4901465386559,65.1844365841334,66.1950480040424,61.899949469429,67.6099039919151,88.5295603840323,37.6452753916119,31.2278928751895,2.98130368873168
"579",2017,"M. Mcmaryion","Fresno State",62.3041940373926,52.8044466902476,49.44416371905,87.9737241030824,9.49974734714503,51.5411824153613,78.2718544719555,95.4522486104093,54.9267306720566
"580",2017,"M. Milton","UCF",96.766043456291,97.877716018191,95.6543708943911,98.3324911571501,85.4977261243052,97.7766548762001,96.5133906013138,92.066700353714,34.3607882769075
"581",2017,"M. Rosier","Miami",30.8236483072259,38.100050530571,38.6053562405255,56.8974229408792,19.3532086912582,27.3875694795351,87.6200101061142,49.4188984335523,12.7842344618494
"582",2017,"M. Rudolph","Oklahoma State",93.5320869125821,97.9282465891865,98.7367357251137,97.877716018191,89.2369883779687,99.6462860030318,48.2566953006569,76.7054067710965,34.0070742799394
"583",2017,"M. White","Western Kentucky",79.6361798888327,57.099545224861,73.0672056594239,50.8842849924204,61.4957049014654,79.2319353208691,54.1182415361294,28.044466902476,11.5209701869631
"584",2017,"M. Wilkins","Arizona State",48.2566953006569,60.9398686205154,48.5598787266296,45.3259221829207,72.2587165234967,70.9954522486104,81.7079332996463,12.6326427488631,49.2167761495705
"585",2017,"N. Elliott","North Carolina",36.5841334007074,35.7251136937847,59.8534613441132,58.7165234967155,14.1485598787266,32.6932794340576,58.6659929257201,40.6771096513391,77.5138959070238
"586",2017,"N. Fitzgerald","Mississippi State",63.4158665992926,44.0121273370389,60.4345629105609,41.8393127842345,48.0040424456796,11.0156644770086,98.3830217281455,94.5426983324912,11.5715007579586
"587",2017,"N. Rourke","Ohio",69.277412834765,58.2617483577564,80.6973218797372,76.9075290550783,25.3158160687216,8.74178878221324,99.5452248610409,58.0596260737746,10.7124810510359
"588",2017,"N. Shimonek","Texas Tech",72.3850429509854,68.8731682668014,81.5563415866599,63.7190500252653,71.5007579585649,87.7210712481051,40.77817079333,60.1313794845882,11.6725618999495
"589",2017,"N. Stanley","Iowa",16.2708438605356,28.1455280444669,42.900454775139,35.7756442647802,27.7412834765033,47.7513895907024,1.71803941384537,32.289034866094,15.2097018696311
"590",2017,"N. Starkel","Texas A&M",92.622536634664,90.1465386558868,81.00050530571,88.1758463870642,83.0722587165235,80.44466902476,24.2041435068216,81.2784234461849,49.3683678625569
"591",2017,"N. Stevens","Colorado State",87.822132390096,88.5295603840323,96.1596766043456,89.7422940879232,74.633653360283,94.7953511874684,71.7028802425467,91.5613946437595,24.2041435068216
"592",2017,"P. Bender","Kansas",2.57705912076807,11.2683173319859,15.3612935826175,2.77918140474988,54.0171803941384,11.5209701869631,22.8903486609399,48.5093481556342,29.8130368873168
"593",2017,"P. Ramsey","Indiana",24.6083880747852,24.4567963617989,10.5608893380495,27.2865083375442,28.8024254674078,36.9378473976756,8.53966649823144,62.6579080343608,79.8383021728146
"594",2017,"Q. Dormady","Tennessee",27.5896917635169,11.7230924709449,7.42799393633148,18.5952501263264,13.9464375947448,27.5391611925215,10.3082364830723,95.6543708943911,51.1874684183931
"595",2017,"Q. Flowers","South Florida",38.9085396664982,67.5593734209197,53.6634663971703,69.1763516927741,61.1419909044972,74.3304699343102,90.6013137948459,70.1364325416877,28.8024254674078
"596",2017,"R. Bowers","California",25.0631632137443,21.121778676099,50.6316321374431,21.3744315310763,29.9140980293077,16.8266801414856,32.5922182920667,35.421930267812,2.88024254674077
"597",2017,"R. Ferguson","Memphis",85.3461344113188,91.2582112177868,95.1490651844366,94.2395149065184,70.4396159676604,96.8165740272865,74.1283476503285,75.1389590702375,37.8979282465892
"598",2017,"R. Finley","NC State",76.4527539161192,80.2425467407782,67.5846387064174,70.7427993936331,82.2132390096008,91.3087417887822,77.5644264780192,92.6730672056594,46.7407781707933
"599",2017,"R. Lagow","Indiana",16.422435573522,30.8236483072259,33.6533602829712,16.4729661445174,60.7377463365336,41.3845376452754,15.4118241536129,60.0808489135927,53.410813542193
"600",2017,"R. Metz","UTEP",0.606366851945428,2.07175341081354,0.202122283981809,1.66750884284993,10.5608893380495,5.811015664477,44.8711470439616,36.9125821121779,80.0404244567964
"601",2017,"S. Buechele","Texas",27.9434057604851,15.4118241536129,9.39868620515412,53.4613441131885,4.95199595755432,13.8453764527539,53.0570995452249,10.6872157655381,94.5932289034866
"602",2017,"S. Darnold","USC",79.1814047498737,66.8014148559879,92.4204143506822,77.1601819100556,44.5174330469934,88.0747852450733,26.3264274886306,52.2486104092976,0.656897422940883
"603",2017,"S. Ehlinger","Texas",44.3405760485093,25.8211217786761,29.3077311773623,26.3769580596261,33.2491157150076,30.3183425972714,29.3077311773623,82.1121778676099,49.5199595755432
"604",2017,"S. Johnson","Kentucky",56.3415866599293,36.6851945426983,52.400202122284,30.3183425972714,48.5598787266296,15.4118241536129,92.8751894896412,20.11116725619,18.4436584133401
"605",2017,"S. Montez","Colorado",80.1414855987873,60.6872157655381,62.3294593228903,69.9848408287014,41.8898433552299,71.5007579585649,70.944921677615,15.6644770085902,31.0763011622031
"606",2017,"S. Morris","Central Michigan",18.7468418393128,23.5472460838807,29.6614451743305,37.2410308236483,18.1404749873674,21.1723092470945,34.6639717028802,68.4183931278424,0.555836280949973
"607",2017,"S. Patterson","Ole Miss",67.4077817079333,65.0833754421425,41.0308236483072,90.7023749368368,14.2496210207175,70.1364325416877,29.8130368873168,33.9565437089439,59.22182920667
"608",2017,"S. Werts","Georgia Southern",2.12228398180899,2.93077311773623,1.36432541687721,2.2233451237999,15.0581101566448,4.09297625063163,0.0505305709954551,1.31379484588175,33.9060131379485
"609",2017,"S. Williams","Old Dominion",12.5315816068722,6.01313794845881,9.80293077311774,8.94391106619504,9.39868620515412,3.13289540171804,23.6483072258717,51.7938352703386,23.244062657908
"610",2017,"T. Gangi","Nevada",25.2652854977261,53.3602829711976,34.1081354219303,43.0520464881253,65.4876200101061,63.3148054573017,51.844365841334,97.1197574532592,12.3799898938858
"611",2017,"T. Hilinski","Washington State",55.7857503789793,18.5952501263264,13.9969681657403,33.5522991409803,7.52905507832239,26.932794340576,25.3158160687216,91.0055583628095,45.5280444669025
"612",2017,"T. Huntley","Utah",62.7589691763517,27.6402223345124,40.6771096513391,35.7251136937847,23.0419403739262,33.0469934310258,26.1243052046488,13.8959070237494,3.08236483072258
"613",2017,"T. Jackson","Buffalo",81.2531581606872,87.2157655381506,83.299646286003,94.6942900454775,50.3789792824659,78.8276907529055,66.8519454269833,82.0363820111167,88.1758463870642
"614",2017,"T. Keane","Coastal Carolina",35.1692774128348,74.633653360283,71.5512885295604,74.1788782213239,68.5699848408287,66.144517433047,33.3501768569985,29.8130368873168,72.8650833754421
"615",2017,"T. Lamb","App State",72.0565942395149,81.9100555836281,61.2935826174836,86.2051541182415,64.1738251642244,69.5805962607377,96.311268317332,93.0267812026276,36.0282971197575
"616",2017,"T. Lee","Nebraska",44.5174330469934,55.533097524002,60.9398686205154,65.3360282971198,41.9909044972208,70.5406771096513,39.5149065184437,80.0151591712986,2.67812026275897
"617",2017,"T. Mangum","BYU",26.8822637695806,11.2177867609904,32.3900960080849,13.188479029813,16.6750884284992,11.2177867609904,24.7094492167761,67.8625568468924,43.911066195048
"618",2017,"T. Marshall","Georgia Tech",15.7655381505811,28.2465891864578,7.98383021728145,29.2572006063669,34.2597271349166,14.9570490146539,83.6280949974735,0.808489135927237,61.8494188984335
"619",2017,"T. Mcsorley","Penn State",71.0965133906013,76.4527539161192,57.655381505811,58.9691763516928,88.6811520970187,92.2688226376958,65.9423951490652,49.1915108640728,42.1930267812026
"620",2017,"T. Rogers","New Mexico State",33.5522991409803,42.5467407781708,43.7594744820616,15.4623547246084,87.1652349671551,55.7352198079838,62.0515411824154,63.5674583122789,0.505305709954518
"621",2017,"T. Sirk","East Carolina",37.8979282465892,40.77817079333,76.8064679130874,10.1566447700859,82.6680141485599,46.6397170288024,37.8473976755937,90.6518443658413,25.366346639717
"622",2017,"T. Tuioti","New Mexico",3.53713996968166,14.6033350176857,8.03436078827691,32.9964628600303,8.38807478524507,22.4861040929763,39.66649823143,97.4229408792319,64.8812531581607
"623",2017,"T. Williams","Utah",43.5320869125821,56.1394643759475,56.1899949469429,58.0090955027792,50.8842849924204,37.8473976755937,67.8625568468924,30.2930773117736,91.6624557857504
"624",2017,"T. Woodson","Akron",16.1697827185447,13.2390096008085,28.4739767559373,4.29509853461344,57.8575037897928,20.3132895401718,4.39615967660435,47.2966144517433,25.2652854977261
"625",2017,"W. Grier","West Virginia",77.5138959070238,78.9792824658919,79.4845881758464,88.933804951996,47.6503284487115,91.6624557857504,10.055583628095,85.1692774128348,13.6937847397676
"626",2017,"Z. Greenlee","UTEP",6.6700353713997,4.5477513895907,30.7983830217281,13.9969681657403,3.89085396664982,6.61950480040424,52.4507326932794,51.9201616978272,69.8837796867105
"627",2017,"Z. Smith","Baylor",5.10358767054068,12.3294593228903,27.0338554825669,24.2041435068216,10.055583628095,18.1404749873674,19.2016169782719,20.5912076806468,32.2385042950985
"628",2018,"A. Bowman","Texas Tech",95.8312278928752,81.5058110156645,86.8620515411824,85.2956038403234,63.0621526023244,86.5588681152097,25.1642243557352,94.744820616473,34.6639717028802
"629",2018,"A. Brown","Boston College",12.5821121778676,38.9085396664982,60.6366851945427,40.9297625063163,39.8180899444164,45.8312278928752,38.3021728145528,53.410813542193,28.2971197574533
"630",2018,"A. Bush","Illinois",52.5517938352703,29.2066700353714,17.7867609903992,18.544719555331,53.1076301162203,7.52905507832239,93.7342091965639,38.9085396664982,28.9540171803941
"631",2018,"A. Erdely","UAB",29.0045477513896,48.6104092976251,53.4613441131885,43.1531076301162,54.522486104093,45.022738756948,62.9610914603335,22.4608388074785,68.2162708438605
"632",2018,"A. Ford","Massachusetts",83.4765032844871,58.767054067711,83.8807478524507,64.9317837291561,46.3365336028297,55.8362809499747,26.1748357756443,39.5149065184437,77.8170793329965
"633",2018,"A. Hornibrook","Wisconsin",49.6462860030318,17.6856998484083,72.5366346639717,13.744315310763,31.7837291561395,24.911571500758,18.3931278423446,41.6877210712481,12.1273370389085
"634",2018,"A. Martinez","Nebraska",81.7584638706417,50.7326932794341,60.7377463365336,52.2486104092976,44.7700859019707,46.7913087417888,87.1652349671551,42.3951490651844,4.14350682162708
"635",2018,"A. Nunez","Louisiana",45.8312278928752,62.9610914603335,57.200606366852,40.4244567963618,82.3648307225872,74.633653360283,11.8241536129358,27.8170793329965,51.4906518443658
"636",2018,"A. Rogers","UNLV",16.422435573522,41.9403739262254,32.6932794340576,63.1126831733199,25.4674077817079,15.7150075795856,91.510864072764,7.15007579585649,85.9525012632643
"637",2018,"A. Russo","Temple",50.9853461344113,35.0682162708439,65.4118241536129,64.8812531581607,12.1273370389085,37.6452753916119,54.9267306720566,79.4340576048509,5.15411824153613
"638",2018,"A. Sitkowski","Rutgers",0.555836280949973,0.101061141990899,1.11167256189995,0.303183425972708,3.08236483072258,0,14.3506821627084,78.9792824658919,3.94138453764528
"639",2018,"B. Barnett","South Florida",58.3628094997473,32.1879737241031,61.899949469429,33.6533602829712,36.0282971197575,36.4325416877211,44.8206164729661,28.8529560384032,7.32693279434058
"640",2018,"B. Hicks","SMU",16.6498231430015,25.4168772107125,33.6028297119757,34.8660939868621,22.5366346639717,22.9914098029308,50.4295098534614,30.899444163719,22.2839818089944
"641",2018,"B. Larussa","Old Dominion",64.578069732188,47.7513895907024,60.4850934815563,43.3046993431026,54.4214249621021,64.578069732188,18.4941889843355,31.177362304194,7.02374936836786
"642",2018,"B. Lewerke","Michigan State",22.0313289540172,7.8322385042951,25.2400202122284,15.9171298635675,8.33754421424963,1.71803941384537,61.6978271854472,57.6048509348156,11.2177867609904
"643",2018,"B. Mcilwain","California",39.2875189489641,5.65942395149065,5.88681152097019,1.97069226882264,56.4931783729156,9.39868620515412,36.6346639717029,78.2213239009601,16.5234967155129
"644",2018,"B. Perkins","Virginia",72.2081859525013,50.8842849924204,31.2278928751895,29.5098534613441,82.8701364325417,47.9535118746842,90.2475997978777,19.3026781202628,10.4092976250632
"645",2018,"B. Purdy","Iowa State",75.5432036382011,82.2637695805963,93.7342091965639,89.0348660939869,55.9878726629611,73.2187973724103,82.4153612935826,14.4517433046993,48.8125315816069
"646",2018,"B. Rypien","Boise State",87.5694795351187,78.5750378979282,58.2617483577564,60.7882769075291,85.0934815563416,93.4310257705912,26.5285497726124,42.6983324911572,26.7812026275897
"647",2018,"B. Stockstill","Middle Tennessee",34.411318847903,36.3820111167256,28.600303183426,31.9858514401213,47.0944921677615,50.5811015664477,32.7943405760485,19.6058615462355,7.8322385042951
"648",2018,"B. White","Memphis",51.1369378473977,68.6205154118241,79.88883274381,65.1844365841334,66.0434562910561,86.4072764022233,7.07427993936331,50.6821627084386,19.0500252652855
"649",2018,"B. Wimbush","Notre Dame",20.11116725619,23.9009600808489,23.9009600808489,22.4861040929763,33.9565437089439,23.4967155128853,58.8681152097019,55.6341586659929,71.8544719555331
"650",2018,"C. Blount","Oregon State",29.8635674583123,55.9878726629611,76.200101061142,31.733198585144,75.1389590702375,55.2804446690248,28.8024254674078,2.37493683678626,95.6543708943911
"651",2018,"C. Brewer","Baylor",62.2536634663972,75.2400202122284,76.8569984840829,69.1258211217787,76.200101061142,81.3036887316827,89.1864578069732,23.3956543708944,46.5386558868115
"652",2018,"C. Evans","UL Monroe",60.7377463365336,60.7377463365336,75.4421424962102,54.1687721071248,64.8812531581607,49.722081859525,96.2607377463365,58.1606872157655,3.73926225366347
"653",2018,"C. Garbers","California",23.5977766548762,18.4436584133401,52.2486104092976,11.066195048004,40.0202122283982,7.32693279434058,77.3117736230419,15.3612935826175,15.4623547246084
"654",2018,"C. Grundy","UTSA",14.0980293077312,7.12481051035877,17.1803941384538,8.9944416371905,14.7549267306721,4.59828196058616,55.7857503789793,25.8716523496715,67.9636179888833
"655",2018,"C. Hill","Colorado State",33.9818089944416,34.1586659929257,41.0813542193027,25.8716523496715,51.0358767054068,37.9484588175846,38.8580090955028,46.9934310257706,36.0788276907529
"656",2018,"C. Mcdonald","Hawai'i",72.3092470944922,75.3410813542193,66.0434562910561,68.9742294087923,76.6043456291056,89.944416371905,75.8969176351693,31.0763011622031,18.6457806973219
"657",2018,"C. Reynolds","Charlotte",38.8074785245073,46.8923698837797,63.6432541687721,65.3865588681152,27.2865083375442,52.2991409802931,13.8959070237494,10.1566447700859,98.6862051541182
"658",2018,"C. Robison","Florida Atlantic",40.7529055078322,54.2193026781203,58.6659929257201,47.7008590197069,59.6766043456291,63.466397170288,30.9752400202122,91.232945932289,19.4037392622537
"659",2018,"C. Thorson","Northwestern",32.9964628600303,22.5871652349672,47.3471450227388,28.600303183426,23.6988377968671,10.5103587670541,70.4901465386559,38.0495199595755,0.859019706922692
"660",2018,"C. Tune","Houston",8.28701364325417,20.3638201111673,16.8266801414856,37.5947448206165,13.3400707427994,20.4143506821627,61.344113188479,2.55179383527034,96.0080848913593
"661",2018,"D. Blough","Purdue",52.2991409802931,55.3815058110157,51.0358767054068,66.1950480040424,37.7968671045983,67.8120262758969,69.9343102577059,54.2698332491157,16.6750884284992
"662",2018,"D. Ellington","Georgia State",65.1844365841334,69.6816574027286,58.9691763516928,44.3153107630116,89.0853966649823,72.6629610914603,81.455280444669,40.3233956543709,21.121778676099
"663",2018,"D. Francois","Florida State",6.6700353713997,10.2071753410814,11.4199090449722,18.0899444163719,9.95452248610409,3.58767054067711,20.9701869631127,34.9166245578575,2.2233451237999
"664",2018,"D. Haskins","Ohio State",93.0267812026276,90.5507832238504,92.5720060636685,93.7342091965639,69.5805962607377,99.3431025770591,1.46538655886812,83.4007074279939,14.1485598787266
"665",2018,"D. Jones","Duke",43.7594744820616,34.0070742799394,34.5629105608893,25.8211217786761,51.844365841334,31.0257705912077,70.1364325416877,36.1293582617484,9.95452248610409
"666",2018,"D. Lock","Missouri",81.2026275896918,76.5032844871147,78.322385042951,80.9499747347145,60.6366851945427,86.9125821121779,68.4183931278424,92.5214754926731,12.6326427488631
"667",2018,"D. Pindell","UConn",50.4042445679636,60.1819100555836,50.4800404244568,46.9934310257706,69.3279434057605,19.9090449722082,99.4946942900455,37.0894391106619,20.3638201111673
"668",2018,"D. Plitt","Ball State",55.9120768064679,24.8105103587671,37.5694795351187,25.366346639717,32.1879737241031,21.0712481051036,67.5088428499242,29.6614451743305,51.7938352703386
"669",2018,"D. Ridder","Cincinnati",57.5290550783224,52.2991409802931,64.8054573016675,53.7645275391612,47.4482061647297,74.8357756442648,4.85093481556341,46.2860030318343,17.988883274381
"670",2018,"D. Shanley","Western Kentucky",51.7433046993431,40.2728650833754,29.2319353208691,32.7438100050531,53.6129358261748,40.77817079333,39.3127842344619,36.6346639717029,86.4578069732188
"671",2018,"D. Thompson-Robinson","UCLA",18.8479029813037,10.1566447700859,26.932794340576,10.2071753410814,20.4143506821627,14.7549267306721,35.0682162708439,14.3254168772107,44.6184941889843
"672",2018,"E. Dungey","Syracuse",52.7539161192522,56.5942395149065,28.2465891864578,45.0732693279434,71.5512885295604,54.2193026781203,92.9762506316321,42.3193532086913,54.2698332491157
"673",2018,"E. Orth","South Alabama",31.8342597271349,54.0677109651339,55.4320363820111,46.2354724608388,60.6872157655381,56.1394643759475,35.8767054067711,56.2910560889338,54.5730166750884
"674",2018,"E. Peters","Toledo",31.733198585144,39.8686205154118,30.2678120262759,69.6816574027286,14.9065184436584,43.0015159171299,44.2647801920162,82.5416877210712,55.5836280949975
"675",2018,"E. Shirreffs","Charlotte",6.01313794845881,5.5078322385043,17.3572511369378,2.72865083375442,27.6907529055078,14.5528044466902,40.1212733703891,3.94138453764528,86.4072764022233
"676",2018,"F. Franks","Florida",69.4037392622537,59.5250126326427,45.9828196058616,51.6422435573522,66.144517433047,67.3572511369378,63.011622031329,71.7534108135422,49.9242041435068
"677",2018,"G. Minshew","Washington State",79.7877716018191,70.944921677615,70.7933299646286,70.3385548256695,67.2056594239515,92.5214754926731,70.7427993936331,96.867104598282,42.2940879231935
"678",2018,"G. Ragland","Miami (OH)",43.4057604850935,61.7988883274381,86.1546235472461,36.2304194037393,82.4153612935826,73.3198585144012,57.4532592218292,70.9701869631127,46.3870641738252
"679",2018,"H. Ahlers","East Carolina",20.3638201111673,44.4163719050025,54.977261243052,42.5467407781708,48.8125315816069,38.1505811015665,79.1308741788782,62.9105608893381,50.2273875694795
"680",2018,"I. Book","Notre Dame",67.5593734209197,79.3835270338555,86.3062152602324,62.3041940373926,85.8009095502779,88.377968671046,28.600303183426,62.5063163213744,51.6927741283477
"681",2018,"I. Green","Marshall",35.5229914098029,31.9858514401213,61.5462354724608,41.6371905002527,25.8716523496715,43.4057604850935,16.3719050025265,92.4456796361799,10.0050530570995
"682",2018,"J. Abraham","Southern Miss",46.1344113188479,17.2814552804447,72.3092470944922,20.8185952501263,20.5154118241536,20.2627589691764,11.2177867609904,27.6907529055078,1.81910055583628
"683",2018,"J. Adkins","New Mexico State",12.0768064679131,16.3213744315311,27.2359777665488,10.7124810510359,39.3633148054573,12.733703890854,14.4517433046993,43.2289034866094,13.5421930267812
"684",2018,"J. Banks","Tulane",17.1803941384538,29.4087923193532,41.4855987872663,13.4411318847903,62.7589691763517,30.9752400202122,47.9029813036887,0.707427993936327,77.1096513390601
"685",2018,"J. Bentley","South Carolina",57.8069732187974,71.3491662455786,70.4396159676604,72.7640222334512,62.5568468923699,81.1520970186963,64.4264780192016,65.4876200101061,17.0288024254674
"686",2018,"J. Browning","Washington",70.2374936836786,58.4133400707428,76.4527539161192,49.2673067205659,61.4451743304699,62.8600303183426,80.3436078827691,58.4386053562405,7.22587165234967
"687",2018,"J. Burrow","LSU",40.6265790803436,46.6397170288024,48.0545730166751,72.6629610914603,20.6164729661445,47.8524507326933,79.88883274381,18.2920667003537,51.5917129863567
"688",2018,"J. Daniels","USC",23.6483072258717,16.2708438605356,33.2743810005053,27.5391611925215,12.2789287518949,18.7973724103082,5.86154623547246,39.0096008084891,16.9277412834765
"689",2018,"J. Doege","Bowling Green",42.8499242041435,29.8635674583123,69.8837796867105,26.2758969176352,40.5760485093481,42.344618494189,10.5103587670541,31.9858514401213,4.69934310257706
"690",2018,"J. Duffey","Texas Tech",73.8251642243557,46.033350176857,33.1733198585144,27.0843860535624,77.0085901970692,43.2541687721071,54.2193026781203,29.3077311773623,40.3739262253663
"691",2018,"J. Fromm","Georgia",94.8964123294593,94.0373926225366,82.3648307225872,96.5639211723093,73.9262253663466,94.5932289034866,17.1803941384538,73.521980798383,81.6068721576554
"692",2018,"J. Guarantano","Tennessee",25.3158160687216,53.2086912582112,72.6882263769581,45.6291056088934,56.644770085902,59.9292572006064,26.8822637695806,20.8185952501263,87.7716018191006
"693",2018,"J. Hansen","Arkansas State",44.2142496210207,48.4082870136433,45.5280444669025,52.2991409802931,41.788782213239,73.4209196563921,10.2071753410814,63.2137443153108,18.2920667003537
"694",2018,"J. Herbert","Oregon",55.3815058110157,70.6417382516422,79.2319353208691,73.3198585144012,59.5755432036382,76.7054067710965,82.5164224355735,67.7614957049015,68.9742294087923
"695",2018,"J. Love","San José State",9.34815563415866,18.544719555331,40.4497220818595,28.3981808994442,15.9676604345629,22.2839818089944,18.7468418393128,49.8989388580091,36.4830722587165
"696",2018,"J. Love","Utah State",92.1172309247094,92.1172309247094,84.689236988378,75.9474482061647,97.2713491662456,96.1596766043456,55.8868115209702,95.8059626073775,43.9615967660435
"697",2018,"J. Luton","Oregon State",64.1738251642244,68.6710459828196,86.0030318342597,74.2799393633148,54.7246083880748,74.4315310763012,3.73926225366347,34.4618494188984,80.6973218797372
"698",2018,"J. Mcmillan","Tulane",15.9423951490652,41.7382516422436,54.6993431025771,79.0298130368873,16.1192521475493,31.2278928751895,70.389085396665,29.7119757453259,72.2081859525013
"699",2018,"J. Morgan","Florida International",74.2799393633148,85.699848408287,89.1611925214755,79.9393633148055,80.2930773117736,88.8327438100051,27.1854471955533,89.8433552299141,50.277918140475
"700",2018,"J. Newman","Wake Forest",46.7660434562911,60.33350176857,32.2132390096008,28.8024254674078,85.9525012632643,48.2061647296615,64.7801920161698,28.3729156139464,80.44466902476
"701",2018,"J. Pass","Louisville",30.5709954522486,16.5740272865083,36.988377968671,9.70186963112684,43.6078827690753,10.2577059120768,56.8468923698838,14.8054573016675,6.36685194542699
"702",2018,"J. Shelley","Utah",33.9818089944416,8.03436078827691,9.60080848913593,16.6245578575038,7.12481051035877,11.8241536129358,23.3451237998989,63.1126831733199,35.6240525517938
"703",2018,"J. Stidham","Auburn",26.9833249115715,37.3926225366347,15.6392117230925,48.5093481556342,28.6508337544214,52.8549772612431,14.1485598787266,49.0651844365841,51.844365841334
"704",2018,"J. Ta'amu","Ole Miss",81.9100555836281,79.6361798888327,70.5406771096513,91.1571500757959,35.6745831227893,91.7129863567458,43.4057604850935,44.9722081859525,23.8504295098535
"705",2018,"J. Wassink","Western Michigan",65.4370894391107,73.0166750884285,91.8140474987367,83.7291561394644,47.1955533097524,68.1152097018696,59.7271349166246,97.5745325922183,55.6341586659929
"706",2018,"K. Anderson","Coastal Carolina",54.7246083880748,79.7372410308236,37.4431531076301,91.3087417887822,40.2728650833754,52.6528549772612,79.7877716018191,12.6831733198585,96.6649823143001
"707",2018,"K. Barker","Troy",87.1147043961597,69.1258211217787,24.355735219808,69.0752905507832,63.6685194542698,46.2860030318343,74.5831227892875,10.3082364830723,92.8751894896412
"708",2018,"K. Carta-Samuels","Colorado State",62.1020717534108,51.5411824153613,88.7822132390096,62.9610914603335,34.0576048509348,65.7908034360788,8.38807478524507,54.522486104093,18.544719555331
"709",2018,"K. Costello","Stanford",83.122789287519,83.4259727134917,87.6200101061142,80.7478524507327,78.4739767559373,92.622536634664,31.8847902981304,59.6008084891359,34.967155128853
"710",2018,"K. Eleby","Western Michigan",69.5805962607377,38.8580090955028,10.611419909045,63.5169277412835,16.3213744315311,34.2597271349166,57.8575037897928,7.88276907529055,89.944416371905
"711",2018,"K. Hill","Maryland",1.1622031328954,5.45730166750884,8.18595250126326,0.454775138959074,55.3815058110157,9.04497220818595,28.3476503284487,17.8878221323901,63.3653360282971
"712",2018,"K. Locksley","UTEP",9.04497220818595,2.27387569479535,17.1803941384538,0.707427993936327,34.967155128853,0.606366851945428,65.5381505811016,4.95199595755432,15.1591712986357
"713",2018,"K. Mond","Texas A&M",58.9691763516928,44.0626579080344,67.5846387064174,66.3466397170288,18.7468418393128,56.7963617988883,57.3016675088428,24.6589186457807,8.28701364325417
"714",2018,"K. Murray","Oklahoma",99.3431025770591,99.7978777160182,99.7473471450227,99.4946942900455,99.44416371905,99.7978777160182,98.6862051541182,71.3491662455786,33.7038908539666
"715",2018,"K. Nelson","Akron",10.055583628095,17.0288024254674,31.5816068721577,21.0207175341081,19.7069226882264,14.9065184436584,11.3693784739768,17.3319858514401,23.3451237998989
"716",2018,"K. Pickett","Pittsburgh",7.17534108135421,9.24709449216776,11.8241536129358,13.6432541687721,12.9358261748358,2.37493683678626,57.8069732187974,13.4411318847903,22.9914098029308
"717",2018,"K. Shurmur","Vanderbilt",51.8696311268317,53.410813542193,63.1126831733199,48.4082870136433,54.9267306720566,67.155128852956,40.0707427993936,68.7721071248105,43.0520464881253
"718",2018,"K. Tate","Arizona",52.4507326932794,86.3062152602324,88.1253158160687,85.0934815563416,76.6548762001011,86.255684689237,69.2268822637696,72.1071248105104,67.3067205659424
"719",2018,"L. Skipper","Tulsa",74.9873673572511,18.7973724103082,43.3046993431026,0.353713996968164,97.5240020212228,10.1061141990905,86.2051541182415,4.90146538655887,20.4648812531582
"720",2018,"M. Childers","Northern Illinois",14.7043961596766,6.16472966144518,6.03840323395655,15.4118241536129,4.49722081859525,0.0505305709954551,78.3729156139464,10.8135421930268,10.2577059120768
"721",2018,"M. Collins","TCU",22.5366346639717,53.8150581101566,37.0641738251642,91.4603335017686,7.63011622031329,48.4082870136433,43.355229914098,85.4724608388075,94.1384537645275
"722",2018,"M. Fine","North Texas",64.022233451238,64.1232945932289,58.7165234967155,56.6953006568974,71.955533097524,88.6306215260232,3.84032339565437,68.1657402728651,37.6958059626074
"723",2018,"M. Gilliam","UNLV",7.45325922182921,23.0924709449217,33.0469934310258,6.06366851945427,68.9236988377969,32.2385042950985,14.5022738756948,30.0404244567964,29.5603840323396
"724",2018,"M. Glass","Eastern Michigan",87.1652349671551,91.3087417887822,81.6574027286508,95.3006568974229,65.588681152097,64.1232945932289,77.4128347650328,52.400202122284,99.3936331480546
"725",2018,"M. Guadagni","Toledo",71.8292066700354,85.2450732693279,78.3729156139464,96.3617988883274,31.5816068721577,48.6104092976251,90.6518443658413,3.99191510864073,94.6437594744821
"726",2018,"M. Mcmaryion","Fresno State",96.0080848913593,85.9019706922688,85.9525012632643,92.2688226376958,58.767054067711,90.3991915108641,87.4684183931278,89.8938858009096,39.4138453764527
"727",2018,"M. Milton","UCF",93.3299646286003,92.9762506316321,95.9070237493684,86.9631126831733,95.3006568974229,90.8539666498231,76.6043456291056,89.388580090955,49.6715512885296
"728",2018,"M. Rivers","Illinois",1.79383527033855,1.76856998484083,1.76856998484083,6.11419909044972,1.56644770085902,11.622031328954,5.20464881253159,12.9105608893381,95.199595755432
"729",2018,"M. Romero","New Mexico State",1.01061141990905,1.01061141990905,1.92016169782718,3.84032339565437,0.859019706922692,4.39615967660435,24.3052046488125,8.74178878221324,76.2506316321374
"730",2018,"M. Rosier","Miami",48.7367357251137,33.8049519959576,38.1505811015665,17.8372915613946,62.9105608893381,24.0525517938353,73.521980798383,46.1091460333502,50.1768569984841
"731",2018,"M. Wilkins","Arizona State",60.8388074785245,68.4183931278424,60.2829711975745,68.0646791308742,63.5169277412835,83.8302172814553,54.7246083880748,78.7013643254169,46.1849418898434
"732",2018,"N. Elliott","North Carolina",12.8347650328449,17.9383527033856,21.6270843860536,31.6826680141486,11.8746841839313,28.0949974734715,2.02122283981809,98.6356745831228,7.17534108135421
"733",2018,"N. Fitzgerald","Mississippi State",27.0338554825669,29.6614451743305,17.8372915613946,40.6265790803436,23.8504295098535,4.14350682162708,97.5745325922183,18.0899444163719,41.1824153612936
"734",2018,"N. Rourke","Ohio",90.6518443658413,89.8433552299141,83.9312784234462,80.8489135927236,93.633148054573,62.455785750379,99.3936331480546,38.5548256695301,8.08489135927236
"735",2018,"N. Stanley","Iowa",39.5654370894391,62.7589691763517,83.4259727134917,27.7412834765033,86.4072764022233,74.8863062152602,51.4906518443658,82.9711975745326,17.3825164224356
"736",2018,"P. Bender","Kansas",7.57958564931783,22.9914098029308,23.6483072258717,2.47599797877716,84.7902981303689,28.600303183426,18.6457806973219,34.8155634158666,54.3203638201112
"737",2018,"P. Ramsey","Indiana",51.7938352703386,33.299646286003,43.4057604850935,40.2728650833754,31.0257705912077,21.9807983830217,84.3355229914098,55.3815058110157,5.05305709954522
"738",2018,"R. Agnew","San Diego State",30.7731177362304,42.8499242041435,61.3946437594745,23.7493683678626,64.2243557352198,39.4643759474482,65.2854977261243,11.3188479029813,68.6205154118241
"739",2018,"R. Comis","Massachusetts",48.989388580091,70.5912076806468,46.9934310257706,90.2981303688732,29.156139464376,62.1526023244063,69.3279434057605,3.25922182920667,79.2319353208691
"740",2018,"R. Finley","NC State",95.1490651844366,86.0535624052552,92.2182920667004,84.2849924204144,77.5138959070238,95.4522486104093,42.1930267812026,95.3511874684184,24.5073269327943
"741",2018,"R. Herring","East Carolina",12.6831733198585,26.7812026275897,48.155634158666,10.4598281960586,63.4158665992926,33.299646286003,25.5684689236988,85.977766548762,49.0651844365841
"742",2018,"R. Lombardi","Michigan State",8.56493178372916,4.69934310257706,5.05305709954522,14.9570490146539,3.03183425972714,8.18595250126326,37.8979282465892,73.3703890853967,84.4871147043962
"743",2018,"R. Neal","Ball State",35.421930267812,49.6715512885296,46.1596766043456,25.6695300656897,73.4714502273876,27.6402223345124,94.5426983324912,76.755937342092,47.2460838807479
"744",2018,"R. Willis","Virginia Tech",51.2379989893886,63.466397170288,74.077817079333,62.9105608893381,59.3734209196564,60.4850934815563,92.2182920667004,51.2379989893886,42.3951490651844
"745",2018,"S. Boomer","Tulsa",4.80040424456797,8.84284992420414,15.5128852956038,5.25517938352703,27.1854471955533,13.9464375947448,11.0156644770086,4.85093481556341,35.3208691258211
"746",2018,"S. Calvert","Liberty",32.011116725619,26.5790803436079,82.2132390096008,12.3294593228903,56.5437089439111,32.4911571500758,20.1616978271854,72.789287518949,0.404244567963619
"747",2018,"S. Duncan","Western Kentucky",6.97321879737242,15.5634158665993,12.5821121778676,12.7842344618494,30.4194037392623,13.4916624557857,58.9691763516928,29.8635674583123,63.6179888832744
"748",2018,"S. Ehlinger","Texas",86.0535624052552,82.5164224355735,56.7458312278929,75.7958564931784,81.2026275896918,93.8352703385548,81.4047498736736,59.044972208186,69.2268822637696
"749",2018,"S. Hartman","Wake Forest",52.6023244062658,39.1611925214755,63.9717028802425,35.421930267812,47.7008590197069,41.788782213239,59.22182920667,25.5684689236988,23.3956543708944
"750",2018,"S. Jones","New Mexico",17.5846387064174,21.0207175341081,62.7589691763517,32.5416877210712,19.2521475492673,17.7867609903992,62.4052551793835,35.2956038403234,10.055583628095
"751",2018,"S. Montez","Colorado",35.6745831227893,50.5811015664477,47.8019201616978,49.4694290045477,48.9641232945932,47.4987367357251,86.5083375442143,32.844871147044,30.5204648812532
"752",2018,"S. Patterson","Michigan",76.755937342092,76.6548762001011,77.766548762001,64.6791308741789,80.8489135927236,77.9181404749874,75.4421424962102,48.8125315816069,45.7806973218797
"753",2018,"S. Robinson","TCU",42.0919656392117,23.8504295098535,19.3279434057605,29.9646286003032,23.4967155128853,22.1323900960081,56.7458312278929,94.3911066195048,35.9272359777665
"754",2018,"S. Smith","Troy",13.2137443153108,15.9676604345629,23.3451237998989,24.5073269327943,14.4517433046993,43.9615967660435,0.151591712986354,70.5154118241536,39.9696816574027
"755",2018,"S. Stankavage","Rice",16.7761495704902,20.11116725619,28.6508337544214,14.4012127337039,35.0176856998484,21.677614957049,39.8686205154118,38.4284992420414,46.033350176857
"756",2018,"S. Thompson","Kansas State",46.9934310257706,55.7857503789793,59.499747347145,41.788782213239,69.4290045477514,52.1980798383022,68.7721071248105,23.2693279434058,80.5962607377463
"757",2018,"S. Werts","Georgia Southern",26.6801414855988,66.3971702880243,48.3577564426478,73.9767559373421,51.4401212733704,46.0838807478524,90.4497220818595,1.21273370389086,99.7726124305205
"758",2018,"T. Cornelius","Oklahoma State",76.5790803436079,82.6174835775644,94.3911066195048,66.4982314300152,90.500252652855,90.4497220818595,94.3405760485093,42.8246589186458,15.2602324406266
"759",2018,"T. Gangi","Nevada",40.4497220818595,48.8125315816069,71.9050025265285,41.8898433552299,59.1712986356746,62.3547246083881,47.3976755937342,92.3698837796867,3.03183425972714
"760",2018,"T. Huntley","Utah",44.1637190500253,23.3451237998989,12.5821121778676,22.789287518949,32.6427488630622,20.4648812531582,53.8150581101566,17.2309247094492,36.8873168266801
"761",2018,"T. Jackson","Buffalo",49.8736735725114,77.6654876200101,44.8458817584639,38.4537645275392,94.6437594744821,79.6867104598282,87.6705406771097,80.3183425972714,29.0045477513896
"762",2018,"T. Johnston","UAB",81.9858514401213,77.8676099039919,85.0682162708439,60.1313794845882,85.9019706922688,63.8201111672562,64.2243557352198,67.6856998484083,58.9186457806973
"763",2018,"T. Lawrence","Clemson",80.5457301667509,84.1839312784235,57.4027286508338,72.7134916624558,88.3274381000505,94.744820616473,5.10358767054068,92.3193532086913,60.9398686205154
"764",2018,"T. Lazzaro","Central Michigan",8.94391106619504,11.7736230419404,10.7882769075291,12.4305204648813,20.0606366851945,9.19656392117231,63.9717028802425,11.3693784739768,57.4027286508338
"765",2018,"T. Mangum","BYU",12.1273370389085,12.7842344618494,18.9489641232946,23.6988377968671,9.60080848913593,22.8903486609399,13.7948458817585,88.1758463870642,72.1071248105104
"766",2018,"T. Marshall","Georgia Tech",17.5341081354219,29.8130368873168,10.5103587670541,23.244062657908,45.6291056088934,30.8741788782213,50.3789792824659,10.9146033350177,76.0485093481556
"767",2018,"T. Mcsorley","Penn State",27.2865083375442,26.8822637695806,33.4007074279939,42.2435573521981,16.2203132895402,6.82162708438605,91.6624557857504,35.2956038403234,33.1985851440121
"768",2018,"T. Morgan","Minnesota",69.9090449722082,54.3203638201112,65.4118241536129,45.1237998989389,65.0833754421425,56.2405255179383,16.1192521475493,35.4724608388075,44.7700859019707
"769",2018,"T. Poljan","Central Michigan",2.62758969176352,0.606366851945428,0.252652854977264,1.56644770085902,1.41485598787267,1.21273370389086,26.9833249115715,15.6139464375948,44.0626579080344
"770",2018,"T. Storey","Arkansas",11.8494188984335,14.4012127337039,9.95452248610409,20.1616978271854,17.3319858514401,17.6856998484083,14.9065184436584,35.6240525517938,21.6270843860536
"771",2018,"T. Tagovailoa","Alabama",97.5745325922183,98.7367357251137,99.5957554320364,97.8271854471955,96.9176351692774,98.6356745831228,65.7908034360788,84.9418898433552,16.1192521475493
"772",2018,"T. Vitt","Texas State",31.8847902981304,9.19656392117231,37.4936836786256,15.3612935826175,11.066195048004,9.14603335017685,32.9964628600303,15.0581101566448,22.233451237999
"773",2018,"T. Waal","Wyoming",1.97069226882264,2.2233451237999,2.34967155128853,4.04244567963618,5.91207680646791,1.1622031328954,12.733703890854,12.9863567458312,79.7877716018191
"774",2018,"T. Wiegers","Eastern Michigan",23.5472460838807,18.1404749873674,42.5467407781708,27.1349166245579,17.5341081354219,31.3289540171804,1.61697827185447,17.8372915613946,58.3122789287519
"775",2018,"T. Wilson","Kentucky",42.900454775139,24.1030823648307,39.9949469429005,37.0894391106619,16.422435573522,23.1430015159171,42.2435573521981,9.60080848913593,13.5927235977767
"776",2018,"W. Barrett","Kent State",7.22587165234967,11.622031328954,13.1632137443153,8.13542193026782,30.7731177362304,0.454775138959074,88.6811520970187,8.53966649823144,5.35624052551794
"777",2018,"W. Grier","West Virginia",93.8858009095503,95.5027791814047,84.6387064173825,94.3405760485093,90.9044972208186,98.0798383021728,31.3289540171804,56.6953006568974,39.3127842344619
"778",2018,"W. Jones","Texas State",1.61697827185447,22.6882263769581,8.79231935320869,23.1935320869126,30.1162203132895,38.100050530571,7.57958564931783,17.6604345629106,82.3143001515917
"779",2018,"W. Speight","UCLA",63.6179888832744,53.3097524002021,81.6068721576554,52.0464881253158,51.5411824153613,47.3976755937342,61.7483577564427,55.2804446690248,51.6422435573522
"780",2018,"Z. Annexstad","Minnesota",20.8691258211218,9.70186963112684,66.6750884284992,18.9489641232946,7.78170793329964,19.3532086912582,10.7630116220313,18.6457806973219,47.3471450227388
"781",2018,"Z. Noland","Iowa State",20.7175341081354,11.9252147549267,48.4082870136433,54.7246083880748,3.18342597271349,20.66700353714,46.7913087417888,62.0262758969176,84.5881758463871
"782",2018,"Z. Thomas","App State",73.6735725113694,82.3143001515917,81.9605861546236,83.7796867104598,69.833249115715,75.088428499242,84.8408287013643,61.0409297625063,70.389085396665
"783",2018,"Z. Wilson","BYU",77.766548762001,69.9848408287014,81.7584638706417,86.6599292572006,33.6533602829712,56.8468923698838,73.9767559373421,4.39615967660435,88.2263769580596
"784",2019,"A. Bowman","Texas Tech",76.4022233451238,29.2572006063669,21.5260232440627,40.7276402223345,18.99949469429,32.7438100050531,40.9802930773118,98.4840828701364,80.2425467407782
"785",2019,"A. Brito","Massachusetts",0,0.353713996968164,0.101061141990899,0.656897422940883,4.69934310257706,2.2233451237999,2.88024254674077,8.46387064173825,62.455785750379
"786",2019,"A. Brown","Boston College",82.5164224355735,97.7261243052046,97.0692268822638,97.1197574532592,88.0242546740778,72.7640222334512,75.644264780192,98.1808994441637,97.4229408792319
"787",2019,"A. Gordon","Washington State",87.9231935320869,56.7963617988883,53.0065689742294,65.2349671551289,37.9484588175846,87.9737241030824,15.0075795856493,91.1571500757959,0.252652854977264
"788",2019,"A. Hornibrook","Florida State",27.8928751894896,26.0737746336534,22.5618999494694,77.210712481051,2.52652854977261,32.9964628600303,32.6932794340576,0.960080848913591,96.6144517433047
"789",2019,"A. Kendall","West Virginia",17.8878221323901,20.9196563921172,8.36280949974735,19.0500252652855,33.8049519959576,22.6882263769581,27.0843860535624,80.6973218797372,21.7786760990399
"790",2019,"A. Martinez","Nebraska",41.232945932289,34.6134411318848,45.3259221829207,10.9651339060131,77.8170793329965,31.5816068721577,67.5593734209197,18.0394138453765,20.66700353714
"791",2019,"A. O'connell","Purdue",68.9236988377969,62.1020717534108,59.2723597776655,40.9802930773118,87.1147043961597,57.9585649317837,21.121778676099,88.7822132390096,89.2369883779687
"792",2019,"A. O'hara","Middle Tennessee",57.377463365336,62.0010106114199,43.2541687721071,76.6548762001011,34.4618494188984,55.9878726629611,95.5027791814047,50.3284487114704,38.3527033855483
"793",2019,"A. Russo","Temple",22.3345123799899,26.6801414855988,34.7145022738757,43.4057604850935,18.2920667003537,34.4618494188984,15.1591712986357,81.7584638706417,7.27640222334512
"794",2019,"A. Smith","Northwestern",7.68064679130874,2.52652854977261,4.74987367357251,12.5315816068722,0.909550277918136,5.60889338049519,2.12228398180899,54.4719555330975,47.043961596766
"795",2019,"B. Carpenter","Coastal Carolina",19.5048004042446,19.8079838302173,9.04497220818595,12.5821121778676,48.7620010106114,43.1025770591208,0.454775138959074,34.7145022738757,58.7165234967155
"796",2019,"B. Gabbert","Miami (OH)",12.9863567458312,16.2203132895402,37.3420919656392,21.6270843860536,18.8984335522991,18.0899444163719,7.12481051035877,25.6189994946943,12.2283981808994
"797",2019,"B. Hicks","Arkansas",3.68873168266801,4.59828196058616,47.9535118746842,32.8954017180394,1.21273370389086,13.7948458817585,22.8398180899444,33.3501768569985,84.8408287013643
"798",2019,"B. Lewerke","Michigan State",41.0813542193027,32.3395654370894,49.3683678625569,24.911571500758,48.3577564426478,31.9353208691258,62.1526023244063,78.1707933299646,1.41485598787267
"799",2019,"B. Nix","Auburn",45.2248610409298,36.0788276907529,38.4537645275392,53.2592218292067,22.233451237999,47.6503284487115,33.6533602829712,74.7347145022739,33.855482566953
"800",2019,"B. Perkins","Virginia",61.7988883274381,47.5492673067206,25.6695300656897,34.8155634158666,68.0646791308742,57.2511369378474,86.6599292572006,24.9621020717534,5.91207680646791
"801",2019,"B. Peters","Illinois",30.899444163719,24.6083880747852,25.366346639717,55.7857503789793,9.44921677614957,16.1192521475493,71.955533097524,20.7175341081354,20.4143506821627
"802",2019,"B. Purdy","Iowa State",79.2824658918646,62.8094997473472,85.0682162708439,84.2344618494189,24.9621020717534,89.8433552299141,1.51591712986356,87.1147043961597,6.5689742294088
"803",2019,"B. White","Memphis",69.7321879737241,84.5881758463871,91.2834765032845,81.455280444669,79.0803436078828,94.2395149065184,32.1374431531076,46.3870641738252,2.42546740778171
"804",2019,"C. Brewer","Baylor",53.0065689742294,52.5012632642749,52.1728145528044,72.966144517433,24.1030823648307,64.0727640222335,66.3466397170288,26.478019201617,54.7246083880748
"805",2019,"C. Cordeiro","Hawai'i",89.5401718039414,80.1920161697827,41.1318847902981,61.1419909044972,94.6942900454775,49.6210207175341,76.3516927741283,53.0065689742294,79.6361798888327
"806",2019,"C. Evans","UL Monroe",59.8281960586155,80.5962607377463,72.2081859525013,76.5032844871147,76.0990399191511,72.511369378474,98.6356745831228,81.0763011622031,19.3532086912582
"807",2019,"C. Garbers","California",44.6690247599798,71.7028802425467,75.9474482061647,74.5325922182921,60.5861546235472,70.6922688226377,54.8762001010611,10.6872157655381,81.0510358767054
"808",2019,"C. Johnson","South Alabama",1.26326427488631,4.24456796361798,3.73926225366347,7.57958564931783,7.88276907529055,5.5078322385043,31.733198585144,22.9661445174331,56.9479535118747
"809",2019,"C. Mcdonald","Hawai'i",93.4815563415867,79.2824658918646,89.3380495199596,73.3703890853967,82.9206670035371,93.077311773623,78.7266296109146,83.8302172814553,0.353713996968164
"810",2019,"C. Reynolds","Charlotte",71.1975745325922,73.6230419403739,86.5083375442143,57.3016675088428,85.2450732693279,73.6230419403739,88.5800909550278,50.8842849924204,4.19403739262254
"811",2019,"C. Robison","Florida Atlantic",36.4325416877211,51.4401212733704,54.4972208185953,41.0813542193027,64.9823143001516,82.9206670035371,0.353713996968164,62.7589691763517,44.2647801920162
"812",2019,"C. Stanley","Kansas",37.4431531076301,48.155634158666,32.1121778676099,37.8473976755937,60.1313794845882,66.0434562910561,14.6033350176857,57.2764022233451,18.4941889843355
"813",2019,"C. Strong","Nevada",27.0843860535624,17.7362304194037,19.6563921172309,30.3688731682668,10.8135421930268,20.1616978271854,6.21526023244062,48.3577564426478,29.5098534613441
"814",2019,"C. Tune","Houston",13.1379484588176,40.8287013643254,38.2011116725619,41.7382516422436,42.4962102071753,37.4431531076301,60.7882769075291,7.07427993936331,40.6265790803436
"815",2019,"D. Brown","Oklahoma State",22.7134916624558,41.3340070742799,46.6397170288024,50.6821627084386,30.6215260232441,39.5149065184437,38.5548256695301,31.00050530571,96.8165740272865
"816",2019,"D. Crum","Kent State",78.3476503284487,86.3567458312279,35.8261748357756,55.078322385043,98.0798383021728,83.3249115715008,96.6144517433047,4.69934310257706,91.9656392117231
"817",2019,"D. Ellington","Georgia State",82.4153612935826,49.8231430015159,74.3052046488125,81.00050530571,13.188479029813,59.4239514906519,59.8281960586155,62.2536634663972,34.1081354219303
"818",2019,"D. Gabriel","UCF",42.6478019201617,68.0646791308742,68.7215765538151,66.9024759979788,66.1950480040424,85.0429509853461,23.5977766548762,60.2071753410814,26.1243052046488
"819",2019,"D. Grosel","Boston College",21.2228398180899,30.6215260232441,49.3178372915614,41.3340070742799,29.9646286003032,25.3158160687216,65.8413340070743,43.8605356240526,75.5432036382011
"820",2019,"D. Hammond","Air Force",94.744820616473,98.3324911571501,96.4123294593229,97.0186963112683,95.3511874684184,72.4103082364831,97.2208185952501,85.0682162708439,67.4077817079333
"821",2019,"D. Leary","NC State",8.79231935320869,22.8903486609399,35.1945426983325,7.12481051035877,63.1632137443153,29.055078322385,27.8928751894896,76.2506316321374,52.8044466902476
"822",2019,"D. Mills","Stanford",80.8489135927236,51.6422435573522,72.0060636685194,64.9823143001516,30.722587165235,61.899949469429,9.04497220818595,68.2415361293583,40.1718039413845
"823",2019,"D. Modster","California",6.46791308741789,9.90399191510864,2.72865083375442,1.76856998484083,56.8974229408792,6.77109651339061,79.6361798888327,2.12228398180899,85.1945426983325
"824",2019,"D. Moore","Central Michigan",21.0965133906013,31.8847902981304,62.2536634663972,24.355735219808,50.2273875694795,39.1611925214755,24.0020212228398,76.8822637695806,65.8918645780697
"825",2019,"D. Plitt","Ball State",61.4451743304699,59.9797877716018,66.8519454269833,70.0859019706923,41.9403739262254,77.766548762001,21.7281455280445,30.2930773117736,21.677614957049
"826",2019,"D. Ridder","Cincinnati",37.4431531076301,37.5947448206165,42.6983324911572,19.9595755432036,67.5088428499242,8.9944416371905,97.4734714502274,22.5366346639717,27.3370389085397
"827",2019,"D. Thompson-Robinson","UCLA",48.8883274381001,37.2915613946438,55.2299140980293,30.6215260232441,50.4295098534614,34.8660939868621,73.3703890853967,15.9929257200606,2.3244062657908
"828",2019,"D. Wade","Bowling Green",1.92016169782718,2.3244062657908,7.32693279434058,19.9090449722082,0.555836280949973,8.38807478524507,19.8079838302173,81.9100555836281,76.3011622031329
"829",2019,"E. Peters","Toledo",54.0424456796362,43.5573521980798,29.2319353208691,65.4876200101061,21.7281455280445,50.5305709954523,6.31632137443153,69.9343102577059,89.8433552299141
"830",2019,"E. Sindelar","Purdue",89.7928246589186,89.5401718039414,93.1278423446185,84.3860535624053,87.6200101061142,62.0515411824154,39.0601313794846,97.3471450227388,88.8832743810005
"831",2019,"F. Payton","Coastal Carolina",72.5366346639717,63.2642748863062,60.0050530570995,88.4284992420414,11.0156644770086,69.6816574027286,5.00252652854978,61.3946437594745,52.9055078322385
"832",2019,"G. Gunnell","Arizona",58.9186457806973,82.566953006569,63.5169277412835,75.4421424962102,84.2344618494189,63.011622031329,57.200606366852,15.1086407276402,99.7726124305205
"833",2019,"G. Jensen","Texas State",26.6296109146033,8.38807478524507,12.0262758969176,12.2283981808994,10.6619504800404,12.8852956038403,36.0788276907529,27.9181404749874,44.466902475998
"834",2019,"G. Loy","Bowling Green",10.8640727640222,10.1061141990905,11.3188479029813,21.5765538150581,8.43860535624053,5.76048509348156,59.0702374936837,81.2784234461849,36.6346639717029
"835",2019,"G. Shrader","Mississippi State",67.9636179888833,67.8120262758969,66.2961091460333,79.3835270338555,43.1531076301162,43.2036382011117,90.5507832238504,13.3400707427994,50.4295098534614
"836",2019,"H. Ahlers","East Carolina",48.5598787266296,68.7721071248105,71.1470439615968,69.5300656897423,61.899949469429,84.133400707428,68.9236988377969,81.7079332996463,21.3239009600808
"837",2019,"H. Bachmeier","Boise State",67.0035371399697,57.0490146538656,86.6346639717029,37.4431531076301,74.3304699343102,55.1288529560384,51.5411824153613,33.5522991409803,29.6614451743305
"838",2019,"H. Hooker","Virginia Tech",58.0090955027792,53.7645275391612,73.6230419403739,67.5088428499242,32.9964628600303,61.8494188984335,17.6856998484083,9.90399191510864,57.0490146538656
"839",2019,"H. Johnson","Northwestern",0.960080848913591,0.151591712986354,0.303183425972708,0.606366851945428,2.88024254674077,3.53713996968166,9.90399191510864,15.2349671551289,62.9610914603335
"840",2019,"H. Wolff","Old Dominion",22.5871652349672,7.63011622031329,21.3491662455786,2.12228398180899,51.4906518443658,16.6750884284992,39.6159676604346,71.9050025265285,77.4128347650328
"841",2019,"I. Book","Notre Dame",50.5305709954523,76.7054067710965,59.5755432036382,76.6043456291056,68.1657402728651,83.4765032844871,87.5694795351187,88.5295603840323,75.8463870641738
"842",2019,"I. Green","Marshall",9.44921677614957,18.9489641232946,11.9252147549267,20.3132895401718,25.4168772107125,13.188479029813,43.4562910560889,36.3314805457302,18.0394138453765
"843",2019,"J. Abraham","Southern Miss",42.6983324911572,52.3496715512885,81.5058110156645,29.3077311773623,76.8064679130874,59.6766043456291,72.0565942395149,64.7296614451743,0.454775138959074
"844",2019,"J. Adkins","New Mexico State",8.8933804951996,6.97321879737242,12.8347650328449,3.78979282465892,35.1692774128348,1.36432541687721,4.69934310257706,34.3102577059121,0.303183425972708
"845",2019,"J. Blackman","Florida State",19.4290045477514,21.7281455280445,38.100050530571,36.6851945426983,15.4118241536129,23.4461849418898,28.6508337544214,17.4583122789288,6.11419909044972
"846",2019,"J. Burrow","LSU",99.6968165740273,99.1409802930773,97.6250631632137,99.3936331480546,85.3966649823143,99.8989388580091,91.6119252147549,47.1450227387569,53.5624052551794
"847",2019,"J. Coan","Wisconsin",71.2481051035877,71.0965133906013,63.2390096008085,63.011622031329,72.7134916624558,79.9898938858009,48.6104092976251,63.9211723092471,43.4562910560889
"848",2019,"J. Daniels","Arizona State",36.3820111167256,61.2935826174836,59.1712986356746,75.6947953511875,36.7357251136938,68.4183931278424,74.7852450732693,14.7296614451743,81.455280444669
"849",2019,"J. Doege","West Virginia",14.6033350176857,43.9615967660435,67.7614957049015,40.1718039413845,50.9853461344113,45.5280444669025,20.2627589691764,55.9120768064679,95.5027791814047
"850",2019,"J. Duffey","Texas Tech",34.3102577059121,50.9853461344113,59.9292572006064,71.2986356745831,19.8079838302173,67.3067205659424,18.0394138453765,78.1202627589692,54.977261243052
"851",2019,"J. Eason","Washington",59.8787266296109,55.1288529560384,67.3067205659424,63.2137443153108,42.2940879231935,70.0353713996968,38.3527033855483,65.6897422940879,20.2627589691764
"852",2019,"J. Fields","Ohio State",95.3006568974229,93.9363314805457,95.199595755432,89.388580090955,95.8564931783729,97.1702880242547,78.7771601819101,21.5260232440627,45.477513895907
"853",2019,"J. Fromm","Georgia",40.0202122283982,49.3178372915614,63.4158665992926,34.5629105608893,63.3148054573017,68.5194542698332,7.7311773623042,81.5310763011622,49.1157150075796
"854",2019,"J. Graham","Georgia Tech",4.5477513895907,8.08489135927236,3.58767054067711,6.6700353713997,22.4355735219808,7.93329964628601,22.0818595250126,17.7867609903992,30.1162203132895
"855",2019,"J. Guarantano","Tennessee",59.1712986356746,63.1126831733199,89.4896412329459,56.7963617988883,65.6392117230925,68.0141485598787,30.722587165235,52.5012632642749,39.3633148054573
"856",2019,"J. Henderson","Boise State",60.4850934815563,74.9873673572511,69.3784739767559,67.2561899949469,73.2187973724103,59.0197069226882,56.9984840828701,77.4381000505306,90.1970692268823
"857",2019,"J. Herbert","Oregon",70.0353713996968,68.3173319858514,89.1611925214755,75.2400202122284,52.2991409802931,86.1040929762506,24.1030823648307,59.9797877716018,31.7837291561395
"858",2019,"J. Hurts","Oklahoma",98.0293077311774,97.4734714502274,96.7155128852956,95.7049014653866,95.5533097524002,97.8271854471955,99.0399191510864,42.9257200606367,5.25517938352703
"859",2019,"J. Jackson","Maryland",2.85497726124305,4.09297625063163,10.4092976250632,35.0682162708439,0.505305709954518,4.95199595755432,16.422435573522,4.80040424456797,68.1657402728651
"860",2019,"J. Langan","Rutgers",1.21273370389086,1.97069226882264,0.404244567963619,0.757958564931782,27.3370389085397,0.707427993936327,36.7357251136938,2.82971197574533,29.4087923193532
"861",2019,"J. Love","San José State",68.4689236988378,77.4633653360283,80.2425467407782,92.5214754926731,29.3077311773623,91.1571500757959,33.5522991409803,92.7741283476503,47.2966144517433
"862",2019,"J. Love","Utah State",40.2728650833754,32.1374431531076,56.644770085902,36.988377968671,31.1268317331986,44.466902475998,18.6963112683173,77.2359777665488,4.09297625063163
"863",2019,"J. Luton","Oregon State",62.0010106114199,70.4901465386559,77.210712481051,71.0459828196059,63.7190500252653,75.3410813542193,69.0247599797878,38.7569479535119,87.6705406771097
"864",2019,"J. Mccloud","South Florida",9.14603335017685,11.5209701869631,16.6750884284992,12.733703890854,19.4542698332491,3.08236483072258,84.2344618494189,1.66750884284993,39.1611925214755
"865",2019,"J. Mcmillan","Tulane",71.9050025265285,60.6366851945427,75.2905507832238,53.0570995452249,65.133906013138,43.8100050530571,96.9176351692774,17.3825164224356,14.0980293077312
"866",2019,"J. Morgan","Florida International",37.2915613946438,61.0914603335018,68.822637695806,63.9211723092471,52.5517938352703,70.5912076806468,39.7675593734209,89.2369883779687,67.3572511369378
"867",2019,"J. Newman","Wake Forest",47.4734714502274,56.5437089439111,52.9055078322385,30.9752400202122,80.9499747347145,79.88883274381,17.2309247094492,50.1010611419909,20.9701869631127
"868",2019,"J. Plumlee","Ole Miss",30.6215260232441,50.4800404244568,27.2865083375442,73.7241030823648,24.5073269327943,18.5952501263264,95.4522486104093,72.3850429509854,82.9711975745326
"869",2019,"J. Plummer","Purdue",33.1480545730167,26.3769580596261,18.5952501263264,11.2177867609904,64.4770085901971,32.844871147044,25.0126326427489,19.55533097524,41.6371905002527
"870",2019,"J. Reyna","Fresno State",54.8762001010611,42.7488630621526,47.1955533097524,48.3072258716523,38.2516422435573,58.0090955027792,29.9140980293077,45.8817584638706,21.9302678120263
"871",2019,"J. Wassink","Western Michigan",58.7165234967155,71.1975745325922,70.0606366851945,55.1793835270339,81.1015664477009,78.0192016169783,80.9499747347145,75.1894896412329,45.022738756948
"872",2019,"J. Williams","Miami",21.9807983830217,19.4037392622537,35.8767054067711,57.7059120768065,2.98130368873168,26.478019201617,7.88276907529055,4.57301667508843,54.8762001010611
"873",2019,"J. Zergiotis","UConn",6.92268822637696,8.23648307225872,16.422435573522,21.3239009600808,5.55836280949975,14.1485598787266,2.47599797877716,22.789287518949,12.6831733198585
"874",2019,"K. Barker","Troy",78.044466902476,71.8544719555331,77.0085901970692,67.2056594239515,71.8544719555331,85.3966649823143,73.0166750884285,53.8403233956544,18.2415361293583
"875",2019,"K. Bryant","Missouri",49.166245578575,38.5548256695301,31.3289540171804,54.3203638201112,22.4861040929763,44.3153107630116,49.4188984335523,38.4284992420414,55.8868115209702
"876",2019,"K. Costello","Stanford",20.11116725619,20.7175341081354,16.1950480040424,19.1510864072764,33.855482566953,29.8130368873168,23.6988377968671,71.6270843860536,89.3380495199596
"877",2019,"K. Locksley","UTEP",53.8403233956544,53.4613441131885,73.5725113693785,27.6402223345124,81.6574027286508,43.1531076301162,79.4845881758464,3.53713996968166,73.2693279434058
"878",2019,"K. Mond","Texas A&M",60.6872157655381,43.3046993431026,58.6154623547246,56.4426478019202,25.0631632137443,52.4507326932794,65.6392117230925,33.4007074279939,14.1990904497221
"879",2019,"K. Nelson","Akron",10.9398686205154,13.3400707427994,10.3082364830723,13.6937847397676,22.8903486609399,8.8933804951996,37.4936836786256,1.11167256189995,29.8635674583123
"880",2019,"K. Oblad","UNLV",14.2748863062153,23.2945932289035,27.9939363314806,55.533097524002,7.07427993936331,24.8105103587671,35.2198079838302,52.6275896917635,36.2304194037393
"881",2019,"K. Pickett","Pittsburgh",15.1086407276402,12.0768064679131,20.4648812531582,13.5421930267812,19.1510864072764,3.43607882769076,23.9009600808489,52.6275896917635,5.7099545224861
"882",2019,"K. Slovis","USC",97.7008590197069,91.9151086407276,83.5017685699848,92.8751894896412,81.6068721576554,96.2102071753411,33.855482566953,55.4573016675088,37.4936836786256
"883",2019,"K. Tate","Arizona",31.0257705912077,44.921677614957,28.322385042951,17.1803941384538,81.5058110156645,36.2304194037393,80.7983830217281,40.0202122283982,24.4062657908034
"884",2019,"K. Trask","Florida",85.8514401212734,69.7827185447196,84.0576048509348,78.5245073269328,48.6104092976251,81.8595250126326,38.9085396664982,50.277918140475,31.4805457301668
"885",2019,"K. Vantrease","Buffalo",71.5512885295604,64.8812531581607,63.6432541687721,44.3658413340071,79.1814047498737,54.7246083880748,50.9853461344113,98.8883274381,86.2051541182415
"886",2019,"L. Bonner","Arkansas State",20.11116725619,37.4431531076301,12.5821121778676,53.7139969681657,23.2945932289035,38.4537645275392,40.5760485093481,44.2900454775139,97.877716018191
"887",2019,"L. Hatcher","Arkansas State",48.3577564426478,76.1495704901465,86.6346639717029,53.966649823143,87.7716018191006,80.8489135927236,60.0808489135927,13.0874178878221,25.4168772107125
"888",2019,"L. Lewis","Louisiana",81.8595250126326,81.3036887316827,74.633653360283,71.2481051035877,87.5189489641233,89.2875189489641,58.4133400707428,84.3860535624053,34.2597271349166
"889",2019,"L. Narcisse","UTSA",19.3026781202628,21.3239009600808,43.0015159171299,27.5896917635169,22.789287518949,13.3906013137948,73.1177362304194,19.2016169782719,66.144517433047
"890",2019,"M. Corral","Ole Miss",65.8918645780697,58.7165234967155,85.0682162708439,67.1045982819606,44.466902475998,54.8762001010611,47.4482061647297,41.3845376452754,82.4153612935826
"891",2019,"M. Cunningham","Louisville",65.9423951490652,87.5189489641233,85.0682162708439,61.344113188479,94.4921677614957,80.9499747347145,69.6816574027286,1.76856998484083,52.3496715512885
"892",2019,"M. Duggan","TCU",34.8660939868621,30.5709954522486,44.8458817584639,16.8772107124811,61.3946437594745,6.06366851945427,96.2102071753411,30.7983830217281,26.2253663466397
"893",2019,"M. Fine","North Texas",35.5735219807984,48.2061647296615,35.9272359777665,40.4749873673573,55.9373420919656,72.7134916624558,2.52652854977261,51.844365841334,27.2359777665488
"894",2019,"M. Glass","Eastern Michigan",88.2516422435573,74.0272865083375,68.266801414856,83.3249115715008,48.9135927235978,87.8726629610915,56.5942395149065,86.1040929762506,26.8317331985851
"895",2019,"M. Guadagni","Toledo",81.8089944416372,85.4471955533098,91.5613946437595,73.4714502273876,87.5694795351187,56.6953006568974,80.1414855987873,24.8357756442648,88.4284992420414
"896",2019,"M. Jones","Alabama",89.4896412329459,87.9737241030824,97.4482061647297,99.2420414350682,12.7842344618494,63.9211723092471,53.5624052551794,98.3577564426478,77.0591207680647
"897",2019,"M. Mckay","NC State",42.4456796361799,22.4861040929763,36.3820111167256,52.956038403234,5.10358767054068,28.8024254674078,35.7251136937847,96.7155128852956,98.9388580090955
"898",2019,"M. Myers","Buffalo",17.3319858514401,10.7124810510359,45.2248610409298,28.9540171803941,7.22587165234967,15.5128852956038,59.6260737746336,55.9120768064679,72.9156139464376
"899",2019,"M. Penix","Indiana",96.5133906013138,87.1147043961597,76.0990399191511,87.0136432541688,81.0510358767054,67.6604345629106,50.6821627084386,99.7978777160182,81.3036887316827
"900",2019,"N. Rourke","Ohio",88.2516422435573,80.7983830217281,92.9257200606367,87.7210712481051,53.966649823143,71.2481051035877,98.1808994441637,46.7660434562911,9.65133906013138
"901",2019,"N. Stanley","Iowa",47.5492673067206,47.3976755937342,62.4052551793835,39.0601313794846,54.6740778170793,51.0358767054068,73.8251642243557,57.099545224861,46.4375947448206
"902",2019,"N. Starkel","Arkansas",21.0965133906013,13.4916624557857,45.5785750378979,20.8691258211218,12.9863567458312,23.1935320869126,18.4436584133401,97.6250631632137,45.4269833249116
"903",2019,"P. O'brien","Colorado State",46.3365336028297,48.3577564426478,54.0171803941384,61.7483577564427,32.9459322890349,65.133906013138,11.4704396159677,40.5760485093481,24.3052046488125
"904",2019,"P. Ramsey","Indiana",79.7372410308236,75.8969176351693,72.8650833754421,48.8125315816069,92.8751894896412,73.0672056594239,83.7291561394644,27.2359777665488,64.9823143001516
"905",2019,"Q. Dormady","Central Michigan",54.1687721071248,34.4618494188984,42.9509853461344,42.799393633148,28.600303183426,52.2486104092976,4.14350682162708,71.1975745325922,15.310763011622
"906",2019,"Q. Harris","Duke",9.60080848913593,8.48913592723598,7.37746336533602,11.1672561899949,13.2895401718039,1.92016169782718,22.6882263769581,26.4274886306215,1.86963112683173
"907",2019,"R. Agnew","San Diego State",58.1606872157655,41.6877210712481,37.9484588175846,47.043961596766,38.5548256695301,49.9242041435068,52.0464881253158,66.1697827185447,60.88933804952
"908",2019,"R. Bowers","Northern Illinois",24.1030823648307,22.4355735219808,41.3845376452754,19.4542698332491,36.2304194037393,33.2491157150076,7.37746336533602,63.3653360282971,32.1879737241031
"909",2019,"R. Hilinski","South Carolina",24.8863062152602,8.94391106619504,15.1591712986357,19.7069226882264,8.03436078827691,4.49722081859525,8.08489135927236,74.9368367862557,20.2122283981809
"910",2019,"R. Neal","Vanderbilt",7.27640222334512,5.96260737746337,3.3855482566953,5.55836280949975,17.2309247094492,3.99191510864073,29.055078322385,33.4512379989894,53.0065689742294
"911",2019,"R. West","Massachusetts",18.6963112683173,25.5684689236988,27.1854471955533,24.1030823648307,35.421930267812,30.2172814552804,40.7276402223345,73.0419403739262,65.032844871147
"912",2019,"R. Willis","Virginia Tech",66.7508842849924,62.4052551793835,82.2637695805963,7.17534108135421,98.2819605861546,53.3602829711976,32.1879737241031,19.7574532592218,57.6048509348156
"913",2019,"S. Buechele","SMU",59.0197069226882,83.577564426478,74.4315310763012,73.8251642243557,84.689236988378,95.199595755432,40.2728650833754,88.0495199595755,38.8580090955028
"914",2019,"S. Calvert","Liberty",59.2976250631632,69.0752905507832,86.4578069732188,89.5401718039414,23.9514906518444,88.7316826680141,2.57705912076807,49.6715512885296,47.7513895907024
"915",2019,"S. Chambers","Wyoming",53.3097524002021,86.9125821121779,88.5295603840323,67.6099039919151,87.0641738251642,41.5361293582618,95.5533097524002,37.8979282465892,94.0373926225366
"916",2019,"S. Clifford","Penn State",39.8686205154118,64.578069732188,69.277412834765,66.5487620010106,57.9585649317837,70.7933299646286,74.2799393633148,36.1798888327438,75.1894896412329
"917",2019,"S. Duncan","Western Kentucky",19.1510864072764,20.3132895401718,28.7771601819101,59.1207680646791,5.96260737746337,32.6427488630622,20.2122283981809,97.5240020212228,88.4790298130369
"918",2019,"S. Ehlinger","Texas",78.1202627589692,80.0909550277918,65.2349671551289,81.9605861546236,69.7827185447196,90.6013137948459,92.066700353714,32.2385042950985,39.0601313794846
"919",2019,"S. Howell","North Carolina",69.0247599797878,82.7690752905508,78.5245073269328,75.0378979282466,84.2849924204144,93.5826174835776,40.22233451238,22.1323900960081,31.2784234461849
"920",2019,"S. Montez","Colorado",55.255179383527,46.3365336028297,32.289034866094,60.9398686205154,30.0656897422941,50.4295098534614,69.8837796867105,67.0288024254674,46.6902475997979
"921",2019,"S. Patterson","Michigan",52.400202122284,46.5386558868115,55.7857503789793,53.410813542193,37.7463365336028,60.3840323395654,42.7488630621526,44.5679636179889,27.6907529055078
"922",2019,"S. Sanders","Oklahoma State",67.1045982819606,45.2753916119252,22.1576553815058,44.7195553309752,46.6902475997979,49.0146538655887,63.1126831733199,40.9802930773118,6.92268822637696
"923",2019,"S. Smartt","Old Dominion",7.07427993936331,3.63820111167256,6.44264780192016,1.1622031328954,37.0389085396665,1.11167256189995,73.4714502273876,0.454775138959074,40.2728650833754
"924",2019,"S. Smith","Kentucky",4.44669024759979,8.28701364325417,11.2683173319859,8.84284992420414,18.544719555331,16.8772107124811,35.8261748357756,46.5133906013138,71.0965133906013
"925",2019,"S. Thompson","Kansas State",68.2162708438605,68.4689236988378,80.7983830217281,55.4320363820111,72.3092470944922,58.9691763516928,92.4204143506822,23.4967155128853,62.6579080343608
"926",2019,"S. Werts","Georgia Southern",3.58767054067711,16.0687215765538,7.78170793329964,33.4512379989894,8.59019706922688,8.13542193026782,73.8756947953512,0.151591712986354,96.4123294593229
"927",2019,"T. Devito","Syracuse",15.866599292572,24.7599797877716,18.544719555331,30.8741788782213,25.922182920667,22.233451237999,47.3471450227388,3.08236483072258,82.0616472966145
"928",2019,"T. Huntley","Utah",94.5932289034866,85.3966649823143,84.5881758463871,80.2930773117736,81.8089944416372,91.5613946437595,28.1455280444669,26.6296109146033,51.3390601313795
"929",2019,"T. Johnston","UAB",48.4082870136433,19.9090449722082,64.5275391611925,32.844871147044,13.2390096008085,34.0070742799394,1.92016169782718,56.1899949469429,1.46538655886812
"930",2019,"T. Lawrence","Clemson",86.3062152602324,90.955027791814,88.933804951996,95.199595755432,59.8787266296109,91.2582112177868,96.766043456291,78.2718544719555,64.8307225871652
"931",2019,"T. Morgan","Minnesota",90.8539666498231,96.7155128852956,99.2420414350682,96.9681657402729,86.8620515411824,97.2713491662456,16.3213744315311,14.5022738756948,25.922182920667
"932",2019,"T. Pigrome","Maryland",4.49722081859525,0.909550277918136,3.33501768569985,1.31379484588175,4.85093481556341,4.90146538655887,17.5341081354219,20.3132895401718,37.0389085396665
"933",2019,"T. Stevens","Mississippi State",63.9717028802425,41.8898433552299,54.1940373926225,49.6210207175341,32.3395654370894,23.6988377968671,85.8514401212734,12.4810510358767,67.9130874178878
"934",2019,"T. Stewart","Rice",36.1798888327438,25.0631632137443,32.2132390096008,61.2430520464881,10.2577059120768,44.2142496210207,2.67812026275897,4.04244567963618,83.7796867104598
"935",2019,"T. Storey","Western Kentucky",70.9196563921172,64.0727640222335,62.1020717534108,63.9717028802425,60.7882769075291,71.8544719555331,75.2905507832238,60.3840323395654,64.9317837291561
"936",2019,"T. Tagovailoa","Alabama",96.6144517433047,99.9494694290046,99.8484082870136,99.0399191510864,99.8484082870136,98.4840828701364,38.7569479535119,83.7038908539667,83.021728145528
"937",2019,"T. Tuioti","New Mexico",34.2344618494189,27.9434057604851,41.2076806467913,39.11066195048,22.8398180899444,22.0818595250126,67.9636179888833,58.0090955027792,58.5649317837292
"938",2019,"T. Vitt","Texas State",12.9358261748358,7.7311773623042,12.177867609904,13.7948458817585,8.23648307225872,6.21526023244062,40.4244567963618,45.3764527539161,14.5528044466902
"939",2019,"W. Green","Rice",5.63415866599293,3.13289540171804,26.5790803436079,1.71803941384537,19.8585144012127,17.6351692774128,1.26326427488631,45.5533097524002,52.1980798383022
"940",2019,"Z. Smith","Tulsa",26.4274886306215,33.6533602829712,50.6821627084386,19.6563921172309,58.6154623547246,56.2910560889338,1.81910055583628,16.5740272865083,1.92016169782718
"941",2019,"Z. Thomas","App State",78.7266296109146,80.7478524507327,82.9711975745326,78.4234461849419,73.1177362304194,79.3835270338555,93.6836786255685,67.5341081354219,45.9828196058616
"942",2019,"Z. Wilson","BYU",65.0581101566448,37.0894391106619,57.2764022233451,60.0808489135927,15.4623547246084,41.5866599292572,49.8231430015159,61.6472966144517,40.0707427993936
"943",2020,"A. Allen","Louisiana Tech",12.4810510358767,1.46538655886812,1.6422435573522,0,70.8438605356241,9.09550277918141,19.6058615462355,68.2415361293583,43.4057604850935
"944",2020,"A. Aune","North Texas",63.9211723092471,90.9044972208186,87.8726629610915,92.7741283476503,74.5325922182921,76.8569984840829,43.8605356240526,87.3673572511369,64.5275391611925
"945",2020,"A. Bowman","Texas Tech",74.1030823648307,42.5972713491662,61.4957049014654,68.9236988377969,9.85346134411319,45.1743304699343,39.7170288024255,99.4946942900455,41.4350682162708
"946",2020,"A. Martinez","Nebraska",89.9949469429005,62.1526023244063,47.1197574532592,82.566953006569,27.2359777665488,35.1187468418393,86.1546235472461,45.8312278928752,88.0747852450733
"947",2020,"A. O'connell","Purdue",40.6771096513391,48.5093481556342,36.6599292572006,76.0485093481556,16.0181910055584,49.0651844365841,19.1510864072764,41.1824153612936,93.2289034866094
"948",2020,"A. O'hara","Middle Tennessee",61.2935826174836,28.9034866093987,14.5528044466902,28.1960586154623,36.8367862556847,18.2415361293583,76.6548762001011,34.5629105608893,28.1455280444669
"949",2020,"A. Russo","Temple",85.2956038403234,65.7402728650834,91.7129863567458,53.8655886811521,73.0166750884285,50.3284487114704,53.6129358261748,91.232945932289,70.5406771096513
"950",2020,"B. Armstrong","Virginia",58.4386053562405,61.1925214754927,52.1728145528044,53.0065689742294,70.7427993936331,42.4962102071753,94.3911066195048,35.9019706922688,30.2172814552804
"951",2020,"B. Hockman","NC State",40.8792319353209,47.9029813036887,87.1652349671551,34.2091965639212,67.3067205659424,57.200606366852,25.7200606366852,16.2203132895402,24.6589186457807
"952",2020,"B. Lucero","UAB",17.7362304194037,4.39615967660435,53.7897928246589,1.41485598787267,33.9060131379485,15.4623547246084,12.1273370389085,98.433552299141,14.6033350176857
"953",2020,"B. Mcbride","Texas State",13.9464375947448,17.988883274381,19.9595755432036,38.7064173825164,6.6700353713997,33.8049519959576,0.505305709954518,52.8044466902476,48.6609398686205
"954",2020,"B. Nix","Auburn",55.7099545224861,50.3284487114704,44.6942900454775,59.8787266296109,37.3926225366347,40.9802930773118,89.388580090955,54.0171803941384,67.7614957049015
"955",2020,"B. Purdy","Iowa State",85.7251136937847,71.4502273875695,88.2263769580596,82.0616472966145,48.3072258716523,71.2986356745831,82.9711975745326,92.5720060636685,50.7832238504295
"956",2020,"B. White","Memphis",57.3016675088428,71.6018191005558,75.1642243557352,47.3976755937342,84.9924204143507,82.2132390096008,71.8039413845377,67.5341081354219,5.86154623547246
"957",2020,"C. Baker","San Diego State",5.48256695300657,3.3855482566953,31.733198585144,17.6856998484083,0.757958564931782,21.121778676099,3.4866093986862,42.2435573521981,89.7422940879232
"958",2020,"C. Bazelak","Missouri",73.1177362304194,73.8756947953512,69.6311268317332,62.8094997473472,77.7160181910056,75.1389590702375,45.2248610409298,80.7478524507327,77.6654876200101
"959",2020,"C. Brewer","Baylor",12.4305204648813,18.0899444163719,6.16472966144518,9.85346134411319,42.5972713491662,8.48913592723598,64.5275391611925,18.9236988377969,60.9903991915109
"960",2020,"C. Brice","Duke",26.478019201617,7.17534108135421,30.1162203132895,10.3082364830723,11.2683173319859,3.68873168266801,19.8585144012127,9.70186963112684,1.21273370389086
"961",2020,"C. Brown","Georgia State",32.6427488630622,40.4749873673573,51.7180394138454,31.4805457301668,53.7139969681657,54.2698332491157,18.544719555331,79.6867104598282,9.24709449216776
"962",2020,"C. Cordeiro","Hawai'i",33.0975240020212,57.4027286508338,30.1920161697827,56.1899949469429,54.5730166750884,42.5972713491662,93.4815563415867,16.0687215765538,43.6584133400707
"963",2020,"C. Garbers","California",25.2147549267307,22.5366346639717,8.36280949974735,11.3188479029813,50.277918140475,19.2016169782719,68.3173319858514,7.57958564931783,90.7529055078322
"964",2020,"C. Hill","South Carolina",13.744315310763,20.5659423951491,44.4416371905003,13.8959070237494,39.66649823143,21.8797372410308,43.5573521980798,10.2071753410814,55.1793835270339
"965",2020,"C. Reynolds","Charlotte",16.9277412834765,27.8928751894896,20.11116725619,54.1182415361294,13.1379484588176,42.1930267812026,7.02374936836786,16.422435573522,90.2981303688732
"966",2020,"C. Strong","Nevada",56.1899949469429,66.9530065689742,62.455785750379,57.8575037897928,77.2612430520465,77.8676099039919,32.2385042950985,57.7817079332996,59.3734209196564
"967",2020,"C. Suits","UL Monroe",15.8160687215765,24.911571500758,38.2516422435573,19.8585144012127,40.4749873673573,33.4007074279939,18.5952501263264,50.1010611419909,32.5922182920667
"968",2020,"C. Tune","Houston",64.4264780192016,62.5568468923699,90.2981303688732,59.4744820616473,62.0010106114199,51.3390601313795,88.4284992420414,58.767054067711,12.5821121778676
"969",2020,"D. Crum","Kent State",99.4946942900455,99.8484082870136,97.4482061647297,98.9388580090955,99.8989388580091,83.8807478524507,77.210712481051,93.4815563415867,92.3193532086913
"970",2020,"D. Gabriel","UCF",74.355735219808,86.7104598281961,70.0606366851945,90.0960080848914,69.1763516927741,93.3804951995958,64.8812531581607,64.8812531581607,76.8569984840829
"971",2020,"D. Leary","NC State",53.7139969681657,81.1015664477009,83.021728145528,45.9828196058616,95.5027791814047,57.3521980798383,41.4855987872663,46.7660434562911,92.4204143506822
"972",2020,"D. Mills","Stanford",90.1970692268823,78.3729156139464,40.2728650833754,51.5917129863567,91.7129863567458,62.7084386053562,34.8660939868621,61.5462354724608,99.7726124305205
"973",2020,"D. Morris","Washington",69.1763516927741,97.5240020212228,71.8292066700354,87.266296109146,96.6144517433047,68.266801414856,56.088933804952,99.3431025770591,94.188984335523
"974",2020,"D. Plitt","Ball State",87.3926225366347,67.0035371399697,77.7160181910056,54.977261243052,73.7241030823648,53.9161192521475,72.1576553815058,15.8160687215765,80.1414855987873
"975",2020,"D. Richardson","Central Michigan",29.6867104598282,37.7463365336028,7.52905507832239,64.578069732188,14.8054573016675,42.0414350682163,20.4648812531582,40.3739262253663,96.311268317332
"976",2020,"D. Ridder","Cincinnati",91.5613946437595,90.8034360788277,85.6493178372916,95.0985346134411,61.0409297625063,79.7372410308236,91.8140474987367,53.8403233956544,55.9878726629611
"977",2020,"D. Thompson-Robinson","UCLA",84.1839312784235,92.2182920667004,90.4497220818595,81.8595250126326,95.6038403233956,65.8918645780697,70.4396159676604,58.8681152097019,72.2587165234967
"978",2020,"D. Trotter","South Alabama",16.7256189994947,19.9595755432036,36.4830722587165,8.28701364325417,49.3683678625569,27.8423446184942,8.28701364325417,3.43607882769076,59.1712986356746
"979",2020,"D.J. Uiagalelei","Clemson",41.4350682162708,89.6917635169277,74.8863062152602,84.5881758463871,84.9418898433552,64.2748863062153,43.5068216270844,99.5452248610409,98.4840828701364
"980",2020,"E. Peters","Toledo",92.3193532086913,92.8751894896412,98.8377968671046,82.2637695805963,94.5426983324912,75.9979787771602,13.2895401718039,62.5568468923699,92.2182920667004
"981",2020,"F. Franks","Arkansas",67.8120262758969,62.9105608893381,76.3516927741283,71.6018191005558,46.4375947448206,73.5725113693785,19.9595755432036,3.66346639717029,52.1475492673067
"982",2020,"F. Harris","UTSA",50.0757958564932,46.8418393127842,81.455280444669,56.4931783729156,35.2198079838302,26.0232440626579,89.5401718039414,74.2294087923193,41.4855987872663
"983",2020,"G. Hardison","UTEP",13.5927235977767,48.4588175846387,58.3628094997473,11.5209701869631,88.377968671046,55.4320363820111,12.9863567458312,79.8635674583123,76.1495704901465
"984",2020,"G. Mccall","Coastal Carolina",98.5851440121273,96.9681657402729,99.3936331480546,97.5745325922183,83.6280949974735,96.1091460333502,51.288529560384,75.0126326427489,45.7301667508843
"985",2020,"G. Mertz","Wisconsin",34.6134411318848,18.0394138453765,19.7574532592218,42.5972713491662,9.19656392117231,15.9171298635675,62.6579080343608,47.8524507326933,60.0808489135927
"986",2020,"G. Watson","Troy",67.2056594239515,45.1237998989389,52.6275896917635,24.4567963617989,75.2905507832238,58.1101566447701,15.4623547246084,76.5285497726124,33.5522991409803
"987",2020,"G. Wells","Marshall",58.0596260737746,53.0570995452249,62.9358261748358,66.5992925720061,30.9247094492168,51.9959575543204,59.4239514906519,75.0126326427489,58.767054067711
"988",2020,"H. Ahlers","East Carolina",39.388580090955,11.8746841839313,19.8585144012127,27.7918140474987,7.47852450732693,11.8746841839313,30.1162203132895,28.4739767559373,13.8959070237494
"989",2020,"H. Bachmeier","Boise State",88.2516422435573,75.4926730672057,49.1157150075796,38.3527033855483,88.0747852450733,55.533097524002,39.3633148054573,39.8180899444164,97.8271854471955
"990",2020,"H. Colombi","Texas Tech",26.5538150581102,26.1748357756443,6.21526023244062,32.1879737241031,25.7200606366852,24.5578575037898,58.767054067711,21.8292066700354,78.5245073269328
"991",2020,"H. Hooker","Virginia Tech",75.1389590702375,68.1657402728651,51.1369378473977,96.867104598282,3.63820111167256,64.9317837291561,53.3097524002021,9.14603335017685,79.7372410308236
"992",2020,"I. Book","Notre Dame",81.3036887316827,82.9206670035371,71.2481051035877,73.8756947953512,85.7503789792825,84.2849924204144,84.1839312784235,54.4214249621021,59.8281960586155
"993",2020,"J. Abraham","Southern Miss",31.1268317331986,40.4244567963618,62.6326427488631,59.6260737746336,25.2652854977261,43.5068216270844,28.4992420414351,41.4855987872663,68.822637695806
"994",2020,"J. Bean","North Texas",56.0384032339565,88.2769075290551,92.5214754926731,77.4128347650328,91.8140474987367,61.344113188479,80.0909550277918,27.8170793329965,71.8039413845377
"995",2020,"J. Bentley","Utah",76.755937342092,46.589186457807,15.866599292572,82.4658918645781,13.5421930267812,37.7968671045983,55.533097524002,62.0262758969176,83.2238504295099
"996",2020,"J. Daniels","Georgia",40.9802930773118,87.0641738251642,60.1819100555836,62.5063163213744,97.0692268822638,63.0621526023244,31.2026275896918,22.6376958059626,91.2076806467913
"997",2020,"J. Daniels","Kansas",0.656897422940883,1.66750884284993,0.63163213744315,2.3244062657908,6.87215765538151,1.97069226882264,50.5811015664477,0.909550277918136,81.1015664477009
"998",2020,"J. Doege","West Virginia",45.1237998989389,40.5760485093481,49.44416371905,30.166750884285,58.3122789287519,47.1955533097524,52.1980798383022,66.1697827185447,31.5816068721577
"999",2020,"J. Fields","Ohio State",99.5957554320364,98.5851440121273,99.8989388580091,97.9787771601819,93.8352703385548,87.4178878221324,90.8034360788277,16.9024759979788,78.4739767559373
"1000",2020,"J. Free","Troy",41.4350682162708,18.8984335522991,49.8231430015159,21.4249621020718,23.7493683678626,25.8211217786761,35.7756442647802,52.0212228398181,64.578069732188
"1001",2020,"J. Guarantano","Tennessee",67.710965133906,32.5416877210712,71.3491662455786,43.7089439110662,28.4992420414351,22.1829206670035,75.1894896412329,16.8266801414856,70.1869631126832
"1002",2020,"J. Haener","Fresno State",66.8014148559879,71.399696816574,62.8600303183426,59.9292572006064,80.0404244567964,66.2455785750379,62.455785750379,9.47448206164729,58.4133400707428
"1003",2020,"J. Hunt","UL Monroe",2.42546740778171,7.27640222334512,23.244062657908,6.51844365841334,20.2627589691764,20.3638201111673,11.5209701869631,26.2758969176352,81.8089944416372
"1004",2020,"J. Laura","Washington State",44.7700859019707,22.1829206670035,20.9954522486104,9.09550277918141,73.7746336533603,30.6215260232441,33.9060131379485,68.6457806973219,83.9818089944416
"1005",2020,"J. Mccloud","South Florida",33.6533602829712,30.5204648812532,91.7129863567458,64.1738251642244,7.02374936836786,29.5098534613441,55.9373420919656,9.09550277918141,87.7210712481051
"1006",2020,"J. Milton","Michigan",33.4007074279939,37.1905002526529,60.8388074785245,44.8206164729661,32.5416877210712,48.5598787266296,8.8933804951996,56.4679130874179,76.5032844871147
"1007",2020,"J. Plummer","Purdue",47.8524507326933,77.0085901970692,39.7675593734209,86.9125821121779,43.5068216270844,60.2324406265791,25.8211217786761,94.8206164729662,96.766043456291
"1008",2020,"J. Sims","Georgia Tech",49.4694290045477,16.422435573522,67.8120262758969,8.43860535624053,45.6796361798888,6.01313794845881,75.5937342091966,20.0101061141991,0.808489135927237
"1009",2020,"J. Travis","Florida State",52.7033855482567,59.0197069226882,25.9727134916625,55.2299140980293,59.7271349166246,29.0045477513896,91.0560889338049,16.6245578575038,78.3729156139464
"1010",2020,"K. Costello","Mississippi State",5.93734209196564,1.61697827185447,1.01061141990905,0.909550277918136,18.8479029813037,2.98130368873168,14.1990904497221,42.1930267812026,13.0368873168267
"1011",2020,"K. Eleby","Western Michigan",88.2516422435573,98.3830217281455,87.266296109146,98.8883274381,87.4178878221324,86.9631126831733,26.8317331985851,73.0419403739262,91.3592723597777
"1012",2020,"K. Mond","Texas A&M",60.7882769075291,69.7321879737241,79.7877716018191,78.8276907529055,49.2673067205659,81.7584638706417,9.14603335017685,96.4123294593229,37.5947448206165
"1013",2020,"K. Pickett","Pittsburgh",41.5866599292572,43.8100050530571,39.5654370894391,43.7594744820616,44.1131884790298,51.7433046993431,49.166245578575,60.33350176857,25.0631632137443
"1014",2020,"K. Seals","Vanderbilt",22.4861040929763,12.0262758969176,45.7301667508843,14.5022738756948,18.0899444163719,13.3400707427994,25.4168772107125,28.4739767559373,17.5341081354219
"1015",2020,"K. Slovis","USC",67.3067205659424,86.5083375442143,95.3511874684184,60.6872157655381,96.5133906013138,75.7453259221829,46.6397170288024,65.6392117230925,89.1864578069732
"1016",2020,"K. Trask","Florida",97.5240020212228,93.5826174835776,97.3724103082365,93.3804951995958,86.9631126831733,98.1808994441637,16.0181910055584,82.2637695805963,12.4305204648813
"1017",2020,"K. Vantrease","Buffalo",97.3724103082365,96.6144517433047,91.2834765032845,93.5826174835776,95.1490651844366,65.3360282971198,58.3628094997473,99.9242041435068,97.1702880242547
"1018",2020,"L. Anthony","Louisiana Tech",21.9302678120263,28.7518948964123,24.7599797877716,17.5846387064174,58.5649317837292,25.6695300656897,60.4345629105609,12.2536634663972,59.77766548762
"1019",2020,"L. Bonner","Arkansas State",51.1874684183931,58.0596260737746,93.4815563415867,64.3759474482062,44.8711470439616,70.6417382516422,4.6488125315816,73.8251642243557,66.0434562910561
"1020",2020,"L. Hatcher","Arkansas State",38.6053562405255,93.5320869125821,86.9125821121779,99.3431025770591,34.1081354219303,87.6705406771097,12.5315816068722,42.7488630621526,85.8514401212734
"1021",2020,"L. Lewis","Louisiana",77.4128347650328,79.9393633148055,48.4588175846387,74.8357756442648,79.33299646286,71.4502273875695,86.9125821121779,96.3365336028297,56.2405255179383
"1022",2020,"L. Williams","Wyoming",13.5421930267812,11.6725618999495,24.1030823648307,51.9959575543204,3.78979282465892,15.7655381505811,49.3683678625569,5.98787266296109,87.6200101061142
"1023",2020,"M. Brennan","LSU",56.6953006568974,56.7458312278929,62.0010106114199,97.6755937342092,0.151591712986354,52.6023244062658,19.6563921172309,41.1824153612936,93.2794340576048
"1024",2020,"M. Corral","Ole Miss",91.0055583628095,94.9469429004548,93.8352703385548,85.0429509853461,96.9681657402729,91.4098029307731,81.5563415866599,58.6659929257201,30.2678120262759
"1025",2020,"M. Cunningham","Louisville",77.210712481051,83.9818089944416,85.0682162708439,50.1768569984841,95.4017180394138,74.9368367862557,96.4628600303183,18.7973724103082,7.37746336533602
"1026",2020,"M. Duggan","TCU",20.11116725619,35.6745831227893,11.6978271854472,29.8635674583123,48.2566953006569,27.3370389085397,77.2612430520465,21.0207175341081,60.1819100555836
"1027",2020,"M. Gilliam","UNLV",24.5578575037898,23.5977766548762,33.4007074279939,4.85093481556341,75.9474482061647,12.2789287518949,85.0429509853461,2.88024254674077,63.2642748863062
"1028",2020,"M. Jones","Alabama",99.8989388580091,99.7473471450227,99.2925720060637,99.8989388580091,78.9287518948964,99.5957554320364,54.3203638201112,90.0454775138959,66.2455785750379
"1029",2020,"M. Kendrick","Kansas",3.81505811015664,5.811015664477,1.18746841839312,3.63820111167256,26.3264274886306,16.422435573522,13.744315310763,2.77918140474988,84.2849924204144
"1030",2020,"M. Mcdonald","Bowling Green",0.151591712986354,0.859019706922692,3.89085396664982,6.5689742294088,0.606366851945428,4.5477513895907,32.3900960080849,24.8357756442648,74.9873673572511
"1031",2020,"M. Penix","Indiana",36.811520970187,66.3466397170288,76.4022233451238,76.5538150581101,46.033350176857,58.5144012127337,60.2829711975745,88.8832743810005,76.9075290550783
"1032",2020,"M. Pratt","Tulane",47.7008590197069,50.1768569984841,66.9530065689742,72.1071248105104,20.9701869631127,48.4588175846387,72.6629610914603,3.58767054067711,74.9368367862557
"1033",2020,"M. Willis","Liberty",94.9974734714502,93.077311773623,94.2900454775139,81.4047498736736,97.8271854471955,76.1495704901465,99.1409802930773,34.6134411318848,33.9565437089439
"1034",2020,"N. Starkel","San José State",70.1869631126832,77.5138959070238,84.133400707428,72.2081859525013,74.4315310763012,71.5512885295604,15.2602324406266,96.9681657402729,59.5755432036382
"1035",2020,"N. Tronti","Florida Atlantic",5.55836280949975,7.93329964628601,6.26579080343608,1.81910055583628,45.8817584638706,24.3052046488125,0.960080848913591,33.8302172814553,90.4497220818595
"1036",2020,"N. Vedral","Rutgers",10.3587670540677,7.57958564931783,9.55027791814047,13.1379484588176,9.80293077311774,5.65942395149065,50.277918140475,38.9590702374937,37.4431531076301
"1037",2020,"P. Hutchinson","Eastern Michigan",88.8832743810005,84.4871147043962,82.6174835775644,61.0409297625063,94.744820616473,77.3117736230419,66.4982314300152,31.6321374431531,66.4477008590197
"1038",2020,"P. Jurkovec","Boston College",77.4633653360283,67.155128852956,64.3254168772107,60.3840323395654,71.7534108135422,69.4795351187469,68.4689236988378,69.6563921172309,54.8256695300657
"1039",2020,"P. Ramsey","Northwestern",34.7145022738757,57.3016675088428,53.3602829711976,39.9696816574027,70.5912076806468,60.5861546235472,52.0970186963113,79.5351187468418,78.6255684689237
"1040",2020,"R. Bowers","Northern Illinois",28.0949974734715,14.2496210207175,18.8479029813037,35.4724608388075,7.8322385042951,25.4674077817079,7.42799393633148,50.1010611419909,62.7084386053562
"1041",2020,"R. Culpepper","Syracuse",0.404244567963619,1.51591712986356,1.26326427488631,0.555836280949973,23.1935320869126,4.80040424456797,3.43607882769076,71.0712481051036,23.0924709449217
"1042",2020,"R. Lombardi","Michigan State",9.22182920667004,18.99949469429,32.9711975745326,5.10358767054068,62.455785750379,28.8529560384032,20.3132895401718,82.0363820111167,32.6932794340576
"1043",2020,"S. Bennett","Georgia",39.0348660939869,40.22233451238,74.6841839312784,24.0525517938353,61.7483577564427,34.3102577059121,60.1819100555836,89.0348660939869,62.2536634663972
"1044",2020,"S. Buechele","SMU",59.77766548762,76.200101061142,77.9181404749874,52.7539161192522,87.3673572511369,82.3648307225872,69.833249115715,62.2031328954017,47.599797877716
"1045",2020,"S. Clifford","Penn State",53.410813542193,58.1101566447701,75.2400202122284,63.6685194542698,45.0732693279434,55.2299140980293,67.4077817079333,25.366346639717,25.5684689236988
"1046",2020,"S. Ehlinger","Texas",50.2273875694795,63.7695805962607,40.7276402223345,72.3092470944922,48.1051035876705,72.2081859525013,61.4451743304699,49.5452248610409,78.878221323901
"1047",2020,"S. Hartman","Wake Forest",42.3951490651844,65.3865588681152,84.4871147043962,45.2248610409298,77.9686710459828,77.5138959070238,7.22587165234967,17.1298635674583,61.9504800404245
"1048",2020,"S. Howell","North Carolina",81.7079332996463,91.7635169277413,93.3299646286003,94.1384537645275,72.2081859525013,94.4921677614957,71.5512885295604,14.9317837291561,48.3072258716523
"1049",2020,"S. Noyer","Colorado",29.2572006063669,18.4941889843355,66.6750884284992,2.67812026275897,77.3623041940374,17.1298635674583,61.0914603335018,82.3143001515917,28.3476503284487
"1050",2020,"S. Petras","Iowa",47.1450227387569,20.0606366851945,25.0631632137443,32.6427488630622,14.6033350176857,25.0631632137443,21.5765538150581,74.355735219808,60.3840323395654
"1051",2020,"S. Rattler","Oklahoma",91.4098029307731,89.7422940879232,97.5240020212228,88.1253158160687,83.4765032844871,92.3698837796867,7.52905507832239,34.7145022738757,69.6816574027286
"1052",2020,"S. Sanders","Oklahoma State",63.1632137443153,36.7357251136938,59.6766043456291,38.9085396664982,38.3021728145528,56.644770085902,2.77918140474988,40.1212733703891,26.6296109146033
"1053",2020,"S. Werts","Georgia Southern",38.4537645275392,22.6376958059626,22.789287518949,54.9267306720566,6.06366851945427,18.8479029813037,61.2430520464881,16.6750884284992,53.6129358261748
"1054",2020,"T. Finley","LSU",35.2450732693279,19.2016169782719,32.7438100050531,6.61950480040424,62.3547246083881,24.8610409297625,39.0096008084891,67.6856998484083,50.3789792824659
"1055",2020,"T. Gebbia","Oregon State",56.5437089439111,24.6589186457807,9.19656392117231,42.900454775139,14.5022738756948,26.0737746336534,54.522486104093,49.2673067205659,86.1546235472461
"1056",2020,"T. Lawrence","Clemson",94.0879231935321,90.2475997978777,93.0267812026276,93.8352703385548,67.9130874178878,90.955027791814,39.1611925214755,84.3355229914098,68.0141485598787
"1057",2020,"T. Morgan","Minnesota",59.9797877716018,71.9050025265285,74.3810005053057,71.8544719555331,65.5381505811016,58.6154623547246,44.7700859019707,46.6397170288024,86.9125821121779
"1058",2020,"T. Pigrome","Western Kentucky",26.1243052046488,21.7786760990399,24.2799393633148,30.4194037392623,21.0207175341081,12.0262758969176,72.6124305204649,46.2354724608388,86.5588681152097
"1059",2020,"T. Shough","Oregon",92.0161697827185,94.7953511874684,98.433552299141,91.2582112177868,94.9974734714502,77.2612430520465,70.1869631126832,54.2698332491157,65.7908034360788
"1060",2020,"T. Tagovailoa","Maryland",53.3097524002021,47.4482061647297,79.33299646286,46.4375947448206,47.8524507326933,39.8180899444164,51.9959575543204,32.7185447195553,70.4396159676604
"1061",2020,"T. Vitt","Texas State",54.5730166750884,35.3208691258211,77.6654876200101,34.4618494188984,41.6877210712481,29.2066700353714,64.1738251642244,28.1455280444669,62.4052551793835
"1062",2020,"T. Wilson","Kentucky",16.422435573522,9.39868620515412,7.22587165234967,24.8610409297625,5.40677109651338,7.98383021728145,29.2066700353714,67.2814552804447,59.6766043456291
"1063",2020,"W. Howard","Kansas State",13.4916624557857,14.3506821627084,39.9191510864073,12.0262758969176,29.1056088933805,24.9621020717534,6.6700353713997,85.5735219807984,33.4512379989894
"1064",2020,"W. Rogers","Mississippi State",28.1960586154623,13.9969681657403,5.76048509348156,15.1086407276402,22.7387569479535,7.88276907529055,62.7589691763517,56.644770085902,37.7968671045983
"1065",2020,"Z. Gibson","Akron",8.03436078827691,0.960080848913591,14.7043961596766,1.26326427488631,5.15411824153613,5.55836280949975,4.44669024759979,0.252652854977264,57.655381505811
"1066",2020,"Z. Smith","Tulsa",43.6584133400707,20.8185952501263,43.5573521980798,36.0788276907529,16.4729661445174,33.9060131379485,5.96260737746337,47.043961596766,24.7599797877716
"1067",2020,"Z. Thomas","App State",75.3158160687216,67.5088428499242,57.2764022233451,36.3314805457302,88.4284992420414,68.0646791308742,74.4820616472966,38.4284992420414,33.8049519959576
"1068",2020,"Z. Wilson","BYU",98.0798383021728,98.2819605861546,98.989388580091,98.3830217281455,92.1172309247094,97.1197574532592,80.1920161697827,89.0348660939869,76.9580596260738
"1069",2021,"A. Aune","North Texas",34.3607882769075,59.8281960586155,62.2031328954017,45.6796361798888,65.7908034360788,56.5942395149065,66.5487620010106,85.6493178372916,62.5568468923699
"1070",2021,"A. Brown","Oregon",75.644264780192,73.1682668014149,59.7524002021223,63.7695805962607,82.011116725619,78.6255684689237,91.7635169277413,58.4386053562405,16.0687215765538
"1071",2021,"A. Kendall","Louisiana Tech",62.5568468923699,77.2612430520465,70.8943911066195,73.6735725113694,72.0565942395149,73.4714502273876,55.078322385043,38.3021728145528,43.5068216270844
"1072",2021,"A. Martinez","Nebraska",76.3011622031329,90.8539666498231,69.4795351187469,95.5027791814047,62.1526023244063,84.4365841334007,96.4123294593229,18.544719555331,36.9378473976756
"1073",2021,"A. Marty","Northwestern",57.5290550783224,41.788782213239,22.5618999494694,33.5017685699848,55.078322385043,31.8342597271349,65.3865588681152,9.75240020212228,71.5512885295604
"1074",2021,"A. Mayer","Miami (OH)",58.2364830722587,77.9181404749874,90.1970692268823,91.4098029307731,42.1424962102072,58.4638706417383,44.5679636179889,78.7013643254169,97.0186963112683
"1075",2021,"A. O'connell","Purdue",93.077311773623,91.0560889338049,96.1091460333502,93.633148054573,71.9050025265285,95.3511874684184,44.0626579080344,80.0151591712986,10.8640727640222
"1076",2021,"A. Padilla","Iowa",2.37493683678626,8.69125821121779,0.707427993936327,7.47852450732693,21.677614957049,20.6164729661445,31.8342597271349,43.355229914098,97.7261243052046
"1077",2021,"A. Sitkowski","Illinois",24.7094492167761,23.6483072258717,5.40677109651338,27.4381000505306,28.1960586154623,17.9383527033856,72.4608388074785,46.6397170288024,94.0879231935321
"1078",2021,"B. Armstrong","Virginia",90.7023749368368,91.0055583628095,90.6265790803436,86.0030318342597,93.4815563415867,97.0186963112683,88.933804951996,51.7433046993431,17.6856998484083
"1079",2021,"B. Bryant","Eastern Michigan",65.3865588681152,65.4370894391107,57.0237493683679,54.6740778170793,75.5937342091966,81.4047498736736,46.1849418898434,16.4982314300152,75.6947953511875
"1080",2021,"B. Burmeister","Virginia Tech",57.1500757958565,70.2374936836786,54.2698332491157,87.0641738251642,36.5841334007074,59.7271349166246,88.1253158160687,11.4704396159677,84.5376452753916
"1081",2021,"B. Gabbert","Miami (OH)",71.3491662455786,92.2688226376958,82.3143001515917,98.433552299141,36.3314805457302,92.8246589186458,13.8453764527539,67.0288024254674,73.0672056594239
"1082",2021,"B. Lewis","Colorado",16.0181910055584,32.9964628600303,19.7069226882264,35.0176856998484,37.1905002526529,26.2253663466397,67.6099039919151,4.6488125315816,91.7635169277413
"1083",2021,"B. Mcbride","Texas State",31.2784234461849,39.66649823143,53.2086912582112,13.9464375947448,84.3355229914098,44.8711470439616,36.9378473976756,36.9125821121779,27.6402223345124
"1084",2021,"B. Nix","Auburn",51.5917129863567,48.5598787266296,37.9989893885801,55.3309752400202,38.4032339565437,50.0757958564932,66.9024759979788,80.44466902476,67.2561899949469
"1085",2021,"B. Olson","Massachusetts",3.81505811015664,2.37493683678626,25.2400202122284,4.34562910560889,3.68873168266801,2.93077311773623,25.0631632137443,81.9605861546236,15.9676604345629
"1086",2021,"B. Peters","Illinois",16.1192521475493,54.4214249621021,51.8948964123295,82.1121778676099,27.488630621526,46.4375947448206,57.0490146538656,19.2521475492673,98.7872662961091
"1087",2021,"B. Purdy","Iowa State",84.4871147043962,78.5245073269328,52.7539161192522,89.2875189489641,44.921677614957,90.2981303688732,43.2541687721071,68.4689236988378,40.0202122283982
"1088",2021,"B. Schager","Hawai'i",16.5234967155129,2.82971197574533,10.2071753410814,3.53713996968166,9.14603335017685,14.0474987367357,25.6695300656897,21.7028802425467,63.466397170288
"1089",2021,"B. Young","Alabama",75.1894896412329,89.7928246589186,80.5457301667509,76.1495704901465,94.2395149065184,98.3324911571501,65.588681152097,36.2809499747347,44.6690247599798
"1090",2021,"B. Zappe","Western Kentucky",96.2607377463365,97.0186963112683,93.9868620515412,97.5240020212228,84.3860535624053,99.9494694290046,45.5280444669025,95.755432036382,21.0712481051036
"1091",2021,"C. Bazelak","Missouri",75.3158160687216,63.5674583122789,40.5255179383527,50.1263264274886,72.4103082364831,72.3092470944922,30.6215260232441,89.1359272359778,37.6452753916119
"1092",2021,"C. Bradley","Toledo",3.05709954522486,0.808489135927237,0.353713996968164,20.7680646791309,0.0505305709954551,7.47852450732693,9.80293077311774,14.9317837291561,96.0586154623547
"1093",2021,"C. Brice","App State",84.0828701364325,83.8807478524507,89.6917635169277,86.7609903991915,68.3678625568469,91.0560889338049,54.0171803941384,74.1788782213239,16.978271854472
"1094",2021,"C. Cordeiro","Hawai'i",68.5699848408287,77.3117736230419,43.6078827690753,71.3491662455786,75.8463870641738,76.9580596260738,81.2026275896918,46.8923698837797,19.2521475492673
"1095",2021,"C. Cunningham","Middle Tennessee",79.4845881758464,89.4896412329459,70.5912076806468,94.9974734714502,54.8256695300657,71.8039413845377,58.9186457806973,69.7827185447196,93.633148054573
"1096",2021,"C. Friel","UNLV",34.2344618494189,37.8979282465892,69.9848408287014,26.1243052046488,54.1182415361294,48.711470439616,14.4012127337039,11.2683173319859,56.3415866599293
"1097",2021,"C. Garbers","California",73.2187973724103,57.200606366852,31.6321374431531,58.9186457806973,51.3390601313795,43.3046993431026,94.5932289034866,44.6184941889843,63.1126831733199
"1098",2021,"C. Mcnamara","Michigan",60.33350176857,70.7933299646286,47.2966144517433,63.5674583122789,72.9156139464376,79.4845881758464,30.3688731682668,87.266296109146,61.4957049014654
"1099",2021,"C. Nolan","Oregon State",89.2875189489641,91.1571500757959,80.9499747347145,94.4921677614957,70.2374936836786,88.4284992420414,81.6574027286508,77.3117736230419,62.9105608893381
"1100",2021,"C. Reynolds","Charlotte",76.3516927741283,90.4497220818595,96.3617988883274,70.1869631126832,96.3617988883274,93.5320869125821,33.6028297119757,58.1101566447701,12.9863567458312
"1101",2021,"C. Rising","Utah",99.1409802930773,95.6038403233956,99.3431025770591,93.9868620515412,92.5214754926731,87.7716018191006,96.0080848913593,96.5639211723093,75.7453259221829
"1102",2021,"C. Rogers","UL Monroe",19.6563921172309,36.0282971197575,6.77109651339061,27.0338554825669,52.9055078322385,48.9641232945932,13.0368873168267,2.67812026275897,86.6093986862052
"1103",2021,"C. Strong","Nevada",62.6579080343608,79.88883274381,59.3734209196564,76.8064679130874,77.1601819100556,95.4017180394138,7.68064679130874,48.2566953006569,56.1899949469429
"1104",2021,"C. Stroud","Ohio State",97.7766548762001,99.0904497220819,91.9656392117231,98.1808994441637,97.7261243052046,99.7473471450227,33.4007074279939,91.4098029307731,46.2860030318343
"1105",2021,"C. Thompson","Texas",85.7251136937847,91.6119252147549,82.6680141485599,88.9843355229914,86.3062152602324,84.3355229914098,73.3198585144012,53.5624052551794,74.1283476503285
"1106",2021,"C. Tune","Houston",74.6841839312784,81.00050530571,81.3542193026781,59.6766043456291,93.0267812026276,90.500252652855,75.2400202122284,21.5765538150581,27.3875694795351
"1107",2021,"C. Williams","Oklahoma",64.1232945932289,95.9575543203638,91.510864072764,94.6437594744821,92.3698837796867,85.8009095502779,88.4790298130369,7.02374936836786,89.7928246589186
"1108",2021,"D. Brin","Tulsa",82.289034866094,62.6579080343608,77.4633653360283,74.3304699343102,42.5467407781708,81.455280444669,13.3400707427994,72.3092470944922,2.27387569479535
"1109",2021,"D. Crum","Kent State",86.3567458312279,76.3011622031329,56.3921172309247,89.1359272359778,33.4512379989894,77.6149570490146,94.2395149065184,11.1672561899949,33.3501768569985
"1110",2021,"D. Finn","Toledo",24.0020212228398,80.1414855987873,42.5972713491662,53.9161192521475,92.0161697827185,58.1606872157655,96.3617988883274,26.755937342092,90.955027791814
"1111",2021,"D. Grainger","Georgia State",83.8807478524507,89.2875189489641,88.4790298130369,93.9363314805457,61.1925214754927,81.9605861546236,76.5032844871147,60.2071753410814,88.0242546740778
"1112",2021,"D. Grosel","Boston College",37.4431531076301,29.5098534613441,25.8211217786761,24.7094492167761,40.4244567963618,21.5260232440627,72.2081859525013,40.22233451238,82.5164224355735
"1113",2021,"D. Hopkins","UAB",77.5644264780192,70.5406771096513,87.0894391106619,66.0434562910561,68.5194542698332,68.8731682668014,65.1844365841334,3.18342597271349,39.4643759474482
"1114",2021,"D. Irons","Akron",29.9140980293077,44.2647801920162,79.7372410308236,47.8019201616978,39.7675593734209,38.9085396664982,57.5543203638201,0,45.6291056088934
"1115",2021,"D. Leary","NC State",44.921677614957,68.9236988377969,64.6791308741789,75.7453259221829,52.6528549772612,85.7503789792825,25.9727134916625,59.1207680646791,65.2854977261243
"1116",2021,"D. Mack","Old Dominion",21.4754926730672,41.0813542193027,26.0232440626579,27.488630621526,70.3385548256695,27.1349166245579,78.322385042951,11.5209701869631,65.8413340070743
"1117",2021,"D. Morris","Washington",53.3097524002021,60.4345629105609,28.322385042951,31.9353208691258,85.3461344113188,63.9717028802425,56.1899949469429,55.6341586659929,56.4931783729156
"1118",2021,"D. Plitt","Ball State",46.8418393127842,36.8367862556847,18.3931278423446,41.2834765032845,37.2410308236483,39.0601313794846,62.8094997473472,51.4653865588681,56.6953006568974
"1119",2021,"D. Richardson","Central Michigan",75.8969176351693,93.7847397675594,74.3052046488125,94.188984335523,85.144012127337,93.7342091965639,5.15411824153613,96.0586154623547,60.8388074785245
"1120",2021,"D. Ridder","Cincinnati",79.6867104598282,56.2405255179383,50.5811015664477,83.0722587165235,13.8453764527539,56.0384032339565,87.7716018191006,59.1712986356746,8.53966649823144
"1121",2021,"D. Smith","Texas Tech",32.5922182920667,38.3021728145528,9.09550277918141,47.1450227387569,32.5922182920667,51.1874684183931,5.65942395149065,44.921677614957,77.766548762001
"1122",2021,"D. Thompson-Robinson","UCLA",96.6649823143001,92.3193532086913,78.7013643254169,94.7953511874684,74.4820616472966,84.9924204143507,96.7155128852956,62.455785750379,74.1788782213239
"1123",2021,"D. Trotter","South Alabama",38.3527033855483,38.2011116725619,22.9914098029308,16.1697827185447,67.3572511369378,40.3233956543709,34.1586659929257,58.9691763516928,77.2612430520465
"1124",2021,"D.J. Uiagalelei","Clemson",25.4674077817079,17.5341081354219,16.0687215765538,22.5366346639717,19.100555836281,6.16472966144518,68.2162708438605,66.1697827185447,13.7948458817585
"1125",2021,"E. Jones","Florida",79.9393633148055,56.9984840828701,65.7150075795856,65.0833754421425,42.7488630621526,72.8650833754421,45.7301667508843,88.4790298130369,4.6488125315816
"1126",2021,"F. Harris","UTSA",77.0591207680647,83.8302172814553,79.6361798888327,83.5270338554826,75.088428499242,90.6518443658413,79.9393633148055,82.1627084386054,46.8418393127842
"1127",2021,"G. Bohanon","Baylor",82.8196058615462,74.5831227892875,72.9156139464376,86.1546235472461,40.0707427993936,67.0540677109651,84.7902981303689,88.5800909550278,49.2673067205659
"1128",2021,"G. Hardison","UTEP",69.6311268317332,97.321879737241,96.4628600303183,91.7129863567458,96.4123294593229,96.4628600303183,18.7973724103082,71.399696816574,40.5255179383527
"1129",2021,"G. Holmberg","Duke",62.2031328954017,45.0732693279434,45.1237998989389,41.9909044972208,49.8736735725114,56.1899949469429,35.9272359777665,64.0727640222335,32.1374431531076
"1130",2021,"G. Mccall","Coastal Carolina",99.8484082870136,99.44416371905,99.0399191510864,97.2208185952501,99.7978777160182,98.7872662961091,3.89085396664982,48.0040424456796,79.88883274381
"1131",2021,"G. Mertz","Wisconsin",69.0752905507832,27.3370389085397,50.0252652854977,70.2374936836786,9.29762506316322,22.7387569479535,63.8201111672562,71.5512885295604,27.1854471955533
"1132",2021,"G. Shrader","Syracuse",24.2041435068216,44.466902475998,14.3506821627084,51.3390601313795,37.4936836786256,22.5366346639717,93.0267812026276,11.066195048004,90.0454775138959
"1133",2021,"G. Watson","Troy",69.9090449722082,74.3304699343102,52.2991409802931,38.0495199595755,94.0879231935321,67.5088428499242,34.0576048509348,20.5912076806468,82.1121778676099
"1134",2021,"G. Wells","Marshall",56.644770085902,61.8494188984335,41.2076806467913,78.6760990399192,23.4461849418898,75.5937342091966,61.1419909044972,84.1839312784235,15.866599292572
"1135",2021,"H. Ahlers","East Carolina",49.8231430015159,62.455785750379,50.277918140475,56.3415866599293,63.8706417382516,71.1975745325922,81.6068721576554,16.4982314300152,21.9807983830217
"1136",2021,"H. Bachmeier","Boise State",77.1096513390601,84.689236988378,86.2304194037393,70.9954522486104,88.8832743810005,89.7422940879232,64.578069732188,58.211217786761,67.0540677109651
"1137",2021,"H. Colombi","Texas Tech",50.277918140475,72.2587165234967,49.2420414350682,77.5138959070238,55.1793835270339,60.9903991915109,36.3314805457302,52.0212228398181,75.2400202122284
"1138",2021,"H. Hooker","Tennessee",71.6523496715513,80.6973218797372,52.5265285497726,78.9287518948964,76.4022233451238,87.6200101061142,73.6735725113694,6.77109651339061,49.5704901465387
"1139",2021,"H. Wolff","Old Dominion",66.9024759979788,75.3916119252147,81.3036887316827,82.6680141485599,54.2193026781203,69.0752905507832,29.7625063163214,59.7018696311268,63.3148054573017
"1140",2021,"J. Bean","Kansas",13.4158665992926,18.3425972713492,13.1632137443153,38.5042950985346,12.177867609904,18.99949469429,41.9403739262254,75.8211217786761,52.5517938352703
"1141",2021,"J. Bentley","South Alabama",91.1571500757959,97.2713491662456,98.5346134411319,85.2450732693279,98.8377968671046,90.8034360788277,60.9398686205154,49.8989388580091,69.0752905507832
"1142",2021,"J. Blackman","Arkansas State",32.011116725619,55.078322385043,36.1293582617484,73.1682668014149,26.0737746336534,54.1182415361294,24.6083880747852,29.3582617483578,89.9949469429005
"1143",2021,"J. Brown","South Carolina",19.0500252652855,31.4300151591713,36.5588681152097,5.91207680646791,84.4871147043962,37.2915613946438,29.4593228903487,30.2930773117736,75.2905507832238
"1144",2021,"J. Coan","Notre Dame",51.8696311268317,69.5805962607377,65.6392117230925,55.7352198079838,77.210712481051,85.0934815563416,17.4835775644265,23.1430015159171,66.700353713997
"1145",2021,"J. Constantine","Rice",83.4259727134917,83.2743810005053,90.500252652855,87.6200101061142,65.3865588681152,76.755937342092,26.5790803436079,48.5598787266296,66.8014148559879
"1146",2021,"J. Daniels","Arizona State",72.3850429509854,63.8706417382516,54.1940373926225,64.1232945932289,59.9292572006064,39.3633148054573,98.0798383021728,19.100555836281,16.2203132895402
"1147",2021,"J. Daniels","Kansas",64.7296614451743,73.4714502273876,83.5017685699848,80.8994441637191,53.9161192521475,53.7139969681657,48.8630621526023,65.0833754421425,92.7235977766549
"1148",2021,"J. Dart","USC",32.289034866094,69.833249115715,42.3193532086913,49.8736735725114,85.5987872662961,68.2162708438605,22.0313289540172,91.9656392117231,77.4633653360283
"1149",2021,"J. Doege","West Virginia",59.22182920667,60.1313794845882,64.2243557352198,37.1399696816574,82.7690752905508,78.2213239009601,24.8105103587671,17.7362304194037,29.1056088933805
"1150",2021,"J. Haener","Fresno State",92.066700353714,80.44466902476,80.0909550277918,77.9181404749874,77.9181404749874,94.4416371905002,32.4911571500758,69.5805962607377,4.39615967660435
"1151",2021,"J. Hall","BYU",84.3860535624053,89.6412329459323,82.0616472966145,94.5932289034866,59.0702374936837,85.2956038403234,83.2743810005053,75.7453259221829,80.8489135927236
"1152",2021,"J. Johnson","New Mexico State",55.533097524002,26.7306720565942,38.655886811521,20.11116725619,46.6397170288024,21.7786760990399,58.211217786761,30.5709954522486,9.39868620515412
"1153",2021,"J. Lange","Southern Miss",12.2283981808994,11.3188479029813,53.7897928246589,15.9676604345629,11.7230924709449,22.5871652349672,19.2521475492673,3.03183425972714,72.1576553815058
"1154",2021,"J. Laura","Washington State",47.1955533097524,59.0702374936837,49.722081859525,58.4638706417383,56.5942395149065,69.9848408287014,39.9696816574027,74.077817079333,40.1212733703891
"1155",2021,"J. Lynch","Temple",13.3148054573017,14.5528044466902,11.3693784739768,48.6104092976251,3.43607882769076,17.0793329964629,48.9135927235978,56.4679130874179,95.8564931783729
"1156",2021,"J. Plummer","Purdue",68.1404749873674,58.6659929257201,17.9383527033856,48.6609398686205,70.389085396665,57.4532592218292,9.60080848913593,33.6533602829712,98.5346134411319
"1157",2021,"J. Sims","Georgia Tech",80.7983830217281,87.1652349671551,42.3193532086913,76.7054067710965,90.3486609398686,64.6286003031834,85.2450732693279,65.0833754421425,60.4345629105609
"1158",2021,"J. Sirmon","Central Michigan",16.2203132895402,38.655886811521,22.5618999494694,43.911066195048,35.977766548762,35.0682162708439,40.8792319353209,1.51591712986356,89.2875189489641
"1159",2021,"J. Tomlin","Georgia Southern",4.95199595755432,5.25517938352703,4.09297625063163,6.21526023244062,11.6725618999495,12.9358261748358,8.9944416371905,32.4406265790803,46.4881253158161
"1160",2021,"J. Travis","Florida State",47.7513895907024,66.700353713997,36.2809499747347,71.1470439615968,54.8762001010611,58.211217786761,82.566953006569,2.47599797877716,85.0934815563416
"1161",2021,"J. Yates","Georgia Tech",27.1601819100556,19.6058615462355,4.49722081859525,31.8847902981304,14.0474987367357,23.0924709449217,42.5467407781708,3.89085396664982,99.0904497220819
"1162",2021,"K. Eleby","Western Michigan",87.2157655381506,93.4310257705912,89.5401718039414,88.8327438100051,92.4709449216776,95.6038403233956,63.2137443153108,26.8317331985851,59.9292572006064
"1163",2021,"K. Jefferson","Arkansas",68.7215765538151,86.6599292572006,59.0955027791814,85.3966649823143,77.4128347650328,86.7104598281961,84.9418898433552,20.4396159676604,80.3436078827691
"1164",2021,"K. Pickett","Pittsburgh",86.5588681152097,89.5907023749368,87.2157655381506,75.8463870641738,94.9469429004548,95.8564931783729,88.1758463870642,49.7726124305205,21.1723092470945
"1165",2021,"K. Rourke","Ohio",61.6978271854472,48.0545730166751,34.7650328448711,45.7806973218797,52.0970186963113,45.4269833249116,66.700353713997,40.4749873673573,34.4618494188984
"1166",2021,"K. Seals","Vanderbilt",23.0419403739262,16.3719050025265,7.47852450732693,3.03183425972714,75.0378979282466,21.2733703890854,29.3582617483578,59.3228903486609,44.0121273370389
"1167",2021,"K. Slovis","USC",84.5376452753916,74.2294087923193,74.1283476503285,94.9469429004548,9.90399191510864,80.3436078827691,9.55027791814047,88.933804951996,50.6821627084386
"1168",2021,"K. Vantrease","Buffalo",60.5861546235472,64.3254168772107,68.3678625568469,62.6579080343608,62.2536634663972,64.022233451238,48.9641232945932,80.2425467407782,54.1182415361294
"1169",2021,"L. Bonner","Utah State",79.5351187468418,93.1783729156139,96.6649823143001,79.2824658918646,96.0586154623547,97.877716018191,10.3587670540677,59.4744820616473,26.932794340576
"1170",2021,"L. Doty","South Carolina",4.34562910560889,8.9944416371905,20.7680646791309,26.6801414855988,4.74987367357251,21.8292066700354,8.48913592723598,37.6958059626074,74.077817079333
"1171",2021,"L. Hatcher","Arkansas State",34.5123799898939,65.4876200101061,69.3279434057605,67.710965133906,57.6048509348156,69.4290045477514,59.5755432036382,48.155634158666,23.6988377968671
"1172",2021,"L. Johnson","San Diego State",52.8044466902476,32.289034866094,41.2834765032845,47.4987367357251,18.4436584133401,36.1293582617484,41.5866599292572,49.1157150075796,63.8706417382516
"1173",2021,"L. Lewis","Louisiana",60.4345629105609,73.9767559373421,68.9742294087923,69.4290045477514,72.0060636685194,77.3623041940374,85.1945426983325,49.0146538655887,74.633653360283
"1174",2021,"L. Williams","Wyoming",45.1743304699343,73.4209196563921,65.8413340070743,54.6235472460839,78.5245073269328,45.6291056088934,80.6467913087418,25.6947953511875,72.4103082364831
"1175",2021,"M. Bortenschlager","Florida International",18.2920667003537,92.7235977766549,59.22182920667,96.311268317332,69.6816574027286,90.0454775138959,18.8984335522991,19.9595755432036,52.8549772612431
"1176",2021,"M. Corral","Ole Miss",80.1414855987873,88.8327438100051,89.6412329459323,92.622536634664,66.6498231430015,84.0828701364325,98.8883274381,61.2935826174836,61.1419909044972
"1177",2021,"M. Cunningham","Louisville",84.8913592723598,87.4178878221324,80.8489135927236,84.9418898433552,79.4845881758464,84.6387064173825,97.9787771601819,67.2056594239515,77.9181404749874
"1178",2021,"M. Duggan","TCU",69.5048004042446,91.8140474987367,77.1601819100556,80.3941384537645,93.7847397675594,83.9312784234462,82.4658918645781,23.4967155128853,50.4800404244568
"1179",2021,"M. Johnson","LSU",57.0237493683679,63.1632137443153,61.1925214754927,68.8731682668014,51.5917129863567,80.7478524507327,12.4305204648813,26.3769580596261,42.9509853461344
"1180",2021,"M. Keene","UCF",19.6058615462355,45.8312278928752,32.8954017180394,33.6028297119757,60.4850934815563,54.8256695300657,18.8479029813037,60.6366851945427,69.5300656897423
"1181",2021,"M. Mcdonald","Bowling Green",14.4517433046993,45.2248610409298,14.300151591713,20.6164729661445,78.8276907529055,39.11066195048,83.8807478524507,11.6472966144517,41.7382516422436
"1182",2021,"M. Milton","Florida State",15.1591712986357,3.08236483072258,2.27387569479535,7.37746336533602,3.99191510864073,17.3319858514401,1.11167256189995,34.7145022738757,56.8468923698838
"1183",2021,"M. Penix","Indiana",15.4118241536129,6.11419909044972,13.3400707427994,3.4866093986862,28.7518948964123,12.4305204648813,30.0151591712986,68.8731682668014,58.2617483577564
"1184",2021,"M. Pratt","Tulane",23.7493683678626,44.6184941889843,38.7569479535119,48.9641232945932,39.4643759474482,61.7988883274381,13.5927235977767,28.2971197574533,15.6644770085902
"1185",2021,"M. Willis","Liberty",78.9792824658919,85.3461344113188,85.0682162708439,85.6493178372916,73.8251642243557,58.9186457806973,99.8484082870136,1.0611419909045,24.5578575037898
"1186",2021,"M. Wright","Vanderbilt",11.3188479029813,42.2435573521981,13.9969681657403,17.7867609903992,75.7453259221829,27.8928751894896,81.0510358767054,22.2839818089944,59.5250126326427
"1187",2021,"N. Nash","San José State",73.3956543708944,88.2263769580596,82.566953006569,87.6705406771097,78.7266296109146,66.1950480040424,66.4477008590197,57.9585649317837,95.6038403233956
"1188",2021,"N. Starkel","San José State",72.1323900960081,64.7801920161698,87.0894391106619,87.3168266801415,26.478019201617,60.9398686205154,33.7544214249621,54.0929762506316,63.8201111672562
"1189",2021,"N. Vattiato","Middle Tennessee",23.9514906518444,40.3739262253663,11.4957049014654,74.4315310763012,7.68064679130874,38.5042950985346,45.9828196058616,92.9762506316321,79.33299646286
"1190",2021,"N. Vedral","Rutgers",12.8852956038403,12.9358261748358,5.811015664477,31.177362304194,6.36685194542699,7.17534108135421,38.7064173825164,45.9322890348661,69.3279434057605
"1191",2021,"P. Thorne","Michigan State",65.9929257200606,88.3274381000505,75.8716523496715,83.8807478524507,83.577564426478,91.6119252147549,80.2425467407782,67.6099039919151,47.4987367357251
"1192",2021,"R. Hilinski","Northwestern",3.13289540171804,7.07427993936331,8.9944416371905,15.2097018696311,7.7311773623042,17.3825164224356,9.75240020212228,71.2733703890854,79.3835270338555
"1193",2021,"R. Lombardi","Northern Illinois",83.2238504295099,92.1677614957049,83.9818089944416,83.1733198585144,89.4896412329459,87.1147043961597,95.4017180394138,95.9070237493684,36.988377968671
"1194",2021,"R. Rodriguez","UL Monroe",26.2758969176352,75.4421424962102,83.1480545730167,14.9065184436584,97.5745325922183,57.1500757958565,34.4618494188984,46.0080848913593,98.0293077311774
"1195",2021,"S. Bennett","Georgia",95.0480040424457,92.5214754926731,91.0055583628095,98.7367357251137,39.2117230924709,87.5189489641233,84.133400707428,70.1869631126832,47.0944921677615
"1196",2021,"S. Chambers","Wyoming",27.5896917635169,35.5229914098029,11.622031328954,30.722587165235,45.3259221829207,28.4487114704396,70.2880242546741,27.3117736230419,52.2486104092976
"1197",2021,"S. Clifford","Penn State",27.7918140474987,61.6472966144517,55.533097524002,33.9060131379485,86.811520970187,77.4633653360283,63.9211723092471,31.7837291561395,48.9135927235978
"1198",2021,"S. Hartman","Wake Forest",86.7104598281961,88.1253158160687,93.7847397675594,71.9050025265285,93.5826174835776,95.5027791814047,91.7129863567458,47.9535118746842,16.7256189994947
"1199",2021,"S. Henigan","Memphis",51.0864072764022,88.4790298130369,87.9737241030824,74.633653360283,92.9762506316321,94.6437594744821,29.9646286003032,51.4653865588681,38.6053562405255
"1200",2021,"S. Howell","North Carolina",77.6654876200101,73.3703890853967,72.4608388074785,69.6311268317332,71.3491662455786,65.5381505811016,98.0293077311774,2.62758969176352,18.7973724103082
"1201",2021,"S. Krajewski","UConn",3.18342597271349,11.066195048004,4.6488125315816,13.3906013137948,17.5846387064174,10.055583628095,46.2860030318343,35.5229914098029,50.7326932794341
"1202",2021,"S. Petras","Iowa",21.3744315310763,20.4143506821627,33.0975240020212,34.1586659929257,16.978271854472,19.1510864072764,44.9722081859525,21.4249621020718,64.3759474482062
"1203",2021,"S. Rattler","Oklahoma",92.8499242041435,72.7640222334512,61.1167256189995,74.077817079333,64.2748863062153,67.1045982819606,35.6745831227893,33.0469934310258,80.2930773117736
"1204",2021,"S. Sanders","Oklahoma State",73.3198585144012,58.5649317837292,71.2986356745831,61.5967660434563,50.6821627084386,65.032844871147,84.9924204143507,82.8701364325417,22.0818595250126
"1205",2021,"S. Thompson","Kansas State",55.255179383527,90.3486609398686,72.1071248105104,37.1905002526529,99.3936331480546,81.2026275896918,67.2056594239515,32.9711975745326,85.3966649823143
"1206",2021,"T. Centeio","Colorado State",74.355735219808,82.1627084386054,95.6038403233956,74.1283476503285,78.2718544719555,90.1465386558868,64.9823143001516,40.2728650833754,38.8074785245073
"1207",2021,"T. Dyke","Miami",67.8878221323901,95.3511874684184,90.8539666498231,84.7902981303689,97.7766548762001,94.0373926225366,65.4370894391107,54.2698332491157,58.6154623547246
"1208",2021,"T. Finley","Auburn",5.40677109651338,2.88024254674077,2.47599797877716,6.01313794845881,5.65942395149065,11.066195048004,24.8610409297625,35.144012127337,95.0985346134411
"1209",2021,"T. Mcclain","South Florida",17.988883274381,44.6690247599798,43.8100050530571,44.5679636179889,45.3764527539161,59.22182920667,16.5740272865083,22.0818595250126,64.7296614451743
"1210",2021,"T. Mckee","Stanford",44.3405760485093,51.6927741283477,42.0919656392117,65.5381505811016,31.9858514401213,64.1738251642244,20.3638201111673,32.1879737241031,62.2031328954017
"1211",2021,"T. Mordecai","SMU",82.1627084386054,94.8964123294593,88.0242546740778,91.3592723597777,92.9257200606367,98.433552299141,59.77766548762,85.2956038403234,23.6483072258717
"1212",2021,"T. Morgan","Minnesota",34.4618494188984,69.0247599797878,93.8858009095503,72.1576553815058,58.1101566447701,68.7215765538151,48.5093481556342,20.2627589691764,72.8145528044467
"1213",2021,"T. Powell","Troy",38.8580090955028,66.1950480040424,53.5624052551794,25.5179383527034,95.4522486104093,59.5250126326427,35.3208691258211,36.9125821121779,86.9631126831733
"1214",2021,"T. Tagovailoa","Maryland",93.1783729156139,74.4315310763012,59.7524002021223,86.811520970187,35.8767054067711,89.8938858009096,47.1450227387569,64.8307225871652,17.433046993431
"1215",2021,"T. Vitt","Texas State",14.0474987367357,18.3931278423446,13.3906013137948,46.5386558868115,6.5689742294088,22.789287518949,40.8287013643254,91.4603335017686,96.9176351692774
"1216",2021,"T. Wilson","New Mexico",5.78575037897928,17.4835775644265,15.4118241536129,32.289034866094,12.4305204648813,31.7837291561395,7.32693279434058,24.077817079333,94.4416371905002
"1217",2021,"W. Levis","Kentucky",92.9257200606367,80.8994441637191,86.9631126831733,61.2935826174836,87.9737241030824,73.521980798383,96.9681657402729,49.8231430015159,29.055078322385
"1218",2021,"W. Plummer","Arizona",11.8494188984335,30.7731177362304,22.7387569479535,15.5634158665993,56.9984840828701,34.3607882769075,41.8393127842345,29.055078322385,40.4244567963618
"1219",2021,"W. Rogers","Mississippi State",89.5907023749368,71.5512885295604,56.5942395149065,73.521980798383,63.6179888832744,95.755432036382,22.4355735219808,67.4583122789288,22.0313289540172
"1220",2021,"Z. Calzada","Texas A&M",34.1586659929257,18.2920667003537,48.7620010106114,55.4825669530066,3.53713996968166,17.0288024254674,30.9247094492168,70.0353713996968,37.9484588175846
"1221",2021,"Z. Gibson","Akron",86.7862556846892,95.9070237493684,87.5694795351187,97.7766548762001,73.8756947953512,76.9075290550783,37.0894391106619,16.2203132895402,99.0399191510864
"1222",2022,"A. Aune","North Texas",88.2516422435573,98.1303688731683,98.1303688731683,96.0586154623547,96.4628600303183,98.2314300151592,66.7508842849924,94.6942900454775,23.5472460838807
"1223",2022,"A. Kaliakmanis","Minnesota",89.6412329459323,45.9828196058616,83.299646286003,85.9525012632643,5.45730166750884,37.0389085396665,57.1500757958565,31.00050530571,87.0136432541688
"1224",2022,"A. Martinez","Kansas State",54.7751389590702,60.88933804952,37.2915613946438,68.3678625568469,45.5280444669025,30.166750884285,94.7953511874684,42.5720060636685,96.9681657402729
"1225",2022,"A. O'connell","Purdue",80.6467913087418,65.133906013138,84.2849924204144,62.1020717534108,66.2961091460333,84.689236988378,19.3532086912582,70.3385548256695,11.066195048004
"1226",2022,"A. Peasley","Wyoming",49.6462860030318,25.9727134916625,6.61950480040424,34.9166245578575,24.2546740778171,14.4517433046993,81.9605861546236,23.9262253663466,60.33350176857
"1227",2022,"A. Reed","Western Kentucky",93.7342091965639,94.6437594744821,85.7503789792825,93.4310257705912,90.1465386558868,99.3936331480546,43.9615967660435,97.8271854471955,27.5896917635169
"1228",2022,"A. Richardson","Florida",25.366346639717,72.4103082364831,74.2294087923193,76.0990399191511,58.9691763516928,56.3921172309247,97.1702880242547,76.8822637695806,8.23648307225872
"1229",2022,"A. Smith","Miami (OH)",54.0424456796362,59.8787266296109,45.6291056088934,46.8418393127842,66.3971702880243,43.7594744820616,78.4739767559373,14.0474987367357,69.0247599797878
"1230",2022,"A. Swann","Vanderbilt",15.5128852956038,24.4062657908034,57.8575037897928,37.6958059626074,19.9595755432036,41.8898433552299,4.19403739262254,52.1475492673067,74.4315310763012
"1231",2022,"B. Armstrong","Virginia",21.5512885295604,16.4729661445174,17.8878221323901,16.0687215765538,26.3769580596261,4.69934310257706,76.9580596260738,8.8933804951996,15.7655381505811
"1232",2022,"B. Braxton","Tulsa",30.9752400202122,70.3385548256695,35.6745831227893,81.8089944416372,48.6609398686205,44.9722081859525,84.0828701364325,20.9701869631127,93.4310257705912
"1233",2022,"B. Bryant","Cincinnati",58.5144012127337,74.7347145022739,69.6816574027286,63.6179888832744,79.2824658918646,82.6680141485599,25.5179383527034,47.2460838807479,55.4825669530066
"1234",2022,"B. Cook","Missouri",64.5275391611925,65.6897422940879,63.0621526023244,42.8499242041435,81.3036887316827,67.2056594239515,90.0454775138959,43.5826174835776,52.6023244062658
"1235",2022,"B. Domann","Louisville",23.1935320869126,15.1086407276402,27.6402223345124,12.2789287518949,30.3688731682668,26.5790803436079,19.4037392622537,54.9267306720566,73.2187973724103
"1236",2022,"B. Finley","NC State",10.7124810510359,14.5022738756948,22.0565942395149,8.33754421424963,39.5149065184437,27.1854471955533,28.0949974734715,87.0136432541688,96.4628600303183
"1237",2022,"B. Gulbranson","Oregon State",89.1359272359778,64.2748863062153,72.5366346639717,36.1798888327438,91.9151086407276,46.2354724608388,79.0803436078828,55.1793835270339,42.7488630621526
"1238",2022,"B. Morton","Texas Tech",31.3542193026781,36.7862556846892,47.5240020212228,18.2920667003537,75.9979787771602,30.722587165235,65.133906013138,32.0869125821122,79.6867104598282
"1239",2022,"B. Nix","Oregon",98.2819605861546,96.4628600303183,85.3966649823143,93.1278423446185,95.9070237493684,96.6144517433047,96.5639211723093,99.1409802930773,71.5007579585649
"1240",2022,"B. Olson","Massachusetts",6.21526023244062,3.68873168266801,3.78979282465892,10.6619504800404,4.5477513895907,16.1697827185447,4.29509853461344,84.6134411318848,55.4320363820111
"1241",2022,"B. Schager","Hawai'i",32.4911571500758,64.6286003031834,46.7407781707933,41.9403739262254,84.1839312784235,69.833249115715,60.33350176857,87.822132390096,84.7397675593734
"1242",2022,"B. Shapen","Baylor",43.9615967660435,44.8711470439616,21.8797372410308,41.1824153612936,51.0864072764022,61.0914603335018,17.2814552804447,57.0490146538656,41.3845376452754
"1243",2022,"B. Wooldridge","Louisiana",38.5548256695301,51.288529560384,24.8610409297625,63.3148054573017,33.0975240020212,46.589186457807,62.5063163213744,73.4714502273876,76.4022233451238
"1244",2022,"B. Young","Alabama",88.6306215260232,88.1758463870642,85.4724608388075,79.6361798888327,89.1359272359778,90.5507832238504,74.633653360283,71.8039413845377,39.5149065184437
"1245",2022,"C. Bazelak","Indiana",17.1298635674583,18.2415361293583,10.4598281960586,25.9727134916625,15.2097018696311,15.310763011622,20.5154118241536,66.422435573522,47.9535118746842
"1246",2022,"C. Bradley","South Alabama",71.0207175341081,78.9287518948964,86.811520970187,74.9368367862557,75.1894896412329,90.1970692268823,47.0944921677615,63.3148054573017,45.5785750378979
"1247",2022,"C. Brice","App State",57.0237493683679,81.5563415866599,58.5649317837292,83.8302172814553,68.3173319858514,89.5907023749368,35.6240525517938,70.66700353714,54.522486104093
"1248",2022,"C. Cordeiro","San José State",72.966144517433,82.8701364325417,73.3703890853967,81.7079332996463,77.5644264780192,91.4603335017686,79.0298130368873,10.055583628095,72.7640222334512
"1249",2022,"C. Cunningham","Middle Tennessee",44.1131884790298,51.7938352703386,26.7306720565942,41.3845376452754,65.2854977261243,70.389085396665,34.3607882769075,44.5174330469934,52.4507326932794
"1250",2022,"C. Fancher","Marshall",44.5679636179889,32.4911571500758,24.911571500758,30.2678120262759,41.7382516422436,45.477513895907,10.4598281960586,57.5543203638201,49.4694290045477
"1251",2022,"C. Fields","Louisiana",49.2167761495705,74.1788782213239,17.6856998484083,47.9029813036887,90.0454775138959,61.2935826174836,51.3895907023749,45.199595755432,92.3698837796867
"1252",2022,"C. Klubnik","Clemson",71.9807983830217,36.8873168266801,15.7150075795856,43.2036382011117,31.8847902981304,38.9590702374937,34.0070742799394,53.5624052551794,95.4017180394138
"1253",2022,"C. Legas","Utah State",40.8287013643254,27.7918140474987,15.2602324406266,39.66649823143,24.4062657908034,31.177362304194,39.4643759474482,10.3840323395654,43.2541687721071
"1254",2022,"C. Millen","Colorado State",21.8292066700354,30.9247094492168,17.0035371399697,42.4962102071753,25.6695300656897,23.3451237998989,71.399696816574,0.0505305709954551,89.0348660939869
"1255",2022,"C. Miller","North Dakota State",89.4391106619505,86.1546235472461,90.2475997978777,80.5457301667509,82.5164224355735,63.3653360282971,95.8564931783729,55.3309752400202,76.7054067710965
"1256",2022,"C. Reynolds","Charlotte",94.4416371905002,71.955533097524,92.2688226376958,62.1526023244063,79.88883274381,78.5750378979282,31.3794845881758,34.0576048509348,16.6245578575038
"1257",2022,"C. Rising","Utah",91.1066195048004,86.6093986862052,72.8145528044467,61.6472966144517,97.4734714502274,77.6654876200101,97.6755937342092,95.8564931783729,29.610914603335
"1258",2022,"C. Rogers","UL Monroe",45.4269833249116,54.3708943911066,56.1899949469429,55.0277918140475,50.9348155634159,45.9828196058616,89.7928246589186,7.47852450732693,47.4482061647297
"1259",2022,"C. Schlee","Kent State",93.6836786255685,90.7529055078322,89.0853966649823,96.2607377463365,53.2592218292067,75.644264780192,92.3698837796867,59.8281960586155,63.011622031329
"1260",2022,"C. Snyder","Buffalo",59.2976250631632,77.0591207680647,69.0752905507832,34.7145022738757,96.7155128852956,87.266296109146,54.7751389590702,37.1905002526529,18.1404749873674
"1261",2022,"C. Stroud","Ohio State",94.7953511874684,94.9974734714502,81.7079332996463,94.5426983324912,88.1758463870642,97.7261243052046,21.3239009600808,89.7422940879232,75.088428499242
"1262",2022,"C. Thompson","Nebraska",86.9378473976756,78.1707933299646,89.0348660939869,59.77766548762,87.822132390096,76.4022233451238,61.0409297625063,37.7463365336028,19.5048004042446
"1263",2022,"C. Tune","Houston",95.6543708943911,95.1490651844366,95.7049014653866,84.133400707428,98.4840828701364,98.3830217281455,91.8645780697322,64.7801920161698,6.51844365841334
"1264",2022,"C. Ward","Washington State",42.5467407781708,44.1637190500253,40.8034360788277,53.1581606872158,32.4911571500758,46.1344113188479,81.2531581606872,21.3239009600808,55.0277918140475
"1265",2022,"C. Weigman","Texas A&M",27.2865083375442,43.7089439110662,64.6033350176857,41.1318847902981,49.4188984335523,37.8979282465892,52.956038403234,46.5133906013138,97.0692268822638
"1266",2022,"C. Williams","USC",95.2501263264275,97.7766548762001,98.3324911571501,92.4204143506822,99.0904497220819,99.1409802930773,98.4840828701364,56.1394643759475,79.0298130368873
"1267",2022,"D. Brin","Tulsa",66.5487620010106,88.7822132390096,94.4416371905002,62.5568468923699,97.0186963112683,80.8994441637191,64.3759474482062,6.72056594239515,69.5805962607377
"1268",2022,"D. Brumfield","UNLV",65.6392117230925,66.0434562910561,42.4962102071753,72.3597776654876,52.5012632642749,60.4345629105609,72.7134916624558,43.4057604850935,62.8600303183426
"1269",2022,"D. Finn","Toledo",89.2369883779687,88.5800909550278,96.8165740272865,79.1308741788782,88.933804951996,76.4527539161192,97.0186963112683,48.3072258716523,37.3420919656392
"1270",2022,"D. Gabriel","Oklahoma",46.5639211723092,77.766548762001,65.9423951490652,89.944416371905,38.6053562405255,84.4871147043962,53.4613441131885,43.1025770591208,42.799393633148
"1271",2022,"D. Grainger","Georgia State",42.1930267812026,75.7453259221829,65.1844365841334,20.9196563921172,98.3830217281455,77.7160181910056,81.00050530571,6.46791308741789,21.5260232440627
"1272",2022,"D. Hopkins","UAB",83.8302172814553,89.3380495199596,73.8756947953512,78.7266296109146,90.8034360788277,77.0591207680647,67.4583122789288,47.3471450227388,89.5401718039414
"1273",2022,"D. Irons","Akron",74.7852450732693,74.4820616472966,46.2860030318343,58.0596260737746,88.6306215260232,80.1920161697827,64.6286003031834,22.9661445174331,44.921677614957
"1274",2022,"D. Leary","NC State",32.7185447195553,34.8660939868621,36.8873168266801,46.1344113188479,27.1349166245579,35.7756442647802,49.5704901465387,79.4845881758464,73.5725113693785
"1275",2022,"D. Maye","North Carolina",90.500252652855,89.2369883779687,83.299646286003,71.955533097524,95.0480040424457,98.0293077311774,91.5613946437595,28.8024254674078,8.69125821121779
"1276",2022,"D. Pavia","New Mexico State",53.4866093986862,92.4709449216776,89.5907023749368,82.8701364325417,93.4310257705912,72.4608388074785,89.0348660939869,78.322385042951,73.9262253663466
"1277",2022,"D. Pyne","Notre Dame",85.6493178372916,76.9580596260738,85.0682162708439,89.6917635169277,41.3845376452754,78.322385042951,24.911571500758,51.5411824153613,50.1263264274886
"1278",2022,"D. Richardson","Central Michigan",47.3976755937342,57.5037897928247,55.2804446690248,61.1925214754927,49.4694290045477,62.6579080343608,44.3658413340071,68.5194542698332,61.2935826174836
"1279",2022,"D. Smith","Texas Tech",55.9878726629611,37.3420919656392,50.2273875694795,53.8150581101566,22.1323900960081,40.1718039413845,46.9429004547751,29.5603840323396,64.4770085901971
"1280",2022,"D. Thompson-Robinson","UCLA",98.1303688731683,93.633148054573,84.3355229914098,90.3991915108641,93.077311773623,95.0985346134411,93.7847397675594,77.8423446184942,12.0768064679131
"1281",2022,"D.J. Uiagalelei","Clemson",42.0414350682163,38.5042950985346,15.310763011622,32.4911571500758,49.5704901465387,36.5841334007074,75.4926730672057,57.2764022233451,28.5497726124305
"1282",2022,"E. Hampton","Northern Illinois",91.9151086407276,46.6902475997979,32.844871147044,57.6048509348156,34.8660939868621,41.9403739262254,37.4431531076301,77.2359777665488,79.4340576048509
"1283",2022,"E. Jones","Arizona State",23.799898938858,21.8797372410308,18.266801414856,10.055583628095,57.5037897928247,30.4699343102577,18.3425972713492,12.3799898938858,72.0060636685194
"1284",2022,"E. Morehead","Boston College",63.3653360282971,42.4962102071753,21.121778676099,50.4295098534614,35.1187468418393,51.6927741283477,11.4199090449722,11.8241536129358,66.9530065689742
"1285",2022,"E. Simon","Rutgers",5.0277918140475,7.78170793329964,8.53966649823144,13.5927235977767,10.2071753410814,23.244062657908,9.70186963112684,35.699848408287,71.9050025265285
"1286",2022,"E. Warner","Temple",68.9742294087923,84.7902981303689,88.4284992420414,80.0404244567964,79.7372410308236,93.2289034866094,10.8135421930268,99.1915108640728,47.8019201616978
"1287",2022,"F. Harris","UTSA",96.3617988883274,92.4204143506822,95.0480040424457,92.9762506316321,83.3249115715008,95.6543708943911,95.9575543203638,66.0434562910561,7.88276907529055
"1288",2022,"G. Bohanon","South Florida",78.6255684689237,75.7958564931784,90.0960080848914,60.6366851945427,83.9312784234462,43.355229914098,86.811520970187,98.3577564426478,55.2804446690248
"1289",2022,"G. Hardison","UTEP",55.1288529560384,46.4881253158161,82.8701364325417,36.5841334007074,56.088933804952,50.1768569984841,53.2592218292067,34.411318847903,43.3046993431026
"1290",2022,"G. James","Florida International",18.1910055583628,23.4461849418898,19.5048004042446,17.0793329964629,43.7594744820616,24.1030823648307,34.1081354219303,82.7690752905508,35.0682162708439
"1291",2022,"G. Mccall","Coastal Carolina",93.3804951995958,97.2208185952501,95.3006568974229,84.8408287013643,99.5452248610409,96.5639211723093,54.1687721071248,47.7513895907024,73.1682668014149
"1292",2022,"G. Mertz","Wisconsin",46.7660434562911,45.3259221829207,68.1152097018696,48.0040424456796,42.0414350682163,53.5118746841839,27.7412834765033,30.6720565942395,33.6028297119757
"1293",2022,"G. Rangel","Oklahoma State",3.05709954522486,3.23395654370895,2.98130368873168,9.60080848913593,1.86963112683173,19.3026781202628,3.3855482566953,65.0833754421425,70.0859019706923
"1294",2022,"G. Shrader","Syracuse",84.9924204143507,74.8863062152602,84.0576048509348,83.9312784234462,46.0838807478524,68.9742294087923,91.1066195048004,11.9252147549267,39.9191510864073
"1295",2022,"G. Watson","Troy",34.0576048509348,39.2622536634664,60.5608893380495,51.288529560384,27.8928751894896,46.5386558868115,43.6078827690753,6.61950480040424,18.0899444163719
"1296",2022,"G. Wells","Virginia Tech",12.0262758969176,19.7574532592218,13.9969681657403,42.0414350682163,8.18595250126326,15.6644770085902,40.5255179383527,19.4290045477514,35.5735219807984
"1297",2022,"G. Wimsatt","Rutgers",15.5634158665993,14.7549267306721,17.0035371399697,4.95199595755432,58.2617483577564,31.0763011622031,11.3188479029813,49.1915108640728,61.0914603335018
"1298",2022,"H. Ahlers","East Carolina",89.0348660939869,96.766043456291,86.3567458312279,83.122789287519,98.433552299141,98.2819605861546,79.4340576048509,93.6836786255685,68.0646791308742
"1299",2022,"H. Card","Texas",97.7008590197069,75.1389590702375,67.9130874178878,92.9257200606367,12.4810510358767,45.0732693279434,64.7296614451743,27.6907529055078,97.9787771601819
"1300",2022,"H. Colombi","Marshall",88.2516422435573,36.3314805457302,23.521980798383,54.0677109651339,21.5260232440627,40.8792319353209,25.2147549267307,10.0050530570995,88.7316826680141
"1301",2022,"H. Dekkers","Iowa State",55.4825669530066,54.2698332491157,51.4401212733704,20.0101061141991,87.7210712481051,77.9686710459828,11.9757453259222,49.722081859525,5.20464881253159
"1302",2022,"H. Hooker","Tennessee",94.2395149065184,94.2900454775139,61.1167256189995,96.5133906013138,74.0272865083375,94.188984335523,87.8726629610915,38.6053562405255,87.9737241030824
"1303",2022,"H. King","Texas A&M",23.4714502273876,8.43860535624053,39.4138453764527,6.46791308741789,24.8105103587671,7.57958564931783,59.6766043456291,84.0323395654371,14.9065184436584
"1304",2022,"H. Wolff","Old Dominion",14.8054573016675,42.3951490651844,39.3633148054573,35.2703385548257,53.6634663971703,52.400202122284,43.0015159171299,14.0980293077312,35.4724608388075
"1305",2022,"J. Bean","Kansas",78.9287518948964,99.2925720060637,95.8564931783729,97.7261243052046,97.877716018191,82.011116725619,68.1152097018696,89.3127842344618,79.2824658918646
"1306",2022,"J. Bennett","Liberty",48.989388580091,43.911066195048,69.0247599797878,33.4007074279939,62.8600303183426,44.6184941889843,52.400202122284,7.7311773623042,58.1606872157655
"1307",2022,"J. Blackman","Arkansas State",35.7251136937847,47.0944921677615,37.6452753916119,48.3577564426478,43.911066195048,50.7832238504295,62.3547246083881,13.2390096008085,96.2102071753411
"1308",2022,"J. Daniels","Kansas",83.6280949974735,98.2314300151592,96.867104598282,93.0267812026276,98.989388580091,92.8751894896412,77.3623041940374,88.6306215260232,72.7134916624558
"1309",2022,"J. Daniels","LSU",91.0560889338049,77.4128347650328,64.8054573016675,78.878221323901,68.1152097018696,82.2637695805963,95.8059626073775,8.74178878221324,66.4982314300152
"1310",2022,"J. Daniels","West Virginia",39.7675593734209,57.5543203638201,31.8847902981304,51.7938352703386,61.7988883274381,67.4077817079333,23.4967155128853,70.0859019706923,57.099545224861
"1311",2022,"J. Dart","Ole Miss",75.8463870641738,67.6604345629106,63.9211723092471,70.5406771096513,58.4133400707428,80.6973218797372,63.2642748863062,80.1414855987873,24.4567963617989
"1312",2022,"J. Dunniway","Sacramento State",82.2132390096008,78.322385042951,89.7422940879232,65.588681152097,84.7397675593734,75.5432036382011,15.9171298635675,73.6230419403739,36.3820111167256
"1313",2022,"J. Garcia","Miami",60.6366851945427,16.1697827185447,43.6584133400707,49.9242041435068,3.58767054067711,28.5497726124305,24.2546740778171,1.97069226882264,81.9100555836281
"1314",2022,"J. Haener","Fresno State",89.7422940879232,78.2213239009601,55.3815058110157,78.322385042951,71.2481051035877,84.5376452753916,34.7650328448711,24.4567963617989,85.144012127337
"1315",2022,"J. Hall","BYU",95.9575543203638,93.3804951995958,86.2304194037393,94.0373926225366,84.5881758463871,96.2607377463365,54.0677109651339,91.8140474987367,55.9373420919656
"1316",2022,"J. Laura","Arizona",73.0672056594239,83.7291561394644,97.7261243052046,72.6124305204649,88.9843355229914,91.0055583628095,65.9929257200606,51.9201616978272,3.18342597271349
"1317",2022,"J. Mayden","San Diego State",87.6200101061142,83.3249115715008,74.7852450732693,47.2460838807479,96.867104598282,72.0060636685194,80.8489135927236,32.9711975745326,22.4355735219808
"1318",2022,"J. Mccarthy","Michigan",82.0616472966145,89.9949469429005,75.5432036382011,92.1677614957049,72.6124305204649,89.4896412329459,76.7054067710965,83.7038908539667,89.8938858009096
"1319",2022,"J. Paddock","Ball State",32.844871147044,17.5846387064174,20.6417382516422,37.7463365336028,8.74178878221324,15.0075795856493,12.8852956038403,92.9257200606367,16.8266801414856
"1320",2022,"J. Plumlee","UCF",57.200606366852,68.1152097018696,42.2435573521981,82.8196058615462,39.5654370894391,54.1687721071248,97.321879737241,25.7705912076806,49.3178372915614
"1321",2022,"J. Plummer","California",32.3648307225872,55.8362809499747,46.8418393127842,32.6932794340576,77.6654876200101,72.2587165234967,41.8898433552299,31.3289540171804,45.2753916119252
"1322",2022,"J. Salopek","Western Michigan",6.51844365841334,5.15411824153613,19.6058615462355,5.05305709954522,15.5128852956038,3.78979282465892,49.9747347145023,2.27387569479535,10.9146033350177
"1323",2022,"J. Shelley","Missouri State",56.2910560889338,69.4290045477514,61.8494188984335,54.8762001010611,78.878221323901,66.700353713997,81.3036887316827,2.42546740778171,64.2243557352198
"1324",2022,"J. Shrout","Colorado",28.8529560384032,28.044466902476,19.0500252652855,24.4062657908034,40.3233956543709,33.1480545730167,36.2304194037393,71.2733703890854,55.1288529560384
"1325",2022,"J. Sims","Georgia Tech",21.6270843860536,14.855987872663,8.74178878221324,24.9621020717534,13.7948458817585,11.9757453259222,61.5967660434563,8.38807478524507,87.266296109146
"1326",2022,"J. Travis","Florida State",80.722587165235,94.4921677614957,95.4017180394138,96.2102071753411,78.7771601819101,93.0267812026276,93.3804951995958,73.5725113693785,78.9287518948964
"1327",2022,"K. Jefferson","Arkansas",85.4471955533098,91.4603335017686,96.2102071753411,81.2026275896918,91.6119252147549,92.2182920667004,87.1147043961597,30.0404244567964,37.2915613946438
"1328",2022,"K. Marsh","South Florida",20.11116725619,30.3183425972714,37.0641738251642,84.4365841334007,2.62758969176352,40.7276402223345,14.7549267306721,58.4386053562405,85.6493178372916
"1329",2022,"K. Rourke","Ohio",98.1808994441637,96.3617988883274,94.4921677614957,98.0293077311774,74.5831227892875,97.2208185952501,48.3072258716523,74.5831227892875,74.7347145022739
"1330",2022,"K. Salter","Liberty",74.8357756442648,25.6189994946943,44.1131884790298,6.72056594239515,84.0828701364325,24.6589186457807,57.7564426478019,8.59019706922688,27.9939363314806
"1331",2022,"K. Shoemaker","Sam Houston",8.23648307225872,21.9302678120263,18.7468418393128,10.7630116220313,52.0464881253158,16.7256189994947,68.9742294087923,93.3804951995958,66.3466397170288
"1332",2022,"K. Slovis","Pittsburgh",32.3648307225872,26.1243052046488,53.410813542193,72.4608388074785,2.67812026275897,30.5709954522486,32.3395654370894,76.0990399191511,25.3158160687216
"1333",2022,"K. Vantrease","Georgia Southern",93.4310257705912,82.7185447195553,88.0747852450733,64.4770085901971,93.7342091965639,95.2501263264275,45.5785750378979,98.989388580091,0.960080848913591
"1334",2022,"L. Fife","Fresno State",50.8842849924204,5.7099545224861,17.1803941384538,7.22587165234967,10.1061141990905,16.0181910055584,26.7306720565942,15.2349671551289,51.9454269833249
"1335",2022,"L. Hatcher","Texas State",10.4092976250632,23.1430015159171,7.12481051035877,16.5234967155129,43.5573521980798,28.4992420414351,12.4810510358767,66.2961091460333,51.9959575543204
"1336",2022,"L. Lyddy","Louisiana Tech",19.100555836281,16.6245578575038,20.9954522486104,3.13289540171804,76.3516927741283,24.355735219808,43.2036382011117,75.088428499242,76.5538150581101
"1337",2022,"M. Cunningham","Louisville",41.3340070742799,32.0363820111167,52.6275896917635,52.1980798383022,18.9489641232946,29.3077311773623,63.5169277412835,27.9939363314806,32.4911571500758
"1338",2022,"M. Duggan","TCU",37.9989893885801,71.7534108135422,48.8377968671046,71.0965133906013,65.8413340070743,83.7291561394644,83.5270338554826,39.5654370894391,53.8150581101566
"1339",2022,"M. Kendrick","New Mexico",2.93077311773623,2.17281455280445,0.151591712986354,7.98383021728145,1.0611419909045,4.04244567963618,15.8160687215765,0.656897422940883,78.8276907529055
"1340",2022,"M. Mcdonald","Bowling Green",49.3178372915614,64.9823143001516,75.9979787771602,44.6690247599798,78.4234461849419,74.1788782213239,46.589186457807,20.1616978271854,35.2198079838302
"1341",2022,"M. Penix","Washington",90.7529055078322,95.5533097524002,90.3486609398686,87.2157655381506,98.5851440121273,99.4946942900455,49.5199595755432,99.44416371905,48.9641232945932
"1342",2022,"M. Pratt","Tulane",77.0085901970692,84.9924204143507,75.5937342091966,94.2900454775139,41.4855987872663,85.8514401212734,87.822132390096,22.233451237999,62.1020717534108
"1343",2022,"M. Wright","Vanderbilt",35.2450732693279,58.5144012127337,18.6457806973219,57.1500757958565,56.2910560889338,42.6478019201617,64.6791308741789,93.1783729156139,76.6548762001011
"1344",2022,"N. Cox","Nevada",33.855482566953,45.5280444669025,28.4739767559373,39.2117230924709,52.1475492673067,20.8185952501263,92.4709449216776,65.0833754421425,68.6710459828196
"1345",2022,"N. Henderson","Delaware",73.9767559373421,72.0565942395149,68.6205154118241,81.5563415866599,45.9828196058616,81.0510358767054,67.2561899949469,53.9161192521475,58.8175846387064
"1346",2022,"P. Jurkovec","Boston College",11.2430520464881,32.9459322890349,30.7983830217281,44.0626579080344,28.3981808994442,34.5629105608893,49.6715512885296,16.3719050025265,49.9747347145023
"1347",2022,"P. Mcneil","Louisiana Tech",43.7089439110662,89.388580090955,89.2875189489641,79.6867104598282,91.510864072764,80.4951995957554,22.1323900960081,29.4593228903487,77.9686710459828
"1348",2022,"P. Thorne","Michigan State",66.8519454269833,58.9691763516928,68.1657402728651,51.1369378473977,64.6286003031834,72.0565942395149,32.7438100050531,70.66700353714,31.4300151591713
"1349",2022,"Q. Ewers","Texas",52.1728145528044,43.7594744820616,57.8575037897928,70.389085396665,17.8372915613946,56.3415866599293,14.6538655886811,84.2849924204144,61.6472966144517
"1350",2022,"R. Ashford","Auburn",10.3082364830723,37.2410308236483,31.3289540171804,22.9408792319353,55.7352198079838,12.6831733198585,95.0480040424457,18.6963112683173,39.11066195048
"1351",2022,"R. Hilinski","Northwestern",30.4951995957554,34.2091965639212,37.3926225366347,28.7013643254169,46.2354724608388,39.2117230924709,34.3102577059121,97.3471450227388,54.2193026781203
"1352",2022,"R. Leonard","Duke",76.2506316321374,87.0136432541688,62.5568468923699,76.2506316321374,91.1571500757959,84.5881758463871,96.867104598282,83.4765032844871,76.4527539161192
"1353",2022,"S. Bennett","Georgia",96.9681657402729,95.3006568974229,97.8271854471955,95.5533097524002,87.0136432541688,98.5851440121273,65.4876200101061,96.9176351692774,29.3582617483578
"1354",2022,"S. Clifford","Penn State",53.0823648307226,70.389085396665,78.7013643254169,62.455785750379,73.2693279434058,82.566953006569,26.2253663466397,75.9979787771602,28.9034866093987
"1355",2022,"S. Hartman","Wake Forest",94.8458817584639,87.7210712481051,89.7928246589186,68.822637695806,95.8059626073775,96.9176351692774,15.5634158665993,26.8822637695806,1.26326427488631
"1356",2022,"S. Henigan","Memphis",65.8160687215765,70.0859019706923,40.8034360788277,44.8711470439616,91.0055583628095,89.3380495199596,38.655886811521,32.5416877210712,18.99949469429
"1357",2022,"S. Illingworth","Nevada",1.0611419909045,1.71803941384537,0.505305709954518,2.42546740778171,6.21526023244062,6.26579080343608,16.978271854472,3.33501768569985,90.6013137948459
"1358",2022,"S. Petras","Iowa",22.233451237999,8.53966649823144,13.5927235977767,18.2415361293583,8.94391106619504,6.41738251642243,25.2652854977261,4.14350682162708,86.0030318342597
"1359",2022,"S. Rattler","South Carolina",24.8105103587671,28.9540171803941,12.3547246083881,11.8241536129358,72.1071248105104,30.1162203132895,46.033350176857,43.7594744820616,2.62758969176352
"1360",2022,"S. Sanders","Oklahoma State",45.8817584638706,49.2167761495705,63.5169277412835,69.833249115715,20.1616978271854,36.0788276907529,92.3193532086913,75.8211217786761,39.8180899444164
"1361",2022,"T. Bourguet","Arizona State",85.9019706922688,88.0242546740778,94.7953511874684,88.6811520970187,75.6947953511875,72.5618999494694,59.1712986356746,84.7397675593734,83.6280949974735
"1362",2022,"T. Centeio","James Madison",93.9868620515412,96.8165740272865,98.3830217281455,96.1596766043456,91.4603335017686,93.633148054573,83.0722587165235,68.7215765538151,64.1232945932289
"1363",2022,"T. Devito","Illinois",78.3476503284487,55.1793835270339,79.2824658918646,68.2162708438605,38.2011116725619,58.3122789287519,71.1975745325922,27.3875694795351,46.1344113188479
"1364",2022,"T. Dyke","Miami",53.5624052551794,47.7008590197069,43.4815563415867,55.9373420919656,34.7650328448711,60.0303183425973,9.09550277918141,63.8706417382516,53.0570995452249
"1365",2022,"T. Gleason","Toledo",65.133906013138,68.5194542698332,64.0980293077312,55.3815058110157,73.1682668014149,45.8817584638706,66.2455785750379,33.2491157150076,87.822132390096
"1366",2022,"T. Green","Boise State",86.9378473976756,84.8913592723598,92.1172309247094,85.8009095502779,72.8650833754421,66.9530065689742,93.3299646286003,98.0293077311774,51.4401212733704
"1367",2022,"T. Lowe","Southern Miss",6.41738251642243,25.4674077817079,31.9858514401213,10.611419909045,65.9929257200606,41.2834765032845,6.97321879737242,1.86963112683173,84.8913592723598
"1368",2022,"T. Mckee","Stanford",44.2647801920162,31.6321374431531,26.3264274886306,29.4593228903487,41.6371905002527,46.9934310257706,9.65133906013138,14.6033350176857,18.9489641232946
"1369",2022,"T. Mcmahon","Rice",71.9807983830217,83.3754421424962,87.7716018191006,70.944921677615,90.7529055078322,75.2905507832238,67.710965133906,23.9262253663466,43.7594744820616
"1370",2022,"T. Mordecai","SMU",70.8438605356241,84.2849924204144,78.7771601819101,68.7721071248105,90.0960080848914,93.1278423446185,47.6503284487115,85.3461344113188,33.1480545730167
"1371",2022,"T. Morgan","Minnesota",94.0373926225366,83.6786255684689,88.7822132390096,69.7827185447196,91.0560889338049,63.5674583122789,62.0010106114199,74.8610409297625,71.1975745325922
"1372",2022,"T. Powell","Eastern Michigan",60.0808489135927,61.899949469429,80.7478524507327,77.766548762001,31.6321374431531,63.6685194542698,48.4082870136433,29.055078322385,44.9722081859525
"1373",2022,"T. Shough","Texas Tech",57.7564426478019,63.011622031329,79.9898938858009,73.2693279434058,44.4163719050025,40.6771096513391,84.6387064173825,45.3764527539161,68.7721071248105
"1374",2022,"T. Tagovailoa","Maryland",61.1419909044972,70.8438605356241,76.5538150581101,67.3572511369378,69.2268822637696,83.021728145528,53.2086912582112,19.5048004042446,49.8231430015159
"1375",2022,"W. Howard","Kansas State",60.9903991915109,93.7342091965639,95.0985346134411,56.9479535118747,98.5346134411319,84.0323395654371,37.9989893885801,78.3981808994442,94.4921677614957
"1376",2022,"W. Levis","Kentucky",43.2541687721071,46.0838807478524,85.5482566953007,34.7650328448711,56.1394643759475,50.6316321374431,53.6634663971703,4.24456796361798,9.14603335017685
"1377",2022,"W. Rogers","Mississippi State",82.1121778676099,33.9565437089439,24.8105103587671,32.9459322890349,41.0813542193027,60.1313794845882,1.31379484588175,81.6068721576554,6.82162708438605
"1378",2022,"X. Shepherd","Kennesaw State",20.4648812531582,22.1323900960081,10.7882769075291,17.9383527033856,37.8473976755937,49.3683678625569,0.252652854977264,54.8509348155634,46.9934310257706
"1379",2022,"Z. Turner","UConn",14.3506821627084,16.8772107124811,18.266801414856,4.6488125315816,53.5624052551794,19.4542698332491,19.9090449722082,36.3820111167256,22.1323900960081
"1380",2022,"Z. Webb","Jacksonville State",64.4770085901971,72.3092470944922,52.956038403234,56.7458312278929,85.2956038403234,44.2647801920162,94.2900454775139,61.3946437594745,28.0949974734715
"1381",2022,"Z. Wilcke","Southern Miss",40.0707427993936,15.6139464375948,49.5704901465387,7.68064679130874,48.711470439616,25.5179383527034,15.310763011622,17.9383527033856,30.9247094492168
"1382",2023,"A. Bowman","Oklahoma State",73.2693279434058,68.822637695806,83.7038908539667,68.4183931278424,64.022233451238,86.0030318342597,41.6371905002527,98.7872662961091,17.8878221323901
"1383",2023,"A. Colandrea","Virginia",54.8256695300657,57.9080343607883,51.9454269833249,73.1177362304194,33.1480545730167,53.1581606872158,70.6922688226377,23.3451237998989,38.100050530571
"1384",2023,"A. Daniels","Stanford",32.1879737241031,59.9292572006064,33.7796867104598,82.2132390096008,20.5659423951491,59.1712986356746,78.5750378979282,24.4062657908034,82.9206670035371
"1385",2023,"A. Flinn","East Carolina",6.6700353713997,3.03183425972714,2.82971197574533,4.5477513895907,7.57958564931783,2.3244062657908,0.404244567963619,21.7786760990399,14.7043961596766
"1386",2023,"A. Kaliakmanis","Minnesota",35.6240525517938,34.3607882769075,67.2561899949469,30.1162203132895,43.0015159171299,29.610914603335,69.6311268317332,27.5391611925215,64.2748863062153
"1387",2023,"A. Padgett","Rice",49.4188984335523,31.9353208691258,60.7882769075291,26.5285497726124,47.3976755937342,35.0176856998484,39.2622536634664,12.4810510358767,55.7857503789793
"1388",2023,"A. Peasley","Wyoming",80.9499747347145,84.4365841334007,70.944921677615,81.0510358767054,79.8383021728146,67.0035371399697,94.8964123294593,9.37342091965639,79.5856493178373
"1389",2023,"A. Reed","Western Kentucky",61.344113188479,85.9525012632643,75.7958564931784,65.8413340070743,94.7953511874684,90.3486609398686,84.7397675593734,97.7766548762001,30.7731177362304
"1390",2023,"A. Smith","Eastern Michigan",8.64072764022233,17.1298635674583,3.99191510864073,36.2809499747347,8.28701364325417,10.4598281960586,55.6846892369884,11.2177867609904,82.4658918645781
"1391",2023,"A. Swann","Vanderbilt",42.5972713491662,53.2592218292067,78.9287518948964,77.1096513390601,21.2733703890854,48.1051035876705,51.2379989893886,43.9615967660435,81.6574027286508
"1392",2023,"B. Armstrong","NC State",42.1424962102072,53.6634663971703,26.1495704901465,29.055078322385,83.1733198585144,56.4931783729156,65.3360282971198,72.1576553815058,64.022233451238
"1393",2023,"B. Barnes","Utah",43.5320869125821,22.8398180899444,13.9969681657403,31.8342597271349,22.0313289540172,18.2920667003537,60.4850934815563,53.3602829711976,40.3233956543709
"1394",2023,"B. Brown","South Florida",43.911066195048,52.7539161192522,42.799393633148,54.2698332491157,47.7513895907024,59.0702374936837,88.0242546740778,17.0288024254674,4.74987367357251
"1395",2023,"B. Bryant","Northwestern",47.6503284487115,51.844365841334,54.5730166750884,37.4936836786256,68.7215765538151,58.4133400707428,35.977766548762,10.5608893380495,81.2531581606872
"1396",2023,"B. Cook","Missouri",93.633148054573,93.4815563415867,92.066700353714,96.0080848913593,75.3410813542193,93.7847397675594,91.4603335017686,33.1480545730167,75.9979787771602
"1397",2023,"B. Daily","Army",18.6457806973219,40.1718039413845,7.7311773623042,26.5790803436079,57.4532592218292,30.0151591712986,79.1814047498737,66.5487620010106,65.9929257200606
"1398",2023,"B. Fowler-Nicolosi","Colorado State",96.1091460333502,80.4951995957554,73.1177362304194,48.9135927235978,95.6543708943911,94.1384537645275,0.555836280949973,92.7235977766549,1.31379484588175
"1399",2023,"B. Gabbert","Miami (OH)",54.3961596766043,66.9024759979788,48.6104092976251,67.0540677109651,62.1020717534108,59.1207680646791,56.644770085902,30.2930773117736,54.4214249621021
"1400",2023,"B. Lewis","Nevada",36.6346639717029,49.4694290045477,41.9403739262254,28.0949974734715,73.521980798383,28.9540171803941,89.1359272359778,7.63011622031329,50.3284487114704
"1401",2023,"B. Locke","Wisconsin",7.37746336533602,19.0500252652855,5.22991409802931,4.69934310257706,66.8014148559879,31.9858514401213,14.300151591713,77.8423446184942,87.4684183931278
"1402",2023,"B. Morton","Texas Tech",27.6907529055078,25.7200606366852,57.0237493683679,37.3420919656392,21.9302678120263,18.7468418393128,70.0353713996968,60.4850934815563,54.3708943911066
"1403",2023,"B. Nix","Oregon",99.7978777160182,99.5957554320364,83.7038908539667,99.1915108640728,97.6755937342092,99.8484082870136,76.0485093481556,99.0399191510864,92.6730672056594
"1404",2023,"B. Schager","Hawai'i",65.3360282971198,50.4295098534614,50.4042445679636,46.3870641738252,53.410813542193,71.955533097524,28.2465891864578,27.1854471955533,15.5634158665993
"1405",2023,"B. Shapen","Baylor",76.0232440626579,78.7771601819101,79.3835270338555,73.7746336533603,75.644264780192,74.2799393633148,73.0672056594239,23.8504295098535,94.2395149065184
"1406",2023,"B. Sorsby","Indiana",65.6897422940879,56.0384032339565,34.967155128853,74.3810005053057,29.8130368873168,47.4482061647297,77.0085901970692,52.6275896917635,79.0803436078828
"1407",2023,"B. Wiles","Southern Miss",13.9969681657403,34.6639717028802,30.0656897422941,29.7119757453259,46.9934310257706,39.9696816574027,42.3951490651844,57.4532592218292,67.5088428499242
"1408",2023,"C. Bazelak","Bowling Green",40.1465386558868,35.8767054067711,37.7968671045983,29.7625063163214,46.9429004547751,36.6346639717029,56.3415866599293,20.3638201111673,72.511369378474
"1409",2023,"C. Beck","Georgia",98.8883274381,97.9787771601819,98.6356745831228,96.4628600303183,95.7049014653866,98.7367357251137,70.0859019706923,92.622536634664,46.7913087417888
"1410",2023,"C. Bradley","South Alabama",56.1394643759475,85.2956038403234,83.7796867104598,69.3784739767559,90.5507832238504,82.8701364325417,72.966144517433,29.7625063163214,60.5356240525518
"1411",2023,"C. Cordeiro","San José State",57.4532592218292,77.8170793329965,69.5300656897423,63.4158665992926,83.8302172814553,83.577564426478,69.1763516927741,61.6978271854472,79.9393633148055
"1412",2023,"C. Fancher","Marshall",48.4840828701364,26.932794340576,42.1424962102072,39.8180899444164,20.7680646791309,34.2091965639212,20.0101061141991,16.3213744315311,9.55027791814047
"1413",2023,"C. Fields","Louisiana",83.9312784234462,55.5836280949975,73.4714502273876,89.4391106619505,8.48913592723598,45.7806973218797,50.9348155634159,17.5593734209197,92.5720060636685
"1414",2023,"C. Klubnik","Clemson",43.8605356240526,29.7119757453259,18.1910055583628,24.3052046488125,43.7089439110662,35.977766548762,31.1268317331986,63.5169277412835,15.9171298635675
"1415",2023,"C. Legas","Utah State",67.4583122789288,69.9343102577059,57.8575037897928,69.8837796867105,64.5275391611925,63.8706417382516,57.4027286508338,16.9024759979788,53.6634663971703
"1416",2023,"C. Mcconnell","UTEP",17.2309247094492,33.855482566953,50.4042445679636,45.5785750378979,28.0949974734715,51.2379989893886,2.62758969176352,32.7185447195553,78.1707933299646
"1417",2023,"C. Miller","North Dakota State",97.1702880242547,98.4840828701364,97.0186963112683,91.0560889338049,99.2420414350682,96.3617988883274,94.0879231935321,61.0409297625063,68.3173319858514
"1418",2023,"C. Morris","TCU",74.2294087923193,83.0722587165235,94.3405760485093,66.8519454269833,87.6705406771097,61.1925214754927,77.6654876200101,58.4386053562405,72.6124305204649
"1419",2023,"C. Pennington","Marshall",7.80697321879738,5.35624052551794,0.808489135927237,23.3956543708944,1.66750884284993,16.6245578575038,36.988377968671,27.0085901970692,91.4098029307731
"1420",2023,"C. Rogers","North Texas",54.6235472460839,83.5270338554826,76.1495704901465,73.6230419403739,86.1546235472461,93.8858009095503,40.1718039413845,22.4608388074785,44.1131884790298
"1421",2023,"C. Snyder","Buffalo",62.5063163213744,43.8605356240526,29.5603840323396,34.0576048509348,55.4825669530066,60.7882769075291,8.43860535624053,69.4795351187469,50.5811015664477
"1422",2023,"C. Veilleux","Pittsburgh",4.09297625063163,3.73926225366347,8.59019706922688,0.859019706922692,47.043961596766,19.100555836281,0.656897422940883,76.8822637695806,41.2834765032845
"1423",2023,"C. Ward","Washington State",81.6068721576554,60.2829711975745,68.3173319858514,47.4482061647297,77.6149570490146,72.966144517433,82.0616472966145,30.5204648812532,17.1298635674583
"1424",2023,"C. Weigman","Texas A&M",91.8140474987367,96.2102071753411,90.5507832238504,88.5800909550278,97.6250631632137,68.3173319858514,55.1288529560384,94.2900454775139,95.8059626073775
"1425",2023,"C. Williams","Tulsa",83.1733198585144,96.0586154623547,96.5639211723093,51.7433046993431,99.5957554320364,67.6099039919151,86.5588681152097,7.98383021728145,68.1152097018696
"1426",2023,"C. Williams","USC",74.1030823648307,90.0960080848914,91.7129863567458,81.3542193026781,94.0373926225366,92.3193532086913,87.4178878221324,18.3425972713492,29.4593228903487
"1427",2023,"D. Allar","Penn State",91.7129863567458,88.6306215260232,89.8433552299141,81.1520970186963,87.266296109146,86.2051541182415,91.1571500757959,89.7928246589186,80.3941384537645
"1428",2023,"D. Brin","Georgia Southern",65.5128852956038,29.3077311773623,11.7736230419404,15.0075795856493,68.6205154118241,41.6877210712481,9.44921677614957,57.7817079332996,0.202122283981809
"1429",2023,"D. Finn","Toledo",82.6932794340576,84.6387064173825,77.2612430520465,65.7908034360788,89.5907023749368,86.7609903991915,84.5376452753916,91.3592723597777,50.8842849924204
"1430",2023,"D. Gabriel","Oklahoma",99.2420414350682,99.6968165740273,99.0904497220819,98.8377968671046,99.4946942900455,99.2925720060637,93.5320869125821,78.7013643254169,73.8251642243557
"1431",2023,"D. Grainger","Georgia State",70.1364325416877,68.3678625568469,47.7008590197069,45.477513895907,86.2051541182415,78.6760990399192,75.7453259221829,71.6270843860536,26.478019201617
"1432",2023,"D. Hill","Iowa",4.87620010106115,0.656897422940883,1.81910055583628,1.21273370389086,2.93077311773623,0.252652854977264,15.6644770085902,15.5128852956038,22.4861040929763
"1433",2023,"D. Hopkins","New Mexico",78.5245073269328,79.0298130368873,78.2718544719555,82.6174835775644,65.7402728650834,79.5351187468418,30.5204648812532,70.5912076806468,41.5866599292572
"1434",2023,"D. Irons","Akron",8.69125821121779,8.18595250126326,0.757958564931782,30.0151591712986,0.404244567963619,18.4941889843355,14.0474987367357,13.6432541687721,93.6836786255685
"1435",2023,"D. Leary","Kentucky",28.4487114704396,38.0495199595755,80.5962607377463,53.6634663971703,24.6589186457807,49.8736735725114,23.0924709449217,52.400202122284,9.44921677614957
"1436",2023,"D. Maye","North Carolina",81.00050530571,84.7397675593734,71.399696816574,78.3729156139464,86.5083375442143,88.4790298130369,92.8246589186458,45.5533097524002,27.7412834765033
"1437",2023,"D. Moore","UCLA",18.3931278423446,16.7256189994947,23.6988377968671,26.8822637695806,16.3719050025265,24.1536129358262,14.8054573016675,5.17938352703385,46.8923698837797
"1438",2023,"D. Pavia","New Mexico State",79.3835270338555,76.9075290550783,35.0176856998484,75.5937342091966,70.5406771096513,86.4578069732188,78.9792824658919,41.5361293582618,30.5709954522486
"1439",2023,"D. Richardson","Florida Atlantic",20.7680646791309,30.0151591712986,27.1349166245579,29.8130368873168,36.6346639717029,26.1243052046488,64.0727640222335,28.600303183426,65.0833754421425
"1440",2023,"D. Smith","Houston",63.6685194542698,53.1581606872158,54.8256695300657,46.1849418898434,59.77766548762,52.3496715512885,87.0641738251642,38.100050530571,20.8185952501263
"1441",2023,"D.J. Uiagalelei","Oregon State",91.7635169277413,95.755432036382,96.2607377463365,96.1091460333502,86.4578069732188,89.0348660939869,93.8352703385548,78.0697321879737,65.4370894391107
"1442",2023,"E. Garbers","UCLA",90.955027791814,90.7023749368368,98.1808994441637,68.0141485598787,96.0080848913593,65.1844365841334,72.3597776654876,24.5578575037898,89.6412329459323
"1443",2023,"E. Jones","Cincinnati",54.1182415361294,66.8519454269833,55.6846892369884,54.5730166750884,74.2799393633148,65.0833754421425,89.4391106619505,24.5578575037898,53.7139969681657
"1444",2023,"E. Vasko","Coastal Carolina",50.4042445679636,81.6068721576554,20.7680646791309,64.2243557352198,92.8246589186458,56.8974229408792,69.277412834765,86.7862556846892,97.6755937342092
"1445",2023,"E. Warner","Temple",83.2743810005053,81.7584638706417,85.0682162708439,57.655381505811,89.1864578069732,87.3673572511369,62.6073774633653,96.766043456291,16.7761495704902
"1446",2023,"F. Harris","UTSA",90.8034360788277,90.6013137948459,93.5573521980798,78.7771601819101,94.2900454775139,89.2369883779687,81.1015664477009,64.6286003031834,54.1687721071248
"1447",2023,"F. Mendoza","California",58.5649317837292,40.5255179383527,76.9075290550783,20.0606366851945,71.8039413845377,44.7700859019707,40.4749873673573,45.3764527539161,14.8054573016675
"1448",2023,"G. Greene","West Virginia",88.7316826680141,96.1596766043456,87.4178878221324,97.2713491662456,81.1520970186963,88.8832743810005,92.622536634664,98.8377968671046,86.6599292572006
"1449",2023,"G. Hardison","UTEP",61.2430520464881,57.9585649317837,73.0166750884285,56.9984840828701,54.3708943911066,48.3577564426478,45.4269833249116,9.85346134411319,85.8009095502779
"1450",2023,"G. Loftis","Duke",26.2758969176352,33.3501768569985,51.5159171298636,7.32693279434058,79.1308741788782,36.4830722587165,38.6053562405255,73.244062657908,81.5563415866599
"1451",2023,"G. Mccall","Coastal Carolina",48.4840828701364,81.2026275896918,51.288529560384,61.4957049014654,92.1677614957049,78.9287518948964,24.1536129358262,59.044972208186,79.9898938858009
"1452",2023,"G. Mertz","Florida",74.7347145022739,80.9499747347145,78.0697321879737,90.8034360788277,47.2460838807479,88.2769075290551,36.5841334007074,25.1894896412329,79.1814047498737
"1453",2023,"G. Shrader","Syracuse",74.9368367862557,76.8569984840829,85.699848408287,46.0838807478524,90.8539666498231,64.8812531581607,83.3754421424962,7.68064679130874,56.088933804952
"1454",2023,"G. Watson","Troy",57.2511369378474,69.3784739767559,80.3688731682668,75.5432036382011,53.0570995452249,85.9525012632643,15.6139464375948,59.9292572006064,46.589186457807
"1455",2023,"G. Wilson","Old Dominion",32.5416877210712,29.3582617483578,17.5846387064174,12.8347650328449,63.466397170288,7.68064679130874,93.633148054573,0.859019706922692,33.7544214249621
"1456",2023,"G. Wimsatt","Rutgers",25.9727134916625,34.9166245578575,21.4249621020718,41.5866599292572,32.844871147044,34.8155634158666,62.8600303183426,67.4077817079333,68.8731682668014
"1457",2023,"H. Bachmeier","Louisiana Tech",40.1465386558868,49.6210207175341,47.9535118746842,54.4719555330975,39.7170288024255,59.6260737746336,20.8185952501263,37.2915613946438,81.5058110156645
"1458",2023,"H. Card","Purdue",67.5088428499242,57.1500757958565,55.9878726629611,31.4300151591713,84.0323395654371,70.7427993936331,36.1798888327438,57.5037897928247,40.9297625063163
"1459",2023,"H. Haarberg","Nebraska",7.80697321879738,21.6270843860536,8.26174835775644,7.88276907529055,64.1232945932289,13.2895401718039,76.755937342092,3.13289540171804,59.2723597776655
"1460",2023,"H. King","Georgia Tech",88.2516422435573,95.7049014653866,92.622536634664,87.1652349671551,97.9787771601819,93.4815563415867,93.9868620515412,86.9125821121779,24.1536129358262
"1461",2023,"H. Wolff","Western Michigan",53.4866093986862,72.511369378474,63.5169277412835,75.9979787771602,59.1207680646791,65.4876200101061,55.5836280949975,26.3264274886306,93.3299646286003
"1462",2023,"J. Aguilar","App State",89.6917635169277,92.3698837796867,90.9044972208186,78.1707933299646,96.8165740272865,97.5240020212228,57.655381505811,84.4365841334007,17.5846387064174
"1463",2023,"J. Bauer","Central Michigan",33.4512379989894,67.2056594239515,19.2016169782719,50.3284487114704,80.44466902476,53.6129358261748,92.5214754926731,40.4244567963618,65.5381505811016
"1464",2023,"J. Bean","Kansas",87.4684183931278,98.989388580091,99.7978777160182,99.5957554320364,83.4259727134917,91.8645780697322,63.7190500252653,90.2981303688732,65.133906013138
"1465",2023,"J. Daniels","LSU",99.7473471450227,99.8989388580091,99.6968165740273,99.9494694290046,86.7609903991915,99.0904497220819,99.3431025770591,44.6690247599798,72.966144517433
"1466",2023,"J. Daniels","Rice",88.8327438100051,92.9257200606367,82.1627084386054,72.8650833754421,99.0399191510864,89.1864578069732,37.3926225366347,65.4118241536129,38.7064173825164
"1467",2023,"J. Dart","Ole Miss",82.3648307225872,91.3592723597777,94.5426983324912,93.3299646286003,74.2294087923193,93.9363314805457,75.6947953511875,43.5068216270844,85.2956038403234
"1468",2023,"J. Hoover","TCU",91.6371905002527,95.8059626073775,98.2314300151592,64.7801920161698,99.6968165740273,92.7235977766549,21.9302678120263,93.4310257705912,42.1424962102072
"1469",2023,"J. Jones","Charlotte",3.36028297119757,13.188479029813,5.55836280949975,32.5922182920667,7.98383021728145,13.6432541687721,59.9292572006064,8.18595250126326,82.011116725619
"1470",2023,"J. Laura","Arizona",91.6371905002527,57.6048509348156,94.5932289034866,90.9044972208186,4.24456796361798,45.3259221829207,49.0146538655887,57.2764022233451,48.0545730166751
"1471",2023,"J. Maiava","UNLV",86.5083375442143,84.8408287013643,76.6043456291056,79.9898938858009,80.5457301667509,90.7529055078322,32.8954017180394,90.5760485093482,12.3294593228903
"1472",2023,"J. Mayden","San Diego State",39.9191510864073,26.2758969176352,30.4699343102577,43.1025770591208,17.4835775644265,28.6508337544214,35.2703385548257,53.5624052551794,22.9408792319353
"1473",2023,"J. Mccarthy","Michigan",97.0186963112683,96.4123294593229,96.766043456291,91.8140474987367,96.2607377463365,95.8059626073775,74.2294087923193,55.533097524002,80.9499747347145
"1474",2023,"J. Mccloud","James Madison",98.3324911571501,94.1384537645275,95.9575543203638,94.4416371905002,85.5482566953007,97.4734714502274,60.5861546235472,65.7655381505811,17.7362304194037
"1475",2023,"J. Milroe","Alabama",76.6548762001011,84.5376452753916,63.7190500252653,81.5058110156645,80.2425467407782,80.0404244567964,95.0985346134411,1.1622031328954,36.3314805457302
"1476",2023,"J. Milton","Tennessee",92.4204143506822,68.9742294087923,53.3097524002021,83.3754421424962,38.100050530571,74.2294087923193,71.3491662455786,75.644264780192,67.8120262758969
"1477",2023,"J. Murphy","Kennesaw State",11.066195048004,24.0525517938353,4.69934310257706,38.8074785245073,16.5740272865083,36.1798888327438,12.7842344618494,8.03436078827691,95.9575543203638
"1478",2023,"J. Pachot","Missouri State",81.9858514401213,87.5694795351187,94.8964123294593,53.2086912582112,98.0293077311774,85.9019706922688,36.3820111167256,24.2294087923194,38.5548256695301
"1479",2023,"J. Paddock","Illinois",72.966144517433,87.3168266801415,83.577564426478,98.7872662961091,20.66700353714,66.4982314300152,31.6826680141486,85.4724608388075,90.500252652855
"1480",2023,"J. Plumlee","UCF",70.3385548256695,75.088428499242,77.5138959070238,46.8923698837797,93.9363314805457,61.5462354724608,88.377968671046,70.5154118241536,20.7680646791309
"1481",2023,"J. Plummer","Louisville",80.5962607377463,45.8817584638706,44.2647801920162,53.1076301162203,36.988377968671,64.4770085901971,15.0581101566448,28.9034866093987,11.4199090449722
"1482",2023,"J. Raynor","Arkansas State",81.0510358767054,82.3648307225872,94.9974734714502,91.1066195048004,49.8231430015159,85.6493178372916,57.2511369378474,20.5154118241536,71.2986356745831
"1483",2023,"J. Retzlaff","BYU",5.63415866599293,3.28448711470439,37.5694795351187,2.07175341081354,23.244062657908,10.3587670540677,22.5871652349672,51.6927741283477,51.288529560384
"1484",2023,"J. Travis","Florida State",75.3916119252147,89.4391106619505,92.8751894896412,94.8964123294593,60.0808489135927,89.388580090955,77.7160181910056,76.5285497726124,93.8858009095503
"1485",2023,"J. Turner","Louisiana Tech",39.11066195048,48.8630621526023,42.0161697827185,75.8969176351693,12.3799898938858,39.4138453764527,59.1207680646791,98.2566953006569,86.7609903991915
"1486",2023,"J. Undercuffler","Akron",21.7281455280445,8.33754421424963,10.0303183425973,9.14603335017685,17.6351692774128,12.7842344618494,34.2091965639212,15.4623547246084,21.3744315310763
"1487",2023,"J. Wright","UL Monroe",14.6538655886811,6.72056594239515,15.866599292572,12.9358261748358,9.09550277918141,6.97321879737242,18.1404749873674,4.74987367357251,47.1955533097524
"1488",2023,"J. Zeno","UAB",77.2612430520465,74.6841839312784,39.6159676604346,78.6255684689237,60.2324406265791,86.3062152602324,47.4987367357251,37.4684183931278,21.8797372410308
"1489",2023,"K. Bennett","Sacramento State",93.2794340576048,91.510864072764,91.1066195048004,45.3764527539161,99.6462860030318,85.4977261243052,83.4765032844871,64.5275391611925,60.5861546235472
"1490",2023,"K. Drones","Virginia Tech",34.5629105608893,49.5704901465387,31.1268317331986,57.4532592218292,39.1611925214755,38.0495199595755,89.9949469429005,40.5255179383527,61.5462354724608
"1491",2023,"K. Francis","Tulsa",75.6947953511875,86.9631126831733,81.8595250126326,88.8832743810005,71.4502273875695,63.2642748863062,28.8529560384032,76.5285497726124,98.7367357251137
"1492",2023,"K. Houser","Michigan State",20.11116725619,20.2122283981809,9.39868620515412,24.0020212228398,23.5472460838807,28.1960586154623,21.0712481051036,27.9181404749874,72.3092470944922
"1493",2023,"K. Jefferson","Arkansas",28.2465891864578,45.6291056088934,28.1202627589692,32.3395654370894,61.2935826174836,42.9509853461344,79.33299646286,1.56644770085902,57.9080343607883
"1494",2023,"K. Jenkins","Florida International",17.8372915613946,22.0818595250126,8.69125821121779,9.04497220818595,62.7084386053562,28.1455280444669,10.611419909045,7.8322385042951,27.9434057604851
"1495",2023,"K. Jennings","SMU",37.6705406771097,27.5896917635169,23.521980798383,3.89085396664982,86.9125821121779,35.6240525517938,27.1349166245579,82.5416877210712,83.7291561394644
"1496",2023,"K. Kelly","Ball State",5.25517938352703,15.8160687215765,8.08489135927236,21.9302678120263,16.8772107124811,9.55027791814047,73.5725113693785,33.6533602829712,72.0565942395149
"1497",2023,"K. Mccord","Ohio State",97.4229408792319,96.311268317332,98.7872662961091,95.6543708943911,89.6412329459323,96.6649823143001,25.4674077817079,88.1253158160687,63.4158665992926
"1498",2023,"K. Rourke","Ohio",94.188984335523,85.0934815563416,85.0682162708439,80.6467913087418,83.6786255684689,85.699848408287,48.3577564426478,66.5992925720061,86.7104598281961
"1499",2023,"K. Salter","Liberty",98.9388580090955,98.9388580090955,99.1409802930773,96.4123294593229,98.9388580090955,96.311268317332,98.7367357251137,93.8858009095503,30.166750884285
"1500",2023,"K. Seals","Vanderbilt",11.1672561899949,38.3527033855483,30.0151591712986,82.4153612935826,7.17534108135421,35.3208691258211,57.099545224861,37.0894391106619,86.255684689237
"1501",2023,"K. Shoemaker","Sam Houston",53.1581606872158,36.4830722587165,20.1616978271854,28.1455280444669,51.8948964123295,48.0545730166751,33.5017685699848,87.4936836786256,9.90399191510864
"1502",2023,"K. Slovis","BYU",16.0687215765538,16.7761495704902,13.9969681657403,27.8928751894896,12.5315816068722,15.9676604345629,41.6877210712481,77.5644264780192,40.22233451238
"1503",2023,"L. Altmyer","Illinois",61.7483577564427,39.6159676604346,33.5522991409803,36.533602829712,45.7301667508843,26.6801414855988,84.0323395654371,3.73926225366347,19.3026781202628
"1504",2023,"L. Smothers","Jacksonville State",20.944921677615,33.9060131379485,28.1202627589692,46.3365336028297,25.5684689236988,36.6851945426983,40.3739262253663,58.4386053562405,74.4820616472966
"1505",2023,"M. Alaimo","Kent State",9.22182920667004,17.3319858514401,38.3021728145528,30.2172814552804,12.5821121778676,34.411318847903,4.5477513895907,0.353713996968164,96.5639211723093
"1506",2023,"M. Griffis","Wake Forest",31.2278928751895,32.0869125821122,40.3739262253663,40.3233956543709,28.4487114704396,46.8418393127842,6.92268822637696,1.41485598787267,56.7963617988883
"1507",2023,"M. Hillstead","Utah State",20.944921677615,45.3764527539161,54.0929762506316,6.36685194542699,96.311268317332,44.921677614957,38.5042950985346,6.51844365841334,56.9984840828701
"1508",2023,"M. Johnson","Texas A&M",40.7529055078322,50.6316321374431,49.9242041435068,22.5871652349672,81.7584638706417,57.9080343607883,11.5715007579586,34.3607882769075,70.2374936836786
"1509",2023,"M. Keene","Fresno State",88.6811520970187,70.8943911066195,70.8438605356241,68.7215765538151,68.4183931278424,82.7690752905508,28.5497726124305,71.9050025265285,42.344618494189
"1510",2023,"M. Madsen","Boise State",88.2516422435573,99.2420414350682,98.0798383021728,95.9070237493684,98.7367357251137,76.8064679130874,69.7321879737241,64.1485598787266,94.6942900454775
"1511",2023,"M. Morris","NC State",8.79231935320869,5.10358767054068,1.18746841839312,10.9146033350177,6.26579080343608,16.3213744315311,19.7574532592218,23.4967155128853,81.8595250126326
"1512",2023,"M. Penix","Washington",92.7741283476503,89.8938858009096,85.8009095502779,93.5320869125821,67.155128852956,97.9787771601819,45.477513895907,96.6144517433047,10.3082364830723
"1513",2023,"M. Pratt","Tulane",82.4658918645781,66.4477008590197,50.1010611419909,66.9530065689742,61.0914603335018,71.0459828196059,64.1232945932289,36.0282971197575,42.6983324911572
"1514",2023,"N. Fifita","Arizona",90.0454775138959,91.2076806467913,92.8246589186458,61.6978271854472,98.1808994441637,92.066700353714,41.3340070742799,54.6740778170793,59.9797877716018
"1515",2023,"N. Kim","Michigan State",75.2400202122284,16.978271854472,12.4810510358767,35.1187468418393,6.16472966144518,26.3769580596261,25.1136937847398,91.8898433552299,59.4239514906519
"1516",2023,"N. Vattiato","Middle Tennessee",28.8024254674078,37.544214249621,16.5740272865083,34.1081354219303,44.8206164729661,34.7145022738757,78.0697321879737,31.5310763011622,4.90146538655887
"1517",2023,"P. Stone","SMU",72.6882263769581,95.4522486104093,92.6730672056594,96.8165740272865,81.455280444669,95.0480040424457,52.9055078322385,85.8514401212734,71.399696816574
"1518",2023,"P. Thorne","Auburn",45.7806973218797,55.4825669530066,54.6993431025771,51.3895907023749,57.4027286508338,34.5123799898939,94.4921677614957,5.63415866599293,50.9853461344113
"1519",2023,"Q. Ewers","Texas",85.0934815563416,88.0747852450733,75.6947953511875,86.3567458312279,81.9605861546236,90.7023749368368,72.3092470944922,42.3193532086913,55.6846892369884
"1520",2023,"R. Becht","Iowa State",56.3921172309247,88.9843355229914,80.1414855987873,67.9636179888833,91.5613946437595,94.6942900454775,8.74178878221324,86.5083375442143,69.833249115715
"1521",2023,"R. Leonard","Duke",84.0323395654371,48.9641232945932,22.8650833754421,59.4239514906519,32.3900960080849,33.6533602829712,77.8676099039919,76.8822637695806,92.0161697827185
"1522",2023,"R. Lombardi","Northern Illinois",27.7412834765033,29.0045477513896,13.9969681657403,34.3607882769075,29.4593228903487,51.3895907023749,0.808489135927237,75.5432036382011,37.0894391106619
"1523",2023,"R. O'connor","Delaware",71.7028802425467,52.9055078322385,73.6988377968671,78.9792824658919,15.7655381505811,57.0490146538656,31.4805457301668,39.4391106619505,57.4532592218292
"1524",2023,"S. Hartman","Notre Dame",91.9656392117231,86.8620515411824,77.8170793329965,90.0454775138959,69.9848408287014,88.1253158160687,27.9939363314806,70.3385548256695,24.0525517938353
"1525",2023,"S. Henigan","Memphis",94.3405760485093,96.9176351692774,90.0454775138959,89.8938858009096,98.6862051541182,99.1915108640728,67.7614957049015,76.1495704901465,31.6826680141486
"1526",2023,"S. Rattler","South Carolina",84.6134411318848,69.6311268317332,62.1526023244063,92.6730672056594,21.7786760990399,80.5457301667509,71.5007579585649,9.19656392117231,78.4234461849419
"1527",2023,"S. Robertson","Baylor",6.16472966144518,15.1591712986357,13.9969681657403,12.177867609904,31.8342597271349,20.7175341081354,48.4588175846387,30.2930773117736,82.3648307225872
"1528",2023,"S. Sanders","Colorado",57.099545224861,66.7508842849924,38.5042950985346,57.8069732187974,74.1788782213239,79.6361798888327,70.2374936836786,5.45730166750884,94.5426983324912
"1529",2023,"T. Bourguet","Arizona State",5.15411824153613,9.04497220818595,1.97069226882264,18.4436584133401,5.86154623547246,7.07427993936331,46.3365336028297,96.6649823143001,89.388580090955
"1530",2023,"T. Castellanos","Boston College",46.2607377463365,78.0192016169783,61.6472966144517,25.4674077817079,98.3324911571501,60.5356240525518,99.0904497220819,57.8575037897928,11.3693784739768
"1531",2023,"T. Dyke","Miami",45.0732693279434,58.3122789287519,64.9823143001516,71.6523496715513,35.4724608388075,68.3678625568469,28.9034866093987,90.5760485093482,19.6058615462355
"1532",2023,"T. Finley","Texas State",83.3249115715008,90.500252652855,87.9231935320869,91.0055583628095,78.6760990399192,95.9575543203638,45.1743304699343,44.2900454775139,57.8069732187974
"1533",2023,"T. Green","Boise State",57.377463365336,52.7033855482567,85.9019706922688,36.0282971197575,76.4527539161192,33.4512379989894,86.4578069732188,77.6654876200101,14.0474987367357
"1534",2023,"T. Ivey","Charlotte",6.26579080343608,7.22587165234967,12.9863567458312,3.33501768569985,34.2091965639212,16.0687215765538,6.11419909044972,20.4396159676604,67.6604345629106
"1535",2023,"T. Jackson","Indiana",50.7326932794341,19.3532086912582,25.6189994946943,19.5048004042446,28.3476503284487,36.0282971197575,8.84284992420414,55.6341586659929,82.2637695805963
"1536",2023,"T. Mordecai","Wisconsin",67.3572511369378,42.1930267812026,25.8716523496715,72.0565942395149,12.0262758969176,51.9454269833249,34.411318847903,65.7655381505811,57.7564426478019
"1537",2023,"T. Muskett","Virginia",38.1758463870642,22.789287518949,30.7983830217281,28.9034866093987,24.1536129358262,38.8074785245073,5.7099545224861,2.72865083375442,76.8064679130874
"1538",2023,"T. Phommachanh","Massachusetts",26.2758969176352,30.4194037392623,51.7180394138454,32.0363820111167,34.3607882769075,29.156139464376,58.1101566447701,31.3794845881758,34.9166245578575
"1539",2023,"T. Tagovailoa","Maryland",79.4340576048509,77.6149570490146,71.7281455280445,77.6149570490146,70.2880242546741,87.5694795351187,56.7963617988883,68.3173319858514,17.1803941384538
"1540",2023,"T. Ulatowski","Kent State",9.90399191510864,24.5578575037898,10.9903991915109,55.9878726629611,8.8933804951996,32.9459322890349,27.5896917635169,39.8180899444164,78.0192016169783
"1541",2023,"W. Howard","Kansas State",91.3087417887822,83.7796867104598,83.1480545730167,92.3193532086913,51.1369378473977,84.8408287013643,80.2930773117736,74.355735219808,38.655886811521
"1542",2023,"W. Rogers","Mississippi State",13.8959070237494,25.6695300656897,25.4926730672057,45.2753916119252,16.7256189994947,28.7518948964123,42.0919656392117,43.0520464881253,82.8196058615462
"1543",2023,"Z. Chriss","Louisiana",85.9525012632643,84.3355229914098,81.1015664477009,83.6280949974735,74.6841839312784,53.8150581101566,89.5907023749368,62.3799898938858,80.6467913087418
"1544",2023,"Z. Webb","Jacksonville State",58.1101566447701,33.2491157150076,26.5790803436079,60.2324406265791,15.8160687215765,9.49974734714503,94.6942900454775,86.7104598281961,36.4325416877211
"1545",2024,"A. Armenta","UL Monroe",2.85497726124305,10.611419909045,26.2253663466397,9.19656392117231,23.9009600808489,11.7736230419404,47.2966144517433,18.4436584133401,48.2566953006569
"1546",2024,"A. Barnett","James Madison",41.8898433552299,47.4987367357251,25.922182920667,42.3951490651844,53.0065689742294,41.0813542193027,87.266296109146,14.1485598787266,56.8974229408792
"1547",2024,"A. Bowman","Oklahoma State",45.3259221829207,54.522486104093,46.2354724608388,53.6129358261748,52.8549772612431,68.6710459828196,13.3906013137948,96.2102071753411,43.355229914098
"1548",2024,"A. Chiles","Michigan State",82.7690752905508,54.7751389590702,49.6715512885296,48.155634158666,60.88933804952,57.8575037897928,70.5912076806468,19.4290045477514,3.63820111167256
"1549",2024,"A. Colandrea","Virginia",10.4598281960586,11.8241536129358,7.88276907529055,22.0818595250126,8.69125821121779,4.34562910560889,42.900454775139,4.44669024759979,11.9252147549267
"1550",2024,"A. Daniels","Stanford",34.9166245578575,22.3345123799899,4.95199595755432,15.6139464375948,45.4269833249116,12.0768064679131,72.5618999494694,29.4087923193532,19.8585144012127
"1551",2024,"A. Johnson","Kansas State",58.3122789287519,70.9954522486104,72.6882263769581,57.2511369378474,79.5856493178373,69.9343102577059,92.1677614957049,90.500252652855,8.8933804951996
"1552",2024,"A. Kaliakmanis","Rutgers",76.9075290550783,72.0060636685194,78.8529560384032,64.6286003031834,73.5725113693785,78.1707933299646,75.088428499242,78.4739767559373,67.0035371399697
"1553",2024,"B. Archie","South Florida",12.733703890854,7.32693279434058,3.28448711470439,2.37493683678626,46.2860030318343,3.28448711470439,50.6316321374431,34.2597271349166,9.85346134411319
"1554",2024,"B. Barnes","Utah State",92.8499242041435,63.3653360282971,70.2627589691764,90.1970692268823,21.3744315310763,26.4274886306215,92.7235977766549,63.2642748863062,83.122789287519
"1555",2024,"B. Braxton","Marshall",36.0788276907529,55.9373420919656,30.7983830217281,46.2860030318343,67.4077817079333,60.33350176857,49.2167761495705,67.2814552804447,84.689236988378
"1556",2024,"B. Brown","South Florida",18.544719555331,23.1935320869126,4.85093481556341,15.6644770085902,45.5785750378979,19.0500252652855,68.822637695806,6.87215765538151,95.1490651844366
"1557",2024,"B. Cook","Missouri",62.1526023244063,74.7852450732693,41.8898433552299,51.4401212733704,86.1040929762506,75.6947953511875,76.0990399191511,40.9044972208186,97.5240020212228
"1558",2024,"B. Daily","Army",95.199595755432,93.9868620515412,57.8575037897928,89.8433552299141,90.955027791814,61.3946437594745,99.9494694290046,81.2784234461849,87.5694795351187
"1559",2024,"B. Edwards","Maryland",38.7569479535119,42.799393633148,29.9646286003032,48.711470439616,38.0495199595755,50.3789792824659,64.8307225871652,87.6705406771097,45.1743304699343
"1560",2024,"B. Finley","Akron",17.2814552804447,24.8610409297625,30.1920161697827,25.2147549267307,32.7438100050531,37.3926225366347,4.74987367357251,56.7963617988883,28.2465891864578
"1561",2024,"B. Fowler-Nicolosi","Colorado State",21.3239009600808,39.9696816574027,27.6907529055078,24.6083880747852,59.5250126326427,55.7857503789793,12.3799898938858,95.6038403233956,35.7756442647802
"1562",2024,"B. Gabbert","Miami (OH)",41.788782213239,41.2834765032845,48.9641232945932,56.1394643759475,24.0020212228398,54.9267306720566,22.3345123799899,47.7008590197069,39.66649823143
"1563",2024,"B. Glenn","Florida State",1.79383527033855,3.33501768569985,2.02122283981809,6.16472966144518,6.51844365841334,10.9146033350177,33.4512379989894,8.13542193026782,57.8575037897928
"1564",2024,"B. Gulbranson","Oregon State",48.7367357251137,79.5351187468418,93.3299646286003,83.2743810005053,65.8918645780697,54.522486104093,57.9080343607883,81.0763011622031,89.1359272359778
"1565",2024,"B. Horvath","Navy",88.2516422435573,95.2501263264275,59.499747347145,98.2819605861546,66.700353713997,69.6311268317332,98.5851440121273,44.2900454775139,74.0272865083375
"1566",2024,"B. Lewis","Nevada",72.8650833754421,61.5967660434563,43.1531076301162,62.8600303183426,55.5836280949975,48.9135927235978,95.6038403233956,33.5017685699848,59.7271349166246
"1567",2024,"B. Locke","Wisconsin",24.7599797877716,24.355735219808,32.1121778676099,50.5811015664477,10.4092976250632,23.799898938858,50.0757958564932,87.0136432541688,44.4163719050025
"1568",2024,"B. Morton","Texas Tech",34.967155128853,56.2910560889338,41.8393127842345,33.7544214249621,80.6973218797372,75.7958564931784,27.2865083375442,77.9686710459828,43.1025770591208
"1569",2024,"B. Schager","Hawai'i",50.4042445679636,26.8317331985851,21.9302678120263,39.2622536634664,19.2016169782719,13.0368873168267,82.6680141485599,13.4916624557857,11.7230924709449
"1570",2024,"B. Shapen","Mississippi State",41.4350682162708,67.8625568468924,15.866599292572,84.0828701364325,31.3794845881758,51.288529560384,46.5386558868115,21.7028802425467,96.3617988883274
"1571",2024,"B. Sorsby","Cincinnati",80.3436078827691,67.1045982819606,74.4820616472966,76.4022233451238,46.7407781707933,69.3279434057605,88.9843355229914,77.8423446184942,24.9621020717534
"1572",2024,"B. Vandagriff","Kentucky",19.7069226882264,16.6750884284992,28.7013643254169,16.1192521475493,26.6801414855988,13.2390096008085,55.2804446690248,6.06366851945427,25.8211217786761
"1573",2024,"B. Wooldridge","Louisiana",90.1465386558868,82.011116725619,89.388580090955,86.8620515411824,61.344113188479,74.5325922182921,85.4977261243052,82.3648307225872,77.3623041940374
"1574",2024,"C. Bailey","NC State",80.0404244567964,67.2561899949469,56.8468923698838,62.0010106114199,70.9954522486104,70.8943911066195,71.6018191005558,28.5497726124305,29.7625063163214
"1575",2024,"C. Bazelak","Bowling Green",82.289034866094,65.8918645780697,66.3466397170288,70.5912076806468,54.2698332491157,80.6467913087418,40.6771096513391,47.9029813036887,66.2961091460333
"1576",2024,"C. Beck","Georgia",73.4714502273876,64.2243557352198,56.3415866599293,64.7296614451743,60.9398686205154,76.6043456291056,70.9954522486104,82.2132390096008,4.44669024759979
"1577",2024,"C. Conklin","Sacramento State",86.1040929762506,71.6523496715513,74.5831227892875,75.3410813542193,58.6659929257201,81.6068721576554,16.4729661445174,94.9469429004548,42.4456796361799
"1578",2024,"C. Fancher","Florida Atlantic",36.2809499747347,32.6932794340576,31.177362304194,43.0015159171299,27.0843860535624,22.3850429509853,77.1096513390601,5.17938352703385,60.2829711975745
"1579",2024,"C. Joseph","Old Dominion",81.5058110156645,93.3299646286003,72.1576553815058,69.5805962607377,98.7872662961091,81.7079332996463,87.5189489641233,24.7094492167761,74.5831227892875
"1580",2024,"C. Klubnik","Clemson",66.4982314300152,73.2693279434058,27.7412834765033,63.3653360282971,79.4340576048509,85.4471955533098,88.7822132390096,74.4820616472966,74.7852450732693
"1581",2024,"C. Legas","Tulsa",3.89085396664982,33.1985851440121,6.51844365841334,16.6750884284992,63.7695805962607,37.5947448206165,38.4032339565437,41.0308236483072,73.7746336533603
"1582",2024,"C. Mcnamara","Iowa",31.1268317331986,16.8266801414856,19.8585144012127,13.2390096008085,30.6720565942395,25.7200606366852,24.355735219808,90.1718039413845,84.9924204143507
"1583",2024,"C. Miller","North Dakota State",98.8377968671046,98.433552299141,94.6437594744821,96.6649823143001,96.1091460333502,97.5745325922183,98.2314300151592,64.6791308741789,81.7584638706417
"1584",2024,"C. Morris","North Texas",52.6528549772612,63.9717028802425,68.2162708438605,78.2718544719555,38.1505811015665,82.1627084386054,61.3946437594745,94.4416371905002,5.76048509348156
"1585",2024,"C. Ogbonna","Buffalo",44.4416371905003,60.0808489135927,50.7326932794341,59.3734209196564,54.7751389590702,71.399696816574,40.6265790803436,44.8711470439616,69.3784739767559
"1586",2024,"C. Snyder","Eastern Michigan",63.7190500252653,49.0651844365841,39.9949469429005,22.1323900960081,84.6387064173825,60.8388074785245,59.2723597776655,33.0975240020212,14.3506821627084
"1587",2024,"C. Veilleux","Georgia State",41.1824153612936,52.2486104092976,57.5290550783224,45.8312278928752,58.211217786761,53.2086912582112,52.8044466902476,88.0495199595755,23.0419403739262
"1588",2024,"C. Veltkamp","Western Kentucky",44.6184941889843,52.8549772612431,39.66649823143,21.1723092470945,82.9711975745326,74.1283476503285,16.6245578575038,50.6821627084386,1.97069226882264
"1589",2024,"C. Ward","Miami",96.9176351692774,98.1808994441637,99.5452248610409,97.0692268822638,95.9575543203638,98.8883274381,94.1384537645275,66.7508842849924,16.5740272865083
"1590",2024,"C. Weigman","Texas A&M",64.0727640222335,23.244062657908,9.90399191510864,19.2521475492673,42.2435573521981,24.2546740778171,57.7059120768065,27.488630621526,84.0828701364325
"1591",2024,"D. Allar","Penn State",91.510864072764,82.9711975745326,91.2076806467913,88.2263769580596,61.5462354724608,88.2263769580596,85.8009095502779,69.7321879737241,22.8903486609399
"1592",2024,"D. Bryson","Kennesaw State",4.04244567963618,8.74178878221324,1.71803941384537,9.49974734714503,17.6856998484083,7.02374936836786,6.51844365841334,60.4345629105609,31.8847902981304
"1593",2024,"D. Dampier","New Mexico",90.2475997978777,83.4765032844871,71.8292066700354,88.377968671046,61.6978271854472,62.9105608893381,99.5957554320364,99.6462860030318,27.8423446184942
"1594",2024,"D. Gabriel","Oregon",87.8726629610915,87.822132390096,74.1788782213239,84.0323395654371,83.5270338554826,94.8458817584639,70.3385548256695,74.355735219808,26.0737746336534
"1595",2024,"D. Lagway","Florida",45.5785750378979,43.6584133400707,65.032844871147,78.0192016169783,14.0980293077312,44.3658413340071,46.9934310257706,42.0414350682163,44.1637190500253
"1596",2024,"D. Mensah","Tulane",86.0030318342597,93.2289034866094,95.755432036382,90.1465386558868,88.8327438100051,88.1758463870642,84.689236988378,59.7018696311268,77.8676099039919
"1597",2024,"D. O'neil","San Diego State",19.7827185447196,30.6720565942395,36.0788276907529,29.4087923193532,38.3527033855483,41.1824153612936,17.1298635674583,30.7983830217281,73.6230419403739
"1598",2024,"D. Pavia","Vanderbilt",38.0495199595755,63.6179888832744,30.7983830217281,59.9797877716018,64.4264780192016,70.4396159676604,80.4951995957554,50.1010611419909,78.6760990399192
"1599",2024,"D. Purdie","Charlotte",6.6700353713997,19.7069226882264,43.2036382011117,33.1985851440121,12.6326427488631,23.0419403739262,37.9484588175846,11.7230924709449,41.8393127842345
"1600",2024,"D. Raiola","Nebraska",50.8084891359272,41.5361293582618,35.0682162708439,70.1364325416877,12.3294593228903,48.155634158666,56.3921172309247,65.9929257200606,44.7195553309752
"1601",2024,"D. Rizk","UCF",84.9418898433552,64.7296614451743,64.022233451238,70.4901465386559,51.9454269833249,55.6846892369884,18.2415361293583,74.355735219808,81.7079332996463
"1602",2024,"D. Smith","Houston",11.2430520464881,7.68064679130874,1.86963112683173,15.7655381505811,8.08489135927236,10.7630116220313,46.4375947448206,18.3931278423446,61.899949469429
"1603",2024,"D. Warren","Michigan",39.5149065184437,28.3981808994442,41.6119252147549,7.63011622031329,71.1975745325922,32.7943405760485,37.2410308236483,91.3087417887822,33.2491157150076
"1604",2024,"D. Williams","Washington",73.3956543708944,75.644264780192,61.344113188479,76.200101061142,66.4982314300152,50.7326932794341,77.0591207680647,0.202122283981809,95.4522486104093
"1605",2024,"D.J. Uiagalelei","Florida State",8.33754421424963,31.1268317331986,25.0126326427489,21.677614957049,48.5093481556342,36.8367862556847,31.9858514401213,33.8302172814553,77.7160181910056
"1606",2024,"E. Brown","San José State",63.5421930267812,61.5462354724608,64.8054573016675,57.099545224861,67.7614957049015,67.7614957049015,5.45730166750884,94.8964123294593,63.7695805962607
"1607",2024,"E. Bullock","Louisiana Tech",26.0737746336534,24.2041435068216,30.5204648812532,6.26579080343608,71.0459828196059,42.0919656392117,1.41485598787267,11.8746841839313,58.4638706417383
"1608",2024,"E. Crawford","Southern Miss",0.859019706922692,2.72865083375442,6.44264780192016,1.92016169782718,14.4012127337039,3.73926225366347,44.2142496210207,0.101061141990899,52.7539161192522
"1609",2024,"E. Garbers","UCLA",59.5755432036382,43.6078827690753,66.4982314300152,39.6159676604346,50.1768569984841,50.0252652854977,61.1925214754927,19.0247599797878,5.45730166750884
"1610",2024,"E. Hampton","Northern Illinois",28.4992420414351,44.7700859019707,35.6240525517938,44.466902475998,44.9722081859525,34.6639717028802,76.200101061142,65.588681152097,62.0010106114199
"1611",2024,"E. Holstein","Pittsburgh",68.822637695806,62.0515411824154,39.11066195048,66.700353713997,51.6927741283477,59.3734209196564,77.9181404749874,35.0682162708439,52.0464881253158
"1612",2024,"E. Simon","Temple",4.14350682162708,29.9140980293077,9.39868620515412,19.4037392622537,50.5811015664477,45.1237998989389,6.01313794845881,15.7655381505811,85.699848408287
"1613",2024,"E. Svoboda","Wyoming",3.43607882769076,14.0980293077312,21.2228398180899,6.87215765538151,40.1718039413845,6.36685194542699,76.1495704901465,4.34562910560889,37.544214249621
"1614",2024,"E. Vasko","Coastal Carolina",83.6786255684689,87.6200101061142,79.5856493178373,84.1839312784235,82.3143001515917,82.1121778676099,82.1121778676099,90.955027791814,51.0864072764022
"1615",2024,"E. Warner","Rice",15.6392117230925,19.3026781202628,12.2789287518949,26.2253663466397,18.6457806973219,19.8585144012127,12.2789287518949,97.6755937342092,27.0843860535624
"1616",2024,"F. Brock","Temple",2.2233451237999,0.454775138959074,2.88024254674077,0.505305709954518,6.61950480040424,7.7311773623042,5.35624052551794,18.7468418393128,45.8312278928752
"1617",2024,"F. Mendoza","California",84.7902981303689,77.7160181910056,63.3148054573017,79.33299646286,67.1045982819606,82.0616472966145,77.9686710459828,15.9929257200606,91.510864072764
"1618",2024,"G. Greene","West Virginia",72.7640222334512,86.4578069732188,77.0591207680647,59.5250126326427,96.1596766043456,79.7877716018191,95.6543708943911,41.0813542193027,34.6134411318848
"1619",2024,"G. James","Boston College",38.1758463870642,65.032844871147,85.0682162708439,22.233451237999,87.8726629610915,51.7938352703386,62.5568468923699,34.0576048509348,78.5750378979282
"1620",2024,"G. Lopez","South Alabama",97.0692268822638,91.8645780697322,78.1202627589692,92.066700353714,82.7185447195553,83.1733198585144,94.8458817584639,83.9818089944416,53.1076301162203
"1621",2024,"G. Mccoy","Oregon State",49.3683678625569,44.7195553309752,17.988883274381,22.8398180899444,72.4608388074785,16.5740272865083,93.5826174835776,32.7185447195553,70.7933299646286
"1622",2024,"G. Nussmeier","LSU",76.0232440626579,74.8357756442648,81.9100555836281,62.7589691763517,80.3941384537645,89.6412329459323,60.9903991915109,89.4896412329459,4.34562910560889
"1623",2024,"H. Bachmeier","Wake Forest",62.8094997473472,42.4456796361799,50.9348155634159,26.3264274886306,67.8625568468924,33.6028297119757,85.3461344113188,8.9944416371905,25.7705912076806
"1624",2024,"H. Card","Purdue",39.4643759474482,26.9833249115715,18.4436584133401,23.2945932289035,39.3127842344619,31.4805457301668,35.1692774128348,20.0606366851945,52.5012632642749
"1625",2024,"H. King","Georgia Tech",93.8352703385548,92.0161697827185,53.8655886811521,92.8246589186458,81.7079332996463,89.9949469429005,84.4365841334007,95.5027791814047,90.9044972208186
"1626",2024,"H. Watson","Sam Houston",29.4087923193532,35.7756442647802,41.3340070742799,19.8079838302173,65.4370894391107,19.7069226882264,88.7316826680141,16.978271854472,41.5361293582618
"1627",2024,"H. Wolff","Western Michigan",78.3476503284487,68.266801414856,80.1920161697827,83.2238504295099,40.7276402223345,81.8089944416372,1.66750884284993,43.8100050530571,62.3041940373926
"1628",2024,"I. Wilson","Utah",3.99191510864073,6.06366851945427,12.8852956038403,15.0581101566448,5.60889338049519,8.69125821121779,6.5689742294088,18.4941889843355,30.3688731682668
"1629",2024,"J. Aguilar","App State",47.599797877716,73.521980798383,74.9368367862557,49.5704901465387,88.4790298130369,70.2880242546741,90.955027791814,87.4936836786256,2.82971197574533
"1630",2024,"J. Arnold","Oklahoma",20.4143506821627,15.7150075795856,12.733703890854,11.3693784739768,35.8261748357756,12.5821121778676,41.0813542193027,5.98787266296109,34.3102577059121
"1631",2024,"J. Clark","Missouri State",84.689236988378,88.6811520970187,85.0682162708439,79.7372410308236,90.2475997978777,92.9762506316321,54.4214249621021,9.24709449216776,39.6159676604346
"1632",2024,"J. Criswell","North Carolina",48.0040424456796,66.0939868620516,60.0808489135927,67.0035371399697,60.0303183425973,63.4158665992926,79.9898938858009,37.6452753916119,31.3794845881758
"1633",2024,"J. Daniels","Kansas",90.5507832238504,83.2238504295099,73.9767559373421,72.511369378474,88.5800909550278,79.5856493178373,87.2157655381506,95.1490651844366,25.0126326427489
"1634",2024,"J. Dart","Ole Miss",92.7235977766549,94.5932289034866,80.8994441637191,96.9176351692774,70.8943911066195,97.6250631632137,83.122789287519,41.6371905002527,70.2880242546741
"1635",2024,"J. Fagnano","UConn",54.3961596766043,60.4850934815563,12.3547246083881,56.088933804952,62.6579080343608,65.6392117230925,7.27640222334512,96.8165740272865,66.5487620010106
"1636",2024,"J. French","Georgia Southern",44.0121273370389,36.533602829712,52.4507326932794,22.1829206670035,63.3653360282971,35.8767054067711,71.6523496715513,41.1824153612936,3.23395654370895
"1637",2024,"J. Garcia","East Carolina",53.966649823143,17.433046993431,44.0121273370389,16.3213744315311,28.2465891864578,20.0101061141991,44.3153107630116,41.8393127842345,13.4411318847903
"1638",2024,"J. Holst","Northern Illinois",30.899444163719,27.488630621526,35.1187468418393,26.0232440626579,36.4325416877211,31.3794845881758,42.6478019201617,73.4209196563921,91.4603335017686
"1639",2024,"J. Hoover","TCU",90.3486609398686,85.7503789792825,83.6280949974735,84.9924204143507,76.755937342092,95.3006568974229,10.1566447700859,87.1652349671551,5.5078322385043
"1640",2024,"J. Kitna","UAB",26.2758969176352,14.0474987367357,7.68064679130874,12.3799898938858,28.5497726124305,19.55533097524,3.13289540171804,47.8019201616978,5.10358767054068
"1641",2024,"J. Labas","Central Michigan",16.8772107124811,5.40677109651338,8.91864578069732,13.4916624557857,5.5078322385043,10.2071753410814,48.2061647296615,61.0409297625063,57.2511369378474
"1642",2024,"J. Lausch","Northwestern",17.3825164224356,11.4704396159677,5.96260737746337,16.2203132895402,12.8852956038403,3.89085396664982,65.8918645780697,33.299646286003,54.4719555330975
"1643",2024,"J. Maiava","USC",64.6791308741789,24.1536129358262,29.88883274381,57.200606366852,3.73926225366347,21.9302678120263,62.2536634663972,90.1718039413845,40.9802930773118
"1644",2024,"J. Mateer","Washington State",95.8312278928752,97.0692268822638,93.077311773623,98.1303688731683,78.1707933299646,96.0586154623547,97.2713491662456,28.9540171803941,65.1844365841334
"1645",2024,"J. Mccloud","Texas State",97.6250631632137,93.0267812026276,90.6265790803436,95.6038403233956,72.511369378474,92.4204143506822,77.4633653360283,86.255684689237,7.47852450732693
"1646",2024,"J. Milroe","Alabama",63.011622031329,62.5063163213744,80.4951995957554,60.5861546235472,62.0515411824154,53.410813542193,95.1490651844366,34.2091965639212,5.40677109651338
"1647",2024,"J. Raynor","Arkansas State",28.3981808994442,39.7675593734209,16.6245578575038,39.3633148054573,42.6478019201617,50.8842849924204,50.7326932794341,31.8342597271349,41.788782213239
"1648",2024,"J. Retzlaff","BYU",41.0308236483072,49.9242041435068,58.0596260737746,43.6584133400707,59.0197069226882,54.6235472460839,71.8544719555331,69.1005558362809,4.80040424456797
"1649",2024,"J. Zeno","UAB",43.8100050530571,43.5068216270844,44.6942900454775,35.8261748357756,54.977261243052,39.5654370894391,48.0545730166751,43.5826174835776,74.3810005053057
"1650",2024,"K. Anderson","Wyoming",43.0520464881253,84.9418898433552,61.7988883274381,66.8014148559879,93.6836786255685,65.588681152097,17.8878221323901,99.5957554320364,97.6250631632137
"1651",2024,"K. Drones","Virginia Tech",46.4123294593229,32.7438100050531,36.7357251136938,24.6589186457807,49.9242041435068,38.3527033855483,36.533602829712,68.1152097018696,41.9403739262254
"1652",2024,"K. Francis","Tulsa",5.35624052551794,7.47852450732693,12.1273370389085,41.0308236483072,1.26326427488631,8.64072764022233,20.0606366851945,75.5937342091966,66.1950480040424
"1653",2024,"K. Houser","East Carolina",53.6634663971703,77.3623041940374,58.211217786761,71.4502273875695,74.9873673572511,69.3784739767559,66.8014148559879,94.0879231935321,65.7402728650834
"1654",2024,"K. Jenkins","Florida International",37.4431531076301,34.0576048509348,56.7963617988883,73.5725113693785,6.11419909044972,52.7033855482567,3.58767054067711,72.3850429509854,17.4835775644265
"1655",2024,"K. Jennings","SMU",71.1470439615968,82.6680141485599,82.4658918645781,73.0166750884285,85.699848408287,93.1783729156139,23.244062657908,82.4406265790803,14.855987872663
"1656",2024,"K. Mccord","Syracuse",94.3911066195048,95.0480040424457,95.5533097524002,90.500252652855,94.5932289034866,99.44416371905,70.7933299646286,71.1470439615968,18.1910055583628
"1657",2024,"K. Rourke","Indiana",97.9282465891865,95.199595755432,98.4840828701364,96.7155128852956,79.3835270338555,95.9070237493684,27.488630621526,49.6210207175341,64.6286003031834
"1658",2024,"K. Salter","Liberty",70.6417382516422,56.4931783729156,56.0384032339565,63.0621526023244,44.3658413340071,51.6422435573522,79.5351187468418,43.7089439110662,49.8736735725114
"1659",2024,"K. Semonza","Ball State",49.2673067205659,46.4375947448206,27.7918140474987,35.5229914098029,58.8175846387064,54.3203638201112,61.2935826174836,31.4805457301668,20.7175341081354
"1660",2024,"L. Altmyer","Illinois",61.5967660434563,63.0621526023244,66.5992925720061,57.9080343607883,67.0540677109651,78.5245073269328,27.6907529055078,32.4911571500758,38.7569479535119
"1661",2024,"L. Sellers","South Carolina",66.422435573522,59.3734209196564,63.8201111672562,70.4396159676604,39.0601313794846,69.1763516927741,64.4770085901971,18.2162708438605,6.31632137443153
"1662",2024,"M. Brosmer","Minnesota",57.6048509348156,42.0919656392117,43.9615967660435,34.3102577059121,55.8362809499747,54.4719555330975,41.0308236483072,45.6543708943911,20.5659423951491
"1663",2024,"M. Buren","Mississippi State",23.3956543708944,41.1824153612936,26.478019201617,39.7170288024255,44.6690247599798,44.5174330469934,48.1051035876705,7.78170793329964,58.6659929257201
"1664",2024,"M. Caldwell","Troy",79.88883274381,72.6629610914603,87.3673572511369,50.7832238504295,84.8913592723598,65.3865588681152,61.9504800404245,74.6841839312784,54.7751389590702
"1665",2024,"M. Hawkins","Oklahoma",8.18595250126326,9.49974734714503,2.07175341081354,6.82162708438605,26.5285497726124,18.3931278423446,16.1697827185447,8.33754421424963,87.2157655381506
"1666",2024,"M. Keene","Fresno State",33.6533602829712,31.3794845881758,33.7038908539666,22.7387569479535,51.2379989893886,49.4188984335523,4.80040424456797,55.9120768064679,9.49974734714503
"1667",2024,"M. Madsen","Boise State",93.1278423446185,87.4684183931278,87.0136432541688,87.5189489641233,76.3011622031329,87.9231935320869,88.6306215260232,89.6159676604346,74.2294087923193
"1668",2024,"M. Moss","USC",68.8731682668014,55.4320363820111,34.0070742799394,52.5517938352703,57.7059120768065,64.3759474482062,47.8524507326933,94.5932289034866,29.3077311773623
"1669",2024,"M. Murphy","Duke",29.7625063163214,28.5497726124305,35.7756442647802,65.2854977261243,8.13542193026782,38.7569479535119,13.188479029813,93.1278423446185,15.0581101566448
"1670",2024,"M. Reed","Texas A&M",77.766548762001,70.7427993936331,55.1035876705407,70.7933299646286,64.8307225871652,66.5992925720061,79.6867104598282,61.8494188984335,53.3602829711976
"1671",2024,"N. Evers","UConn",14.4012127337039,11.5715007579586,13.5421930267812,9.90399191510864,24.7094492167761,17.8372915613946,9.95452248610409,67.9383527033855,61.7988883274381
"1672",2024,"N. Fifita","Arizona",37.0389085396665,35.8261748357756,31.0257705912077,11.8746841839313,78.6255684689237,35.7251136937847,69.1258211217787,48.9641232945932,10.9651339060131
"1673",2024,"N. Iamaleava","Tennessee",52.2486104092976,52.0464881253158,35.421930267812,48.4588175846387,53.8655886811521,53.966649823143,76.2506316321374,26.0737746336534,31.9353208691258
"1674",2024,"N. Minicucci","Delaware",39.1611925214755,36.1798888327438,24.7094492167761,10.3587670540677,92.4204143506822,36.7862556846892,43.7089439110662,52.956038403234,47.3976755937342
"1675",2024,"N. Vattiato","Middle Tennessee",29.156139464376,28.7013643254169,24.5578575037898,30.7731177362304,32.4406265790803,33.9565437089439,28.3981808994442,42.4456796361799,6.61950480040424
"1676",2024,"N. Yarnell","Pittsburgh",41.8393127842345,31.5310763011622,20.2122283981809,14.7549267306721,70.0353713996968,32.4406265790803,48.7620010106114,12.0768064679131,70.0353713996968
"1677",2024,"O. Mccown","UTSA",43.2036382011117,54.1687721071248,30.7983830217281,57.5037897928247,48.155634158666,60.6872157655381,81.5058110156645,64.4770085901971,27.0338554825669
"1678",2024,"P. Awad","New Mexico State",23.244062657908,42.344618494189,31.3289540171804,50.5305709954523,35.5735219807984,39.7675593734209,51.6422435573522,11.7736230419404,95.3006568974229
"1679",2024,"P. Navarro","Ohio",95.0985346134411,86.0030318342597,82.4153612935826,79.7877716018191,87.4684183931278,65.4370894391107,99.2420414350682,54.977261243052,13.744315310763
"1680",2024,"P. Thorne","Auburn",36.6851945426983,45.7301667508843,20.9196563921172,38.655886811521,56.7963617988883,57.7564426478019,39.5654370894391,26.5285497726124,44.2142496210207
"1681",2024,"Q. Ewers","Texas",56.8216270843861,61.4451743304699,70.7175341081354,67.155128852956,50.0252652854977,78.7771601819101,45.3764527539161,44.0626579080344,31.2278928751895
"1682",2024,"R. Becht","Iowa State",48.6356745831228,78.1202627589692,75.3410813542193,52.8044466902476,88.2263769580596,79.33299646286,97.1197574532592,88.2263769580596,23.2945932289035
"1683",2024,"R. Leonard","Notre Dame",78.4739767559373,66.2455785750379,33.1733198585144,55.2804446690248,74.7852450732693,62.9610914603335,97.7766548762001,77.5138959070238,23.7493683678626
"1684",2024,"R. O'connor","Delaware",95.5533097524002,99.5452248610409,92.4709449216776,86.1040929762506,99.9494694290046,74.077817079333,47.7008590197069,97.0439615967661,99.7726124305205
"1685",2024,"S. Earle","Marshall",25.6189994946943,17.7867609903992,6.82162708438605,19.6058615462355,24.3052046488125,30.4194037392623,17.5846387064174,83.0722587165235,91.3087417887822
"1686",2024,"S. Henigan","Memphis",48.6356745831228,69.3279434057605,40.22233451238,40.6771096513391,91.9656392117231,84.9418898433552,69.3784739767559,80.5457301667509,80.5457301667509
"1687",2024,"S. Leavitt","Arizona State",85.0429509853461,85.8009095502779,68.6710459828196,82.7690752905508,82.566953006569,83.6786255684689,90.1465386558868,68.6457806973219,68.3678625568469
"1688",2024,"S. Locklear","UTEP",18.3425972713492,14.1485598787266,9.39868620515412,22.3345123799899,15.0075795856493,14.0980293077312,38.9590702374937,48.6609398686205,51.1369378473977
"1689",2024,"S. Petras","Utah State",79.2319353208691,60.8388074785245,69.1258211217787,31.5816068721577,89.6917635169277,69.8837796867105,13.1379484588176,76.5285497726124,20.0606366851945
"1690",2024,"S. Robertson","Baylor",92.3698837796867,94.5426983324912,83.299646286003,91.510864072764,93.1278423446185,94.3911066195048,85.5482566953007,87.9737241030824,66.6498231430015
"1691",2024,"S. Sanders","Colorado",73.8756947953512,71.2481051035877,58.767054067711,70.0353713996968,68.0141485598787,86.6093986862052,72.2587165234967,20.66700353714,28.1960586154623
"1692",2024,"T. Castellanos","Boston College",23.3451237998989,49.0146538655887,47.9535118746842,39.7675593734209,55.2804446690248,63.5169277412835,2.2233451237999,6.82162708438605,59.6260737746336
"1693",2024,"T. Gleason","Toledo",53.6129358261748,52.1475492673067,51.2379989893886,46.6397170288024,55.8868115209702,68.6205154118241,22.2839818089944,87.8726629610915,18.3931278423446
"1694",2024,"T. Green","Arkansas",63.466397170288,65.5381505811016,48.9135927235978,65.133906013138,63.5674583122789,72.8145528044467,87.3168266801415,35.699848408287,24.2546740778171
"1695",2024,"T. Huff","Jacksonville State",75.4421424962102,84.0323395654371,69.4290045477514,90.7529055078322,57.3521980798383,65.7402728650834,99.44416371905,41.9403739262254,45.9322890348661
"1696",2024,"T. Phommachanh","Massachusetts",27.5896917635169,43.2036382011117,27.8423446184942,44.6184941889843,42.9509853461344,35.2198079838302,77.1601819100556,11.9757453259222,75.644264780192
"1697",2024,"T. Rodemaker","Southern Miss",5.78575037897928,1.56644770085902,10.2577059120768,4.24456796361798,1.81910055583628,5.25517938352703,10.9146033350177,15.5634158665993,21.5765538150581
"1698",2024,"T. Shough","Louisville",52.3496715512885,83.021728145528,79.6867104598282,89.3380495199596,59.2723597776655,91.7635169277413,21.2228398180899,89.6917635169277,81.2026275896918
"1699",2024,"T. Ulatowski","Kent State",5.30570995452249,61.3946437594745,45.2248610409298,66.6498231430015,50.3284487114704,59.5755432036382,22.5366346639717,2.07175341081354,65.4876200101061
"1700",2024,"W. Eget","San José State",61.9504800404245,31.5816068721577,23.9009600808489,42.6983324911572,22.5871652349672,48.0040424456796,5.811015664477,99.2420414350682,7.68064679130874
"1701",2024,"W. Howard","Ohio State",97.877716018191,96.0080848913593,89.8938858009096,95.1490651844366,89.7928246589186,98.6862051541182,58.1606872157655,91.0560889338049,26.0232440626579
"1702",2024,"W. Rogers","Washington",92.5720060636685,63.3148054573017,84.5376452753916,92.4709449216776,9.55027791814047,74.9873673572511,11.066195048004,69.3532086912582,70.944921677615
"1703",2024,"Z. Chriss","Houston",2.67812026275897,3.94138453764528,13.0874178878221,13.0368873168267,2.42546740778171,5.45730166750884,23.3956543708944,7.52905507832239,36.7862556846892
"1704",2024,"Z. Gibson","Georgia State",69.4037392622537,52.400202122284,29.3835270338555,81.3036887316827,17.2814552804447,41.4855987872663,63.0621526023244,24.077817079333,95.755432036382
"1705",2024,"Z. Marker","Delaware",63.2390096008085,94.8458817584639,87.822132390096,79.4340576048509,97.2208185952501,70.1869631126832,42.6983324911572,64.1485598787266,99.2925720060637
"1706",2025,"A. Armenta","UL Monroe",16.3213744315311,12.733703890854,26.4022233451238,17.3825164224356,17.1803941384538,14.1990904497221,29.8635674583123,25.8211217786761,25.7200606366852
"1707",2025,"A. Barnett","James Madison",61.0914603335018,47.2460838807479,29.1308741788782,52.7033855482567,39.2622536634664,38.6053562405255,88.5295603840323,61.3946437594745,10.7630116220313
"1708",2025,"A. Chiles","Michigan State",64.3254168772107,67.9636179888833,61.9504800404245,48.2061647296615,78.2213239009601,43.6584133400707,93.2794340576048,20.2122283981809,68.9236988377969
"1709",2025,"A. Colandrea","UNLV",90.4497220818595,85.1945426983325,81.2026275896918,77.8676099039919,86.6093986862052,77.8170793329965,98.8377968671046,56.3415866599293,16.8772107124811
"1710",2025,"A. Damante","New Mexico State",73.1682668014149,45.1743304699343,47.6250631632137,28.2465891864578,72.6629610914603,38.7064173825164,38.2011116725619,59.4239514906519,71.6523496715513
"1711",2025,"A. Daniels","Auburn",63.8453764527539,58.4638706417383,11.8746841839313,33.9565437089439,81.00050530571,38.5548256695301,68.266801414856,22.6376958059626,93.4815563415867
"1712",2025,"A. Hairston","Massachusetts",6.11419909044972,6.82162708438605,4.14350682162708,21.7786760990399,4.04244567963618,4.19403739262254,35.5735219807984,37.9484588175846,91.1066195048004
"1713",2025,"A. Johnson","Kansas State",49.5199595755432,49.722081859525,28.3981808994442,43.8100050530571,53.4613441131885,39.9191510864073,89.8938858009096,82.9206670035371,43.0015159171299
"1714",2025,"A. Kaliakmanis","Rutgers",88.9843355229914,70.0353713996968,77.9686710459828,74.7852450732693,56.0384032339565,89.4391106619505,6.36685194542699,13.6937847397676,66.3971702880243
"1715",2025,"A. Manning","Texas",56.4426478019202,76.755937342092,68.0646791308742,77.5644264780192,66.7508842849924,66.8014148559879,96.1596766043456,58.2617483577564,47.9029813036887
"1716",2025,"A. Milivojevic","Michigan State",57.7059120768065,27.5391611925215,10.1061141990905,51.5411824153613,12.2283981808994,29.9140980293077,38.8074785245073,15.3612935826175,92.8246589186458
"1717",2025,"A. Odom","Kennesaw State",50.8084891359272,67.0540677109651,51.1874684183931,55.8362809499747,74.8357756442648,65.9929257200606,63.8706417382516,40.0707427993936,41.232945932289
"1718",2025,"A. Swann","App State",35.977766548762,24.7094492167761,49.0146538655887,50.9348155634159,10.5103587670541,26.6296109146033,39.2117230924709,79.6361798888327,30.6215260232441
"1719",2025,"B. Bachmeier","BYU",83.7291561394644,65.3360282971198,66.0939868620516,67.4583122789288,58.3628094997473,67.9636179888833,88.8327438100051,85.8009095502779,34.5123799898939
"1720",2025,"B. Baker","Louisiana Tech",39.2117230924709,32.4406265790803,14.9823143001516,21.8797372410308,55.7857503789793,33.1985851440121,46.3870641738252,56.8974229408792,87.5189489641233
"1721",2025,"B. Barnes","Utah State",55.9120768064679,53.6129358261748,32.6427488630622,58.5144012127337,44.2142496210207,46.1849418898434,87.7210712481051,8.64072764022233,66.9024759979788
"1722",2025,"B. Braxton","Southern Miss",35.8261748357756,53.5118746841839,37.1399696816574,50.3789792824659,54.0677109651339,65.9423951490652,37.3420919656392,66.6498231430015,52.6528549772612
"1723",2025,"B. Brown","South Florida",92.1677614957049,86.255684689237,68.8731682668014,82.7185447195553,83.3754421424962,86.1546235472461,96.8165740272865,72.6124305204649,14.300151591713
"1724",2025,"B. Davenport","South Alabama",66.1950480040424,75.6947953511875,60.88933804952,76.8569984840829,64.3759474482062,62.5063163213744,90.0960080848914,52.1980798383022,51.2379989893886
"1725",2025,"B. Finley","Akron",17.0288024254674,21.3744315310763,28.5497726124305,33.855482566953,15.3612935826175,15.8160687215765,52.6528549772612,22.6376958059626,16.422435573522
"1726",2025,"B. Gulbranson","Stanford",15.2602324406266,8.79231935320869,10.3587670540677,21.5260232440627,6.77109651339061,7.63011622031329,29.4087923193532,7.37746336533602,23.4461849418898
"1727",2025,"B. Hayes","Tulsa",30.0656897422941,28.0949974734715,23.7493683678626,14.1990904497221,60.8388074785245,28.3981808994442,38.0495199595755,39.7170288024255,26.5790803436079
"1728",2025,"B. Horvath","Navy",71.8292066700354,85.6493178372916,52.7033855482567,63.8706417382516,93.5320869125821,72.6124305204649,98.5346134411319,83.7038908539667,32.6427488630622
"1729",2025,"B. Jackson","Texas State",65.8160687215765,73.1177362304194,75.4926730672057,84.6387064173825,42.0919656392117,73.3703890853967,96.1091460333502,29.2066700353714,11.0156644770086
"1730",2025,"B. Lewis","Memphis",78.044466902476,78.0697321879737,50.9853461344113,82.5164224355735,61.9504800404245,57.5037897928247,98.989388580091,26.2253663466397,59.4744820616473
"1731",2025,"B. Lowry","Western Michigan",51.6927741283477,37.6958059626074,17.7362304194037,45.7301667508843,32.1374431531076,17.988883274381,88.2769075290551,50.9853461344113,72.3597776654876
"1732",2025,"B. Morton","Texas Tech",30.3688731682668,39.9191510864073,16.7256189994947,23.6483072258717,64.3254168772107,55.0277918140475,9.24709449216776,56.8468923698838,72.4608388074785
"1733",2025,"B. Pribula","Missouri",69.7827185447196,53.8655886811521,33.9565437089439,50.7326932794341,55.0277918140475,54.7751389590702,61.5462354724608,28.1455280444669,59.0702374936837
"1734",2025,"B. Shapen","Mississippi State",28.1455280444669,40.3233956543709,16.3213744315311,24.2546740778171,66.5487620010106,57.8069732187974,0.859019706922692,10.4598281960586,28.4487114704396
"1735",2025,"B. Sorsby","Cincinnati",85.4977261243052,91.9656392117231,69.7321879737241,85.144012127337,92.5720060636685,91.510864072764,92.7741283476503,96.2607377463365,78.322385042951
"1736",2025,"B. Underwood","Michigan",78.878221323901,41.4855987872663,65.4876200101061,58.3628094997473,25.366346639717,33.7544214249621,79.2319353208691,59.2470944921678,26.4274886306215
"1737",2025,"C. Bailey","NC State",75.088428499242,81.455280444669,73.3198585144012,79.8383021728146,73.6230419403739,87.2157655381506,73.2693279434058,64.4012127337039,37.2410308236483
"1738",2025,"C. Beck","Miami",83.9818089944416,75.2905507832238,79.4340576048509,78.2213239009601,62.4052551793835,90.9044972208186,15.7655381505811,84.9924204143507,25.1136937847398
"1739",2025,"C. Boley","Kentucky",74.5578575037898,66.6498231430015,50.1010611419909,63.2642748863062,67.0035371399697,61.2430520464881,73.7746336533603,27.0085901970692,36.7357251136938
"1740",2025,"C. Brown","Georgia State",87.5189489641233,94.3911066195048,88.5800909550278,90.955027791814,90.1970692268823,73.7241030823648,90.9044972208186,89.0348660939869,96.5133906013138
"1741",2025,"C. Carr","Notre Dame",90.6013137948459,74.5325922182921,91.6119252147549,72.8145528044467,69.0247599797878,76.5032844871147,42.4962102071753,78.9287518948964,47.7008590197069
"1742",2025,"C. Creel","Jacksonville State",47.9029813036887,42.9509853461344,10.9146033350177,64.2748863062153,19.6563921172309,23.7493683678626,93.9363314805457,25.0631632137443,48.4588175846387
"1743",2025,"C. Jenkins","Rice",3.28448711470439,23.6988377968671,6.94795351187468,19.55533097524,38.7064173825164,38.4032339565437,18.2920667003537,27.3117736230419,92.9257200606367
"1744",2025,"C. Jones","Nevada",31.6321374431531,13.744315310763,21.3491662455786,12.6831733198585,25.9727134916625,20.8691258211218,19.0500252652855,72.2081859525013,68.4689236988378
"1745",2025,"C. Joseph","Old Dominion",66.422435573522,72.6124305204649,66.144517433047,86.3062152602324,37.544214249621,74.0272865083375,93.4310257705912,66.422435573522,25.4674077817079
"1746",2025,"C. Klubnik","Clemson",54.2950985346134,41.6371905002527,27.3875694795351,62.7084386053562,20.3638201111673,58.3628094997473,9.49974734714503,79.1308741788782,45.3259221829207
"1747",2025,"C. Morris","Virginia",45.9828196058616,55.8868115209702,34.2597271349166,47.599797877716,63.9211723092471,51.8948964123295,82.7690752905508,83.577564426478,57.200606366852
"1748",2025,"C. Payton","North Dakota State",98.4840828701364,97.3724103082365,97.2208185952501,97.9282465891865,84.133400707428,91.3592723597777,97.877716018191,22.7387569479535,81.4047498736736
"1749",2025,"C. Rio-Wilson","Marshall",75.4926730672057,63.8201111672562,54.9267306720566,86.7104598281961,21.4249621020718,68.4689236988378,53.0065689742294,76.3516927741283,69.6311268317332
"1750",2025,"C. Veltkamp","Florida Atlantic",40.5255179383527,44.8206164729661,54.7751389590702,17.3319858514401,82.2637695805963,56.9479535118747,52.2486104092976,78.0192016169783,1.0611419909045
"1751",2025,"C. Weigman","Houston",73.7746336533603,48.3072258716523,62.0515411824154,35.5735219807984,61.8494188984335,63.7190500252653,60.2324406265791,79.1814047498737,4.04244567963618
"1752",2025,"C. Williams","Sacramento State",35.7756442647802,65.9929257200606,42.4204143506822,25.1642243557352,89.8938858009096,37.9989893885801,92.2688226376958,6.16472966144518,50.6316321374431
"1753",2025,"D. Allar","Penn State",75.0378979282466,55.3309752400202,32.9711975745326,67.6604345629106,37.3420919656392,44.0121273370389,61.6472966144517,80.3941384537645,94.3405760485093
"1754",2025,"D. Curry","Colorado State",45.022738756948,51.4906518443658,24.2799393633148,21.2228398180899,92.3193532086913,40.4244567963618,26.2758969176352,72.9156139464376,46.3365336028297
"1755",2025,"D. Dampier","Utah",79.0298130368873,84.3860535624053,44.1637190500253,65.8918645780697,92.2182920667004,83.2743810005053,95.9070237493684,88.8327438100051,69.1763516927741
"1756",2025,"D. Deshields","Kent State",28.600303183426,58.1606872157655,53.5118746841839,88.7822132390096,19.7574532592218,63.1632137443153,36.4830722587165,55.9120768064679,49.722081859525
"1757",2025,"D. Finn","Miami (OH)",53.0823648307226,52.956038403234,44.3153107630116,77.6654876200101,17.7867609903992,48.8630621526023,56.4931783729156,59.5250126326427,67.2056594239515
"1758",2025,"D. Lagway","Florida",25.5179383527034,20.5154118241536,33.5017685699848,56.5942395149065,4.19403739262254,13.4411318847903,38.1505811015665,52.6275896917635,8.38807478524507
"1759",2025,"D. Lindsey","Minnesota",44.4416371905003,49.5199595755432,37.8979282465892,38.1505811015665,64.7296614451743,59.3228903486609,22.9408792319353,69.833249115715,71.7028802425467
"1760",2025,"D. Lonergan","Boston College",47.2966144517433,34.5629105608893,26.4022233451238,37.2915613946438,36.4830722587165,50.277918140475,7.98383021728145,63.0621526023244,45.8817584638706
"1761",2025,"D. Mensah","Duke",70.389085396665,76.6043456291056,55.5836280949975,58.8681152097019,85.0429509853461,92.0161697827185,23.799898938858,70.8438605356241,41.0813542193027
"1762",2025,"D. Mestemaker","North Texas",92.4709449216776,89.0853966649823,89.2369883779687,93.1783729156139,65.3360282971198,96.5133906013138,33.9565437089439,86.3567458312279,21.4754926730672
"1763",2025,"D. Moore","Oregon",71.4502273875695,64.3759474482062,57.6048509348156,69.7321879737241,52.8044466902476,83.9818089944416,38.100050530571,84.6134411318848,25.8716523496715
"1764",2025,"D. Pavia","Vanderbilt",97.2713491662456,94.2395149065184,89.4391106619505,97.4229408792319,59.3228903486609,96.7155128852956,95.199595755432,51.1874684183931,32.7943405760485
"1765",2025,"D. Pyne","Bowling Green",15.032844871147,6.51844365841334,5.15411824153613,1.51591712986356,44.1637190500253,9.90399191510864,50.3284487114704,9.47448206164729,65.9423951490652
"1766",2025,"D. Raiola","Nebraska",76.5790803436079,55.2804446690248,57.5290550783224,36.9378473976756,79.9898938858009,61.6472966144517,32.5416877210712,8.84284992420414,32.0363820111167
"1767",2025,"D. Williams","Kennesaw State",36.4830722587165,56.9479535118747,26.5790803436079,37.9484588175846,78.0192016169783,43.8605356240526,58.0090955027792,79.7625063163214,97.1197574532592
"1768",2025,"D. Williams","Washington",90.9044972208186,76.8064679130874,77.3117736230419,74.9873673572511,71.6523496715513,74.5831227892875,94.744820616473,29.156139464376,32.9459322890349
"1769",2025,"E. Brown","Stanford",48.8125315816069,41.9909044972208,32.5922182920667,63.466397170288,26.6296109146033,37.2410308236483,29.5098534613441,7.32693279434058,98.1808994441637
"1770",2025,"E. Grunkemeyer","Penn State",43.5320869125821,39.5149065184437,56.6953006568974,38.3021728145528,42.8499242041435,51.5917129863567,7.93329964628601,42.5720060636685,87.3673572511369
"1771",2025,"E. Holstein","Pittsburgh",40.3233956543709,65.2349671551289,57.0237493683679,74.6841839312784,47.5492673067206,49.9747347145023,47.8019201616978,69.6563921172309,80.1920161697827
"1772",2025,"E. Simon","Temple",66.144517433047,78.6255684689237,61.0409297625063,89.1864578069732,49.6210207175341,82.3143001515917,46.2354724608388,62.3799898938858,93.9868620515412
"1773",2025,"E. Vasko","Liberty",49.9494694290045,39.0096008084891,61.2430520464881,38.8580090955028,41.8393127842345,25.8716523496715,79.7372410308236,67.155128852956,13.188479029813
"1774",2025,"E. Warner","Fresno State",80.44466902476,40.9297625063163,71.1975745325922,79.2319353208691,12.0768064679131,40.6265790803436,72.9156139464376,50.1010611419909,4.5477513895907
"1775",2025,"F. Mendoza","Indiana",98.3830217281455,94.188984335523,97.1197574532592,90.8539666498231,91.4098029307731,93.9868620515412,93.2289034866094,45.7806973218797,54.6740778170793
"1776",2025,"G. Crowder","Troy",22.7134916624558,14.4517433046993,21.7786760990399,29.610914603335,10.611419909045,11.7230924709449,51.5917129863567,5.86154623547246,83.3754421424962
"1777",2025,"G. James","Boston College",24.4062657908034,41.232945932289,45.8817584638706,31.7837291561395,55.6341586659929,42.900454775139,45.6291056088934,4.49722081859525,60.1313794845882
"1778",2025,"G. Johnson","Oregon State",10.6619504800404,1.41485598787267,0.960080848913591,5.15411824153613,2.02122283981809,11.1672561899949,15.5128852956038,39.11066195048,84.3355229914098
"1779",2025,"G. Jordan","Massachusetts",16.8266801414856,14.6538655886811,5.22991409802931,31.0257705912077,7.93329964628601,14.4012127337039,67.1045982819606,12.8347650328449,93.3804951995958
"1780",2025,"G. Loftis","Charlotte",4.19403739262254,6.77109651339061,3.68873168266801,2.98130368873168,35.9272359777665,8.43860535624053,11.622031328954,12.3294593228903,47.6503284487115
"1781",2025,"G. Lopez","North Carolina",59.1207680646791,37.9484588175846,27.4381000505306,31.3794845881758,49.166245578575,46.3870641738252,5.05305709954522,29.9646286003032,28.600303183426
"1782",2025,"G. Nussmeier","LSU",50.0252652854977,45.022738756948,44.0626579080344,54.4214249621021,32.8954017180394,49.2673067205659,43.1025770591208,65.3360282971198,70.9954522486104
"1783",2025,"G. Stockton","Georgia",82.9206670035371,72.3597776654876,40.0960080848914,55.5836280949975,82.8196058615462,80.7983830217281,77.5138959070238,75.8969176351693,67.710965133906
"1784",2025,"G. Wimsatt","Jacksonville State",27.4381000505306,36.4325416877211,5.35624052551794,21.0712481051036,59.9797877716018,21.6270843860536,78.5245073269328,74.0020212228398,93.5320869125821
"1785",2025,"H. King","Georgia Tech",89.8938858009096,81.4047498736736,58.4638706417383,87.5694795351187,57.099545224861,85.144012127337,94.4416371905002,92.2688226376958,43.6078827690753
"1786",2025,"H. Simmons","Wisconsin",30.2172814552804,0.505305709954518,12.0768064679131,0.101061141990899,15.2602324406266,7.27640222334512,2.37493683678626,77.7160181910056,12.9358261748358
"1787",2025,"H. Watson","Sam Houston",39.66649823143,25.0126326427489,43.0520464881253,85.5987872662961,1.51591712986356,18.1910055583628,55.6341586659929,12.4810510358767,62.1526023244063
"1788",2025,"J. Aguilar","Tennessee",90.2981303688732,81.3542193026781,84.2344618494189,76.4527539161192,81.8595250126326,89.0853966649823,50.2273875694795,64.4012127337039,30.722587165235
"1789",2025,"J. Arnold","Auburn",31.5816068721577,25.3158160687216,13.2390096008085,31.5310763011622,24.7599797877716,11.2683173319859,85.4471955533098,2.02122283981809,92.7741283476503
"1790",2025,"J. Brousseau","Colorado State",36.9378473976756,38.4032339565437,9.65133906013138,45.8817584638706,33.4007074279939,32.8954017180394,58.5144012127337,10.3840323395654,88.8327438100051
"1791",2025,"J. Clark","Missouri State",72.6124305204649,79.0803436078828,71.0712481051036,69.0247599797878,82.6174835775644,84.8913592723598,52.6023244062658,6.92268822637696,49.4188984335523
"1792",2025,"J. Daniels","Kansas",78.1707933299646,69.2268822637696,78.8529560384032,80.44466902476,44.0121273370389,59.4744820616473,93.1278423446185,63.4411318847903,32.0869125821122
"1793",2025,"J. Denegal","San Diego State",13.2137443153108,11.1167256189995,21.7281455280445,49.9747347145023,1.1622031328954,12.6326427488631,11.2683173319859,64.578069732188,40.5760485093481
"1794",2025,"J. Fagnano","UConn",88.5800909550278,94.0879231935321,71.5007579585649,93.6836786255685,86.255684689237,96.766043456291,70.5406771096513,87.0136432541688,94.8458817584639
"1795",2025,"J. French","Georgia Southern",46.6902475997979,51.8948964123295,42.8499242041435,40.0707427993936,68.4689236988378,58.8175846387064,73.4209196563921,36.4325416877211,32.5416877210712
"1796",2025,"J. Holst","Northern Illinois",1.66750884284993,9.85346134411319,1.0611419909045,8.8933804951996,22.6376958059626,15.2602324406266,22.233451237999,29.055078322385,90.6518443658413
"1797",2025,"J. Hoover","TCU",83.5270338554826,79.2319353208691,74.8357756442648,56.2910560889338,89.0348660939869,91.1066195048004,21.0207175341081,76.5285497726124,10.5103587670541
"1798",2025,"J. Kitna","UAB",68.3931278423446,54.4719555330975,40.4497220818595,19.2016169782719,89.5401718039414,57.6048509348156,54.6740778170793,59.8787266296109,19.9595755432036
"1799",2025,"J. Kohl","App State",34.8155634158666,61.6978271854472,38.8580090955028,66.144517433047,51.7433046993431,59.8281960586155,22.4861040929763,66.9024759979788,93.1783729156139
"1800",2025,"J. Labas","Central Michigan",66.0939868620516,44.1131884790298,36.2304194037393,37.6452753916119,52.400202122284,53.5624052551794,8.18595250126326,20.8185952501263,36.8367862556847
"1801",2025,"J. Layne","New Mexico",42.344618494189,42.6983324911572,34.3607882769075,39.8686205154118,49.7726124305205,36.3314805457302,76.3011622031329,22.0060636685194,44.3658413340071
"1802",2025,"J. Maiava","USC",96.4628600303183,97.8271854471955,98.0293077311774,88.7316826680141,99.3431025770591,97.6755937342092,81.9100555836281,92.2182920667004,38.0495199595755
"1803",2025,"J. Mateer","Oklahoma",31.5310763011622,27.3875694795351,16.9277412834765,22.9914098029308,41.4350682162708,24.0020212228398,45.7806973218797,45.6543708943911,12.5315816068722
"1804",2025,"J. Pesansky","Florida International",52.9055078322385,35.5735219807984,15.2097018696311,59.2723597776655,18.4941889843355,23.5977766548762,60.5356240525518,47.1955533097524,58.9691763516928
"1805",2025,"J. Raynor","Arkansas State",60.1819100555836,40.7276402223345,25.1136937847398,26.7306720565942,64.7801920161698,45.5785750378979,60.6366851945427,60.0303183425973,21.0207175341081
"1806",2025,"J. Retzlaff","Tulane",82.9711975745326,69.1763516927741,65.133906013138,72.4103082364831,58.0090955027792,81.00050530571,74.9368367862557,93.9868620515412,19.8079838302173
"1807",2025,"J. Sagapolutele","California",63.2390096008085,50.277918140475,22.2839818089944,36.8367862556847,68.2162708438605,50.4800404244568,21.4754926730672,41.5866599292572,92.066700353714
"1808",2025,"J. Sayin","Ohio State",99.1915108640728,94.4416371905002,91.0560889338049,90.4497220818595,94.1384537645275,97.4229408792319,7.8322385042951,78.5497726124305,41.9909044972208
"1809",2025,"J. Sims","Arizona State",18.7973724103082,32.3900960080849,16.2708438605356,5.86154623547246,88.1253158160687,34.967155128853,84.4871147043962,78.3981808994442,38.9085396664982
"1810",2025,"K. Anderson","Wyoming",22.9914098029308,12.8852956038403,21.1723092470945,14.300151591713,20.0101061141991,5.15411824153613,18.1910055583628,80.0909550277918,38.1505811015665
"1811",2025,"K. Drones","Virginia Tech",34.1081354219303,38.9590702374937,16.7761495704902,50.9853461344113,30.2678120262759,14.2496210207175,95.3511874684184,25.1136937847398,50.9348155634159
"1812",2025,"K. Houser","East Carolina",85.144012127337,73.9262253663466,61.4451743304699,61.7988883274381,81.3542193026781,85.3461344113188,47.9535118746842,86.8620515411824,13.3400707427994
"1813",2025,"K. Jenkins","Florida International",27.8423446184942,15.866599292572,40.6013137948459,29.9140980293077,11.8241536129358,23.6483072258717,5.60889338049519,74.633653360283,46.9429004547751
"1814",2025,"K. Jennings","SMU",61.8494188984335,50.833754421425,49.9747347145023,67.7614957049015,26.1243052046488,64.8307225871652,37.0389085396665,83.2743810005053,3.84032339565437
"1815",2025,"K. Kelly","Ball State",6.06366851945427,12.1273370389085,2.67812026275897,7.02374936836786,33.299646286003,1.46538655886812,74.5325922182921,0.303183425972708,34.1586659929257
"1816",2025,"K. Salter","Colorado",56.088933804952,70.1869631126832,46.5386558868115,58.1101566447701,75.4926730672057,48.7620010106114,89.7422940879232,15.7150075795856,83.5270338554826
"1817",2025,"L. Altmyer","Illinois",86.8620515411824,67.4077817079333,77.5644264780192,89.5907023749368,21.9807983830217,67.5593734209197,87.3673572511369,19.0247599797878,67.4583122789288
"1818",2025,"L. Fife","New Mexico State",28.322385042951,24.5073269327943,30.5709954522486,10.5608893380495,59.6260737746336,21.3239009600808,14.855987872663,41.3340070742799,25.6695300656897
"1819",2025,"L. Locke","Sam Houston",20.6164729661445,7.98383021728145,11.5715007579586,10.0050530570995,13.4411318847903,13.744315310763,24.5578575037898,60.5608893380495,80.0909550277918
"1820",2025,"L. Sellers","South Carolina",31.7837291561395,43.2541687721071,26.8569984840829,39.3127842344619,50.0757958564932,27.0843860535624,86.6093986862052,2.55179383527034,54.0171803941384
"1821",2025,"L. Szarka","Air Force",86.7862556846892,85.5987872662961,57.0237493683679,88.0242546740778,69.277412834765,67.8625568468924,90.8539666498231,33.6533602829712,60.7882769075291
"1822",2025,"L. Weaver","Hawai'i",9.65133906013138,29.7625063163214,20.5154118241536,4.49722081859525,88.2769075290551,29.3582617483578,55.1793835270339,58.4386053562405,73.8756947953512
"1823",2025,"L. Winfield","Louisiana",31.6826680141486,59.6766043456291,40.0960080848914,21.121778676099,88.7822132390096,43.7089439110662,86.9631126831733,38.4284992420414,65.588681152097
"1824",2025,"M. Alejado","Hawai'i",58.767054067711,68.7215765538151,31.4805457301668,60.2829711975745,72.5618999494694,87.822132390096,3.68873168266801,60.7630116220313,34.5629105608893
"1825",2025,"M. Buren","LSU",14.1485598787266,17.6351692774128,13.9969681657403,9.29762506316322,46.1344113188479,21.5765538150581,46.4881253158161,14.7296614451743,89.4896412329459
"1826",2025,"M. Cutforth","Boise State",27.1601819100556,10.055583628095,48.6609398686205,8.03436078827691,25.2147549267307,12.177867609904,32.289034866094,53.966649823143,58.0596260737746
"1827",2025,"M. Gronowski","Iowa",50.9348155634159,38.8074785245073,33.2743810005053,44.7700859019707,36.9378473976756,9.60080848913593,97.3724103082365,35.9019706922688,42.2435573521981
"1828",2025,"M. Heintschel","Pittsburgh",35.3208691258211,38.6053562405255,26.7812026275897,34.411318847903,46.8418393127842,44.1131884790298,51.1369378473977,11.5715007579586,34.411318847903
"1829",2025,"M. Madsen","Boise State",48.0040424456796,54.8762001010611,70.389085396665,40.3739262253663,67.6604345629106,59.2723597776655,59.0197069226882,68.9236988377969,38.2011116725619
"1830",2025,"M. Mcivor","Western Kentucky",46.4123294593229,54.5730166750884,56.5437089439111,38.2011116725619,70.6417382516422,53.1076301162203,63.7695805962607,84.8408287013643,35.3713996968166
"1831",2025,"M. Moss","Louisville",62.6073774633653,31.2278928751895,24.4567963617989,37.3926225366347,30.4699343102577,19.8079838302173,78.4234461849419,56.7458312278929,9.34815563415866
"1832",2025,"M. Murphy","Oregon State",53.8403233956544,39.5654370894391,58.1606872157655,74.0272865083375,10.9146033350177,44.4163719050025,41.4350682162708,85.977766548762,53.7645275391612
"1833",2025,"M. Nelson","UTEP",1.79383527033855,4.34562910560889,0.909550277918136,4.39615967660435,12.6831733198585,6.11419909044972,33.8049519959576,66.3466397170288,39.2117230924709
"1834",2025,"M. Reed","Texas A&M",78.8276907529055,72.1576553815058,76.2506316321374,85.5482566953007,35.6240525517938,77.5644264780192,78.1202627589692,77.1601819100556,31.177362304194
"1835",2025,"M. Washington","Maryland",38.3021728145528,41.0308236483072,29.055078322385,49.0146538655887,33.5017685699848,45.2248610409298,60.8388074785245,97.4734714502274,38.9590702374937
"1836",2025,"N. Fifita","Arizona",70.7427993936331,57.8575037897928,33.8807478524507,35.9272359777665,78.322385042951,66.8519454269833,56.5437089439111,54.6235472460839,53.5118746841839
"1837",2025,"N. Iamaleava","UCLA",60.88933804952,34.8155634158666,38.7064173825164,43.4562910560889,30.8741788782213,9.70186963112684,97.0692268822638,27.0085901970692,40.8792319353209
"1838",2025,"N. Kim","Eastern Michigan",50.6316321374431,59.1207680646791,44.5174330469934,49.2167761495705,67.8120262758969,71.0965133906013,47.5492673067206,94.9974734714502,6.16472966144518
"1839",2025,"N. Minicucci","Delaware",69.5048004042446,65.9423951490652,37.2410308236483,50.0757958564932,80.5962607377463,82.6174835775644,77.6149570490146,63.6685194542698,15.3612935826175
"1840",2025,"N. Vattiato","Middle Tennessee",26.8317331985851,27.2865083375442,19.4542698332491,44.2647801920162,16.8266801414856,43.0520464881253,11.9252147549267,63.7190500252653,65.3360282971198
"1841",2025,"O. Mccown","UTSA",26.0232440626579,50.0252652854977,13.0368873168267,59.3228903486609,35.7251136937847,42.8499242041435,61.8494188984335,81.2784234461849,91.1571500757959
"1842",2025,"P. Navarro","Ohio",78.7771601819101,59.5755432036382,70.7175341081354,70.6417382516422,39.4138453764527,54.0677109651339,91.3087417887822,31.733198585144,9.80293077311774
"1843",2025,"P. Stone","Northwestern",69.1258211217787,32.844871147044,37.1905002526529,18.0394138453765,63.2137443153108,41.7382516422436,17.0793329964629,79.5856493178373,19.55533097524
"1844",2025,"R. Ashford","Wake Forest",38.4032339565437,45.7806973218797,35.4724608388075,28.6508337544214,68.6710459828196,34.9166245578575,86.1040929762506,83.9312784234462,36.1293582617484
"1845",2025,"R. Becht","Iowa State",46.0838807478524,47.1450227387569,48.1051035876705,49.6715512885296,42.900454775139,42.4456796361799,82.011116725619,53.4613441131885,31.6321374431531
"1846",2025,"R. Browne","Purdue",38.5042950985346,37.4936836786256,25.5684689236988,20.5154118241536,69.6311268317332,22.6376958059626,82.6174835775644,75.366346639717,18.8479029813037
"1847",2025,"R. Collins","Syracuse",43.3046993431026,13.5421930267812,23.1935320869126,9.24709449216776,34.5123799898939,14.3506821627084,62.2031328954017,21.9302678120263,29.9140980293077
"1848",2025,"R. Gagliano","Middle Tennessee",49.0904497220819,68.2162708438605,16.1950480040424,79.5351187468418,45.2248610409298,53.0065689742294,47.7513895907024,44.2900454775139,99.7726124305205
"1849",2025,"R. Tisdale","Western Kentucky",65.5128852956038,21.677614957049,25.2400202122284,18.7973724103082,37.0894391106619,14.855987872663,32.844871147044,56.9732187973724,34.8155634158666
"1850",2025,"S. Angeli","Syracuse",73.7241030823648,78.8276907529055,29.8130368873168,84.8913592723598,55.533097524002,68.7721071248105,12.5821121778676,63.7948458817585,88.6306215260232
"1851",2025,"S. Fox","West Virginia",5.7099545224861,25.2147549267307,6.11419909044972,18.8984335522991,41.3340070742799,30.2678120262759,17.7867609903992,19.1510864072764,83.2743810005053
"1852",2025,"S. Leavitt","Arizona State",70.4396159676604,67.710965133906,47.043961596766,71.399696816574,56.9479535118747,47.599797877716,92.9257200606367,26.0232440626579,93.0267812026276
"1853",2025,"S. Locklear","UTEP",22.1576553815058,36.5841334007074,14.7549267306721,36.3820111167256,40.3739262253663,15.3612935826175,84.8913592723598,29.9140980293077,57.3521980798383
"1854",2025,"S. Robertson","Baylor",70.5659423951491,53.1076301162203,35.7251136937847,66.4477008590197,33.0469934310258,60.1819100555836,72.8650833754421,76.5285497726124,6.41738251642243
"1855",2025,"T. Castellanos","Florida State",59.9292572006064,79.6867104598282,58.9186457806973,57.3521980798383,90.4497220818595,74.7852450732693,91.4098029307731,48.7367357251137,37.7463365336028
"1856",2025,"T. Chambliss","Ole Miss",86.1798888327438,84.133400707428,75.1642243557352,85.9019706922688,71.6018191005558,93.3299646286003,80.0404244567964,89.5401718039414,71.955533097524
"1857",2025,"T. Finley","Georgia State",22.3850429509853,35.1692774128348,38.377968671046,22.8903486609399,56.1899949469429,42.7488630621526,23.5472460838807,63.6179888832744,73.9767559373421
"1858",2025,"T. Gleason","Toledo",74.5578575037898,66.5487620010106,43.7089439110662,88.4790298130369,28.044466902476,66.5487620010106,63.6179888832744,92.1172309247094,42.6478019201617
"1859",2025,"T. Green","Arkansas",87.3168266801415,79.4845881758464,86.0535624052552,82.9711975745326,67.2561899949469,54.5730166750884,99.2925720060637,26.6801414855988,3.53713996968166
"1860",2025,"T. Hudson","Coastal Carolina",9.09550277918141,12.6831733198585,4.57301667508843,5.76048509348156,43.355229914098,8.08489135927236,55.0277918140475,46.8418393127842,32.9964628600303
"1861",2025,"T. Jackson","UCF",64.855987872663,52.5517938352703,34.2091965639212,53.3602829711976,48.4588175846387,51.1369378473977,66.144517433047,71.4502273875695,55.2299140980293
"1862",2025,"T. Kilcrease","Troy",11.6725618999495,29.4593228903487,20.5659423951491,14.6033350176857,56.4426478019202,40.2728650833754,13.4916624557857,2.17281455280445,57.7059120768065
"1863",2025,"T. Kukuk","Louisiana Tech",26.5538150581102,22.2839818089944,4.04244567963618,3.43607882769076,83.021728145528,6.31632137443153,89.4896412329459,34.0576048509348,63.6685194542698
"1864",2025,"T. Lateef","Nebraska",54.6740778170793,43.0015159171299,30.3183425972714,56.0384032339565,30.8236483072259,37.0894391106619,56.6953006568974,70.3385548256695,98.989388580091
"1865",2025,"T. Roberson","Buffalo",9.55027791814047,5.55836280949975,1.51591712986356,7.52905507832239,10.7124810510359,10.611419909045,19.7069226882264,13.9464375947448,45.2248610409298
"1866",2025,"T. Simpson","Alabama",68.0646791308742,56.3415866599293,72.3597776654876,60.4345629105609,47.8019201616978,74.3810005053057,36.7862556846892,52.0970186963113,16.3213744315311
"1867",2025,"W. Eget","San José State",62.4305204648812,58.6154623547246,49.8736735725114,61.4451743304699,50.833754421425,76.2506316321374,16.2708438605356,99.0904497220819,7.12481051035877
"1868",2025,"W. Hammond","Texas Tech",47.0692268822638,48.2566953006569,5.00252652854978,52.8549772612431,40.6265790803436,30.0656897422941,73.6230419403739,92.4456796361799,93.5826174835776
"1869",2025,"Z. Eckhaus","Washington State",59.4492167761496,41.1318847902981,15.6392117230925,44.921677614957,38.8074785245073,31.8847902981304,74.6841839312784,56.088933804952,22.789287518949
"1870",2025,"Z. Flores","Oklahoma State",2.98130368873168,5.86154623547246,11.9757453259222,3.73926225366347,24.2041435068216,1.66750884284993,63.4158665992926,48.4588175846387,57.1500757958565
"1871",2026,"A. Armenta","UL Monroe",78.2213239009601,83.1733198585144,39.4896412329459,95.3511874684184,32.2385042950985,61.6978271854472,25.8716523496715,72.966144517433,99.2420414350682
"2100",2026,"A. Colandrea","Nebraska",97.9787771601819,97.1197574532592,94.744820616473,98.0798383021728,80.1920161697827,71.6018191005558,85.7503789792825,86.5841334007074,96.1596766043456
"3100",2026,"A. Daniels","Florida State",85.5987872662961,93.8858009095503,87.3168266801415,90.3486609398686,91.8645780697322,60.0808489135927,86.3567458312279,15.0075795856493,86.811520970187
"4100",2026,"A. Johnson","Kansas State",96.2102071753411,96.1091460333502,75.088428499242,93.7847397675594,94.8964123294593,64.9823143001516,78.878221323901,99.9242041435068,96.867104598282
"5100",2026,"A. Manning","Texas",70.7933299646286,58.8681152097019,62.7084386053562,54.0171803941384,59.8281960586155,50.9348155634159,29.2572006063669,19.7574532592218,91.7129863567458
"6100",2026,"A. Mendoza","Georgia Tech",94.2900454775139,69.277412834765,97.1702880242547,83.9818089944416,39.11066195048,46.6902475997979,44.6184941889843,25.4674077817079,77.0085901970692
"7100",2026,"A. Milivojevic","Michigan State",80.8994441637191,30.3688731682668,70.9954522486104,35.2198079838302,32.289034866094,25.922182920667,43.0520464881253,6.11419909044972,84.2344618494189
"8100",2026,"A. Philo","Florida",98.989388580091,97.6250631632137,94.2395149065184,98.989388580091,75.8969176351693,76.3011622031329,52.8549772612431,79.0298130368873,97.2713491662456
"9100",2026,"A. Simmons","Missouri",95.7049014653866,97.6755937342092,94.8458817584639,92.0161697827185,96.5639211723093,80.5962607377463,24.0525517938353,84.5123799898939,98.3830217281455
"10100",2026,"B. Atkinson","Oregon State",94.6437594744821,92.6730672056594,53.9161192521475,92.7235977766549,84.5376452753916,81.5058110156645,30.4699343102577,86.3062152602324,90.3486609398686
"11100",2026,"B. Brown","Auburn",52.5012632642749,39.3127842344619,14.9065184436584,25.5684689236988,61.6472966144517,22.0313289540172,84.5881758463871,6.97321879737242,62.3547246083881
"12100",2026,"B. Edwards","North Carolina",72.2587165234967,46.3870641738252,75.7453259221829,26.6296109146033,75.4421424962102,40.0202122283982,44.6690247599798,32.0363820111167,92.622536634664
"13100",2026,"B. Jackson","Texas State",96.7155128852956,96.6649823143001,98.8883274381,95.8564931783729,89.388580090955,78.3729156139464,48.5598787266296,91.510864072764,83.577564426478
"14100",2026,"B. Lowry","Western Michigan",81.455280444669,40.9802930773118,8.43860535624053,69.9343102577059,15.866599292572,26.8317331985851,53.7645275391612,37.8473976755937,99.4946942900455
"15100",2026,"B. Pribula","Virginia",76.200101061142,64.6791308741789,21.677614957049,77.4633653360283,41.5361293582618,38.655886811521,49.0651844365841,1.81910055583628,98.1303688731683
"16100",2026,"B. Underwood","Michigan",79.9898938858009,69.8837796867105,46.3870641738252,67.8120262758969,67.9636179888833,52.0464881253158,56.8974229408792,39.9191510864073,82.7690752905508
"17100",2026,"C. Bailey","NC State",83.7796867104598,87.9231935320869,78.6255684689237,71.1975745325922,94.3405760485093,71.3491662455786,45.0732693279434,80.8994441637191,77.6149570490146
"1872",2026,"C. Boley","Arizona State",74.633653360283,51.3895907023749,24.6589186457807,87.3673572511369,9.04497220818595,43.6078827690753,44.4163719050025,60.88933804952,79.5351187468418
"1910",2026,"C. Brown","Georgia State",96.4123294593229,94.744820616473,95.8059626073775,90.6518443658413,91.1066195048004,73.2693279434058,34.2597271349166,98.0798383021728,77.5644264780192
"2010",2026,"C. Carr","Notre Dame",96.311268317332,97.1702880242547,72.4103082364831,99.1409802930773,61.5967660434563,74.7347145022739,43.911066195048,97.9282465891865,98.8883274381
"2110",2026,"C. Coleman","James Madison",61.0409297625063,57.3521980798383,24.1536129358262,49.1157150075796,66.9024759979788,57.4027286508338,31.2784234461849,81.8342597271349,89.4391106619505
"2210",2026,"C. Creel","Jacksonville State",97.8271854471955,88.7316826680141,67.2056594239515,81.7584638706417,90.6013137948459,68.5699848408287,68.0141485598787,80.9499747347145,87.1147043961597
"2310",2026,"C. Gonzales","Charlotte",59.5250126326427,12.177867609904,38.9085396664982,35.3713996968166,4.80040424456797,22.4355735219808,8.03436078827691,80.1920161697827,46.6397170288024
"2410",2026,"C. Joseph","Wisconsin",76.0990399191511,82.8196058615462,46.8923698837797,81.9100555836281,74.7347145022739,58.2617483577564,77.766548762001,96.1091460333502,83.8807478524507
"2510",2026,"C. Pinnick","Washington State",37.5947448206165,13.2895401718039,9.14603335017685,18.7468418393128,15.5634158665993,14.6538655886811,28.1960586154623,9.65133906013138,83.4765032844871
"2610",2026,"C. Rio-Wilson","Marshall",33.0469934310258,13.8453764527539,5.7099545224861,13.0874178878221,26.5790803436079,24.7094492167761,31.2026275896918,61.899949469429,85.2450732693279
"2710",2026,"C. Veltkamp","Florida Atlantic",93.7847397675594,83.9312784234462,77.6149570490146,86.0535624052552,70.6922688226377,74.4820616472966,40.3233956543709,66.8014148559879,88.5295603840323
"2810",2026,"C. Weigman","Houston",99.44416371905,94.3405760485093,97.9787771601819,91.9151086407276,93.2794340576048,69.277412834765,66.2961091460333,84.5123799898939,88.377968671046
"2910",2026,"D. Bailey","Coastal Carolina",73.5977766548762,69.4795351187469,55.8868115209702,87.9231935320869,27.8423446184942,38.3021728145528,74.4315310763012,8.23648307225872,78.2718544719555
"3010",2026,"D. Dampier","Utah",99.0904497220819,92.8246589186458,80.6467913087418,83.4765032844871,97.1197574532592,67.710965133906,48.6609398686205,91.1066195048004,94.9974734714502
"3110",2026,"D. Deshields","Kent State",23.8504295098535,51.5917129863567,47.4482061647297,23.0419403739262,78.3729156139464,26.9833249115715,74.9873673572511,88.2769075290551,84.9418898433552
"3210",2026,"D. Lagway","Baylor",45.7301667508843,56.6953006568974,70.4901465386559,68.266801414856,39.8686205154118,49.8231430015159,36.8367862556847,90.8287013643254,93.7342091965639
"3310",2026,"D. Lindsey","Minnesota",83.021728145528,49.3683678625569,76.0485093481556,40.22233451238,60.4345629105609,40.5255179383527,29.0045477513896,98.6862051541182,73.3703890853967
"3410",2026,"D. Mccomb","Miami (OH)",96.1596766043456,99.6462860030318,98.9388580090955,97.321879737241,99.7473471450227,77.1601819100556,53.8655886811521,55.7352198079838,96.2607377463365
"3510",2026,"D. Mensah","Miami",99.9494694290046,99.3936331480546,93.3299646286003,99.5452248610409,91.3592723597777,82.5164224355735,52.5517938352703,90.3739262253663,99.7726124305205
"3610",2026,"D. Mestemaker","Oklahoma State",97.1197574532592,88.4284992420414,98.2819605861546,99.2925720060637,5.00252652854978,52.956038403234,58.7165234967155,96.1596766043456,56.4426478019202
"3710",2026,"D. Moore","Oregon",67.0540677109651,81.8089944416372,55.8868115209702,99.6462860030318,4.6488125315816,57.099545224861,26.478019201617,53.7139969681657,99.7726124305205
"3810",2026,"D. Purdie","Liberty",77.1601819100556,56.4426478019202,67.4583122789288,97.3724103082365,2.17281455280445,42.2940879231935,37.7968671045983,5.30570995452249,98.0798383021728
"3910",2026,"D. Warren","Stanford",50.1768569984841,78.4739767559373,54.4214249621021,86.4072764022233,53.8150581101566,51.0864072764022,36.6851945426983,65.8413340070743,95.7049014653866
"4010",2026,"D. Williams","Washington",77.6149570490146,62.2031328954017,67.0540677109651,91.5613946437595,11.9757453259222,41.232945932289,74.1788782213239,19.7574532592218,91.8140474987367
"4110",2026,"E. Grunkemeyer","Virginia Tech",96.0586154623547,86.1040929762506,41.4350682162708,70.8438605356241,92.2688226376958,62.1020717534108,56.2405255179383,74.7852450732693,92.5214754926731
"4210",2026,"F. Brandon","Tennessee",47.3471450227388,39.7170288024255,39.2622536634664,46.6902475997979,33.3501768569985,17.5846387064174,75.3916119252147,1.61697827185447,98.6356745831228
"4310",2026,"G. Brosterhous","Utah State",9.49974734714503,13.8959070237494,4.24456796361798,21.2733703890854,13.0874178878221,20.5154118241536,4.09297625063163,5.76048509348156,84.1839312784235
"4410",2026,"G. Crowder","Troy",41.9403739262254,31.177362304194,24.0020212228398,47.2966144517433,20.9196563921172,21.7281455280445,46.8923698837797,53.1581606872158,76.3516927741283
"4510",2026,"G. Lopez","Wake Forest",98.7872662961091,96.867104598282,94.6942900454775,95.9575543203638,92.7235977766549,69.1258211217787,82.7185447195553,61.4957049014654,97.5745325922183
"4610",2026,"G. Stockton","Georgia",99.0399191510864,96.5639211723093,78.4234461849419,89.7928246589186,98.6356745831228,68.822637695806,41.7382516422436,69.277412834765,98.5851440121273
"4710",2026,"H. Brown","Iowa",85.1945426983325,60.7882769075291,52.0717534108135,58.6154623547246,58.5144012127337,50.9853461344113,26.0232440626579,88.6811520970187,94.7953511874684
"4810",2026,"I. Marshall","Kansas",55.8362809499747,77.210712481051,73.8251642243557,75.1389590702375,69.3784739767559,51.4401212733704,77.8170793329965,71.5007579585649,89.0853966649823
"4910",2026,"J. Arnold","UNLV",66.5992925720061,70.4396159676604,52.3496715512885,70.2880242546741,63.1126831733199,42.3951490651844,71.1470439615968,10.8640727640222,98.433552299141
"5010",2026,"J. Craig","TCU",55.0277918140475,60.3840323395654,45.4269833249116,64.8307225871652,50.1263264274886,58.767054067711,21.677614957049,23.5977766548762,74.3304699343102
"5110",2026,"J. Denegal","San Diego State",35.0934815563416,30.2172814552804,10.9903991915109,11.1167256189995,71.2986356745831,19.7574532592218,17.988883274381,57.2764022233451,69.1258211217787
"5210",2026,"J. French","Cincinnati",96.867104598282,82.0616472966145,80.2930773117736,85.3461344113188,66.0939868620516,55.8868115209702,65.7402728650834,46.4375947448206,97.4734714502274
"5310",2026,"J. Hoover","Indiana",99.2925720060637,98.8377968671046,99.6462860030318,92.5720060636685,99.1915108640728,72.1071248105104,49.6210207175341,60.2829711975745,99.7726124305205
"5410",2026,"J. Kastantin","Bowling Green",60.2829711975745,35.1187468418393,12.4305204648813,51.0358767054068,25.0126326427489,41.9909044972208,12.177867609904,81.8342597271349,87.3168266801415
"5510",2026,"J. Kohl","Florida International",71.5007579585649,49.4188984335523,72.966144517433,71.7534108135422,26.932794340576,39.8686205154118,43.8100050530571,96.0080848913593,57.5543203638201
"5610",2026,"J. Maiava","USC",99.3936331480546,97.4229408792319,81.1520970186963,96.6144517433047,93.1783729156139,88.6811520970187,15.9676604345629,93.7342091965639,91.2582112177868
"5710",2026,"J. Mandal","Fresno State",84.7397675593734,59.4744820616473,52.8044466902476,88.0747852450733,19.4037392622537,55.3309752400202,21.8292066700354,85.3966649823143,94.9469429004548
"5810",2026,"J. Mateer","Oklahoma",46.033350176857,51.1874684183931,23.2945932289035,67.8625568468924,30.2172814552804,49.4694290045477,19.3026781202628,48.2061647296615,81.9605861546236
"5910",2026,"J. Raynor","Iowa State",77.766548762001,83.6280949974735,55.1793835270339,89.0853966649823,62.2031328954017,54.6740778170793,42.799393633148,78.7013643254169,93.9363314805457
"6010",2026,"J. Richter","Toledo",87.0641738251642,93.6836786255685,95.4522486104093,98.2314300151592,56.6953006568974,75.8969176351693,21.4249621020718,98.5851440121273,99.44416371905
"6110",2026,"J. Sagapolutele","California",35.0176856998484,32.7943405760485,23.4461849418898,42.7488630621526,27.5391611925215,29.7625063163214,21.5260232440627,77.0085901970692,73.0166750884285
"6210",2026,"J. Sayin","Ohio State",99.6462860030318,99.1915108640728,94.0373926225366,99.7473471450227,78.5750378979282,85.5987872662961,46.6902475997979,48.6104092976251,99.5452248610409
"6310",2026,"J. Sharman","Sacramento State",56.5942395149065,21.1723092470945,31.8342597271349,34.6134411318848,17.1298635674583,27.4381000505306,16.8266801414856,86.5841334007074,65.2349671551289
"6410",2026,"K. Farrar","Colorado State",44.8458817584639,53.966649823143,5.10358767054068,17.433046993431,89.3380495199596,44.1637190500253,33.1985851440121,99.2925720060637,98.8377968671046
"6510",2026,"K. Houser","Illinois",97.4734714502274,92.066700353714,92.0161697827185,96.766043456291,57.8069732187974,63.6179888832744,68.7215765538151,83.1733198585144,95.2501263264275
"6610",2026,"K. Jackson","Arkansas",81.1520970186963,40.6265790803436,27.5138959070237,23.5472460838807,71.1470439615968,31.6321374431531,36.1293582617484,48.8630621526023,79.4845881758464
"6710",2026,"K. Jennings","SMU",98.6356745831228,95.4017180394138,92.3193532086913,92.1172309247094,95.755432036382,81.5563415866599,21.7786760990399,82.6427488630622,62.8094997473472
"6810",2026,"K. Luster","Ball State",39.9696816574027,35.421930267812,30.3688731682668,33.0975240020212,43.4057604850935,24.7599797877716,42.4456796361799,43.6584133400707,85.5987872662961
"6910",2026,"K. Minchey","Kentucky",73.5977766548762,44.9722081859525,32.3395654370894,91.9656392117231,0.707427993936327,49.5704901465387,19.55533097524,27.4381000505306,86.3567458312279
"7010",2026,"K. Osborne","UConn",64.6286003031834,66.144517433047,74.9873673572511,73.2187973724103,51.6422435573522,40.3739262253663,83.8302172814553,14.855987872663,73.7241030823648
"7110",2026,"K. Russell","Alabama",99.5452248610409,98.5346134411319,97.5745325922183,93.2289034866094,98.8883274381,78.0697321879737,71.2481051035877,22.8398180899444,83.6786255684689
"7210",2026,"K. Taylor","Mississippi State",98.6862051541182,95.8564931783729,96.9176351692774,88.5295603840323,97.321879737241,73.0166750884285,76.8569984840829,22.1829206670035,68.5194542698332
"7310",2026,"L. Kienholz","Louisville",97.2208185952501,95.6543708943911,91.4098029307731,98.5346134411319,66.5992925720061,73.1177362304194,68.5194542698332,36.5841334007074,94.744820616473
"7410",2026,"L. Locke","Sam Houston",70.6922688226377,57.4532592218292,31.4300151591713,75.088428499242,29.2572006063669,45.2753916119252,44.1131884790298,40.77817079333,93.8352703385548
"7510",2026,"L. Sellers","South Carolina",82.6174835775644,67.7614957049015,34.6134411318848,33.1480545730167,91.7635169277413,37.544214249621,89.2369883779687,73.3198585144012,76.6043456291056
"7610",2026,"L. Weaver","San José State",77.8676099039919,53.7139969681657,27.0843860535624,57.9585649317837,45.477513895907,61.4451743304699,10.0050530570995,65.2854977261243,71.0459828196059
"7710",2026,"L. Winfield","Louisiana",77.3117736230419,73.7241030823648,28.9034866093987,81.1015664477009,52.6023244062658,40.0707427993936,86.7609903991915,62.1526023244063,99.1409802930773
"7810",2026,"M. Alejado","Hawai'i",65.588681152097,47.2966144517433,15.4623547246084,58.4133400707428,34.3102577059121,53.3097524002021,30.0656897422941,47.5492673067206,86.8620515411824
"7910",2026,"M. Buren","South Florida",86.4072764022233,48.1051035876705,25.7200606366852,58.1606872157655,34.1586659929257,39.2622536634664,51.0358767054068,32.5922182920667,87.8726629610915
"8010",2026,"M. Heintschel","Pittsburgh",71.6018191005558,86.4072764022233,47.7513895907024,66.2961091460333,95.199595755432,70.2374936836786,12.2283981808994,87.2157655381506,97.2208185952501
"8110",2026,"M. Johnson","Georgia Southern",53.9161192521475,48.711470439616,32.7943405760485,33.7038908539666,69.5300656897423,42.1424962102072,37.544214249621,83.122789287519,90.5507832238504
"8210",2026,"M. Madsen","Boise State",97.321879737241,88.377968671046,97.9282465891865,93.077311773623,66.4477008590197,58.7165234967155,67.8120262758969,83.4007074279939,98.2819605861546
"8310",2026,"M. Mckenzie","Boston College",51.0358767054068,28.3476503284487,20.2627589691764,52.4507326932794,11.622031328954,12.1273370389085,83.1733198585144,12.0262758969176,63.2137443153108
"8410",2026,"M. Reed","Texas A&M",43.5320869125821,37.6452753916119,27.5138959070237,23.0924709449217,61.2430520464881,25.4168772107125,54.8256695300657,63.011622031329,85.5482566953007
"8510",2026,"M. Singleton","App State",92.6730672056594,90.0454775138959,79.0298130368873,91.2076806467913,77.1096513390601,75.9474482061647,7.63011622031329,90.3739262253663,97.7766548762001
"8610",2026,"M. Stokes","Memphis",98.7367357251137,98.6356745831228,96.5133906013138,99.6968165740273,60.1819100555836,77.210712481051,54.6235472460839,58.9186457806973,91.6119252147549
"8710",2026,"M. Washington","Maryland",56.2405255179383,45.6796361798888,49.166245578575,80.5962607377463,9.34815563415866,41.4350682162708,28.9540171803941,90.2475997978777,61.0409297625063
"8810",2026,"N. Fifita","Arizona",95.6038403233956,89.1359272359778,51.0864072764022,81.6068721576554,92.622536634664,73.7746336533603,61.899949469429,23.0924709449217,86.5083375442143
"8910",2026,"N. Hayes","North Dakota State",96.5639211723093,84.0828701364325,86.4072764022233,82.1627084386054,75.3916119252147,49.1157150075796,68.5699848408287,66.4982314300152,92.9762506316321
"9010",2026,"N. Iamaleava","UCLA",50.6821627084386,40.8792319353209,52.0717534108135,62.0515411824154,21.0712481051036,39.3127842344619,31.9353208691258,53.7139969681657,91.0055583628095
"9110",2026,"N. Kim","Eastern Michigan",44.8458817584639,48.7620010106114,26.6801414855988,28.3476503284487,76.9580596260738,36.3820111167256,24.4567963617989,90.8287013643254,94.2900454775139
"9210",2026,"N. Minicucci","Delaware",61.1925214754927,48.6609398686205,39.4896412329459,50.0252652854977,44.5679636179889,35.1692774128348,55.3815058110157,27.1349166245579,90.7023749368368
"9310",2026,"R. Becht","Penn State",61.899949469429,73.7746336533603,51.5917129863567,82.011116725619,51.7938352703386,60.6366851945427,30.2678120262759,75.4926730672057,91.9151086407276
"9410",2026,"R. Browne","Purdue",95.3511874684184,84.2344618494189,82.5164224355735,95.0480040424457,35.2703385548257,66.3971702880243,31.4300151591713,53.7139969681657,87.4178878221324
"9510",2026,"R. Burton","UAB",78.5750378979282,80.5457301667509,69.8079838302173,62.4052551793835,82.1121778676099,49.2167761495705,70.8943911066195,5.91207680646791,97.321879737241
"9610",2026,"R. Collins","Kennesaw State",88.2516422435573,44.3153107630116,34.8155634158666,64.3254168772107,13.6432541687721,42.2435573521981,56.0384032339565,94.0373926225366,94.3911066195048
"9710",2026,"R. Gagliano","Middle Tennessee",37.1399696816574,47.1955533097524,14.6538655886811,69.4795351187469,20.8185952501263,40.8287013643254,33.1480545730167,82.6427488630622,98.3324911571501
"9810",2026,"R. Tisdale","Western Kentucky",56.7458312278929,56.3921172309247,46.7913087417888,17.8878221323901,91.6624557857504,54.0171803941384,26.6801414855988,15.9171298635675,69.7321879737241
"9910",2026,"S. Angeli","Syracuse",36.8873168266801,42.1424962102072,19.4037392622537,65.7402728650834,14.7043961596766,37.1399696816574,24.7599797877716,28.6508337544214,88.6811520970187
"10010",2026,"S. Leavitt","LSU",95.4522486104093,81.8595250126326,96.9681657402729,62.3547246083881,91.2076806467913,52.1475492673067,79.8383021728146,68.3678625568469,27.2865083375442
"10110",2026,"T. Chambliss","Ole Miss",96.8165740272865,86.5588681152097,47.2460838807479,93.8858009095503,45.8312278928752,64.6791308741789,70.6417382516422,92.8751894896412,82.7185447195553
"10210",2026,"T. Dickens","Northern Illinois",68.6205154118241,27.0338554825669,27.9434057604851,30.5204648812532,30.5709954522486,41.1318847902981,27.4381000505306,6.21526023244062,87.1652349671551
"10310",2026,"T. Hedden","New Mexico State",34.6639717028802,56.644770085902,44.9722081859525,3.68873168266801,99.1409802930773,48.6609398686205,41.9909044972208,66.9530065689742,70.8438605356241
"10410",2026,"T. Hughes","Wyoming",49.7726124305205,21.4754926730672,55.8868115209702,42.2940879231935,12.8347650328449,15.2097018696311,66.5992925720061,25.6947953511875,55.3815058110157
"10510",2026,"T. Jackson","North Texas",98.433552299141,98.8883274381,99.9494694290046,97.1702880242547,97.1702880242547,85.1945426983325,52.7539161192522,97.2713491662456,88.9843355229914
"10610",2026,"T. Owens","Arkansas State",95.4017180394138,66.2961091460333,88.2769075290551,80.6973218797372,37.2915613946438,45.3764527539161,60.7377463365336,64.2748863062153,75.4421424962102
"10710",2026,"T. Reynolds","Clemson",44.0626579080344,12.8347650328449,3.94138453764528,32.3900960080849,5.25517938352703,25.2147549267307,7.47852450732693,6.26579080343608,82.6680141485599
"10810",2026,"W. Hammond","Texas Tech",84.2849924204144,63.2137443153108,40.3233956543709,58.2617483577564,68.8731682668014,47.1450227387569,43.3046993431026,59.77766548762,75.4926730672057
"10910",2026,"W. Watson","Massachusetts",69.833249115715,87.266296109146,82.1121778676099,85.4977261243052,79.5351187468418,55.3815058110157,71.4502273875695,80.5962607377463,95.9070237493684
